Campus,Categoria,Label,Valor,Timestamp,Modalidade
Todas as unidades,tipo,Pública Estadual,2420,2026-08-18 17:45:00.000000,INT
Todas as unidades,tipo,Pública Municipal,2233,2026-08-18 17:45:00.000000,INT
Todas as unidades,tipo,Privada,1357,2026-08-18 17:45:00.000000,INT
Todas as unidades,tipo,Pública Federal,19,2026-08-18 17:45:00.000000,INT
Todas as unidades,area,Urbana,5976,2026-08-18 17:45:00.000000,INT
Todas as unidades,area,Rural,53,2026-08-18 17:45:00.000000,INT
Todas as unidades,cidade,Belo Horizonte - MG,783,2026-08-18 17:45:00.000000,INT
Todas as unidades,cidade,Betim - MG,473,2026-08-18 17:45:00.000000,INT
Todas as unidades,cidade,Ribeirão das Neves - MG,356,2026-08-18 17:45:00.000000,INT
Todas as unidades,cidade,Contagem - MG,318,2026-08-18 17:45:00.000000,INT
Todas as unidades,cidade,Santa Luzia - MG,279,2026-08-18 17:45:00.000000,INT
Todas as unidades,cidade,Sabará - MG,276,2026-08-18 17:45:00.000000,INT
Todas as unidades,cidade,Conselheiro Lafaiete - MG,252,2026-08-18 17:45:00.000000,INT
Todas as unidades,cidade,Ipatinga - MG,237,2026-08-18 17:45:00.000000,INT
Todas as unidades,cidade,Ouro Preto - MG,237,2026-08-18 17:45:00.000000,INT
Todas as unidades,cidade,Itabirito - MG,234,2026-08-18 17:45:00.000000,INT
Todas as unidades,cidade,Ponte Nova - MG,218,2026-08-18 17:45:00.000000,INT
Todas as unidades,cidade,Governador Valadares - MG,200,2026-08-18 17:45:00.000000,INT
Todas as unidades,cidade,Congonhas - MG,169,2026-08-18 17:45:00.000000,INT
Todas as unidades,cidade,Ouro Branco - MG,144,2026-08-18 17:45:00.000000,INT
Todas as unidades,cidade,Ibirité - MG,143,2026-08-18 17:45:00.000000,INT
Arcos,tipo,Pública Estadual,44,2026-08-18 17:45:00.000000,INT
Arcos,tipo,Privada,21,2026-08-18 17:45:00.000000,INT
Arcos,tipo,Pública Municipal,3,2026-08-18 17:45:00.000000,INT
Arcos,area,Urbana,65,2026-08-18 17:45:00.000000,INT
Arcos,area,Rural,3,2026-08-18 17:45:00.000000,INT
Arcos,cidade,Arcos - MG,62,2026-08-18 17:45:00.000000,INT
Arcos,cidade,Natal - RN,1,2026-08-18 17:45:00.000000,INT
Arcos,cidade,Doresópolis - MG,1,2026-08-18 17:45:00.000000,INT
Arcos,cidade,Japaraíba - MG,1,2026-08-18 17:45:00.000000,INT
Arcos,cidade,Acrelândia - AC,1,2026-08-18 17:45:00.000000,INT
Arcos,cidade,Iguatama - MG,1,2026-08-18 17:45:00.000000,INT
Arcos,cidade,Outra - OU,1,2026-08-18 17:45:00.000000,INT
Bambuí,tipo,Pública Estadual,78,2026-08-18 17:45:00.000000,INT
Bambuí,tipo,Pública Municipal,26,2026-08-18 17:45:00.000000,INT
Bambuí,tipo,Privada,21,2026-08-18 17:45:00.000000,INT
Bambuí,area,Urbana,114,2026-08-18 17:45:00.000000,INT
Bambuí,area,Rural,11,2026-08-18 17:45:00.000000,INT
Bambuí,cidade,Bambuí - MG,50,2026-08-18 17:45:00.000000,INT
Bambuí,cidade,Iguatama - MG,11,2026-08-18 17:45:00.000000,INT
Bambuí,cidade,Medeiros - MG,9,2026-08-18 17:45:00.000000,INT
Bambuí,cidade,Luz - MG,6,2026-08-18 17:45:00.000000,INT
Bambuí,cidade,Campos Altos - MG,5,2026-08-18 17:45:00.000000,INT
Bambuí,cidade,Arcos - MG,4,2026-08-18 17:45:00.000000,INT
Bambuí,cidade,Córrego Danta - MG,3,2026-08-18 17:45:00.000000,INT
Bambuí,cidade,Piumhi - MG,3,2026-08-18 17:45:00.000000,INT
Bambuí,cidade,Santa Rosa da Serra - MG,3,2026-08-18 17:45:00.000000,INT
Bambuí,cidade,Pompéu - MG,3,2026-08-18 17:45:00.000000,INT
Bambuí,cidade,Araxá - MG,2,2026-08-18 17:45:00.000000,INT
Bambuí,cidade,Japaraíba - MG,2,2026-08-18 17:45:00.000000,INT
Bambuí,cidade,Contagem - MG,2,2026-08-18 17:45:00.000000,INT
Bambuí,cidade,Outra - OU,2,2026-08-18 17:45:00.000000,INT
Bambuí,cidade,Ibiá - MG,2,2026-08-18 17:45:00.000000,INT
Betim,tipo,Pública Municipal,480,2026-08-18 17:45:00.000000,INT
Betim,tipo,Privada,219,2026-08-18 17:45:00.000000,INT
Betim,tipo,Pública Estadual,136,2026-08-18 17:45:00.000000,INT
Betim,tipo,Pública Federal,3,2026-08-18 17:45:00.000000,INT
Betim,area,Urbana,838,2026-08-18 17:45:00.000000,INT
Betim,cidade,Betim - MG,455,2026-08-18 17:45:00.000000,INT
Betim,cidade,Contagem - MG,254,2026-08-18 17:45:00.000000,INT
Betim,cidade,Belo Horizonte - MG,54,2026-08-18 17:45:00.000000,INT
Betim,cidade,Outra - OU,23,2026-08-18 17:45:00.000000,INT
Betim,cidade,São Joaquim de Bicas - MG,11,2026-08-18 17:45:00.000000,INT
Betim,cidade,Igarapé - MG,10,2026-08-18 17:45:00.000000,INT
Betim,cidade,Juatuba - MG,6,2026-08-18 17:45:00.000000,INT
Betim,cidade,Sarzedo - MG,4,2026-08-18 17:45:00.000000,INT
Betim,cidade,Esmeraldas - MG,4,2026-08-18 17:45:00.000000,INT
Betim,cidade,Nova Lima - MG,3,2026-08-18 17:45:00.000000,INT
Betim,cidade,Ribeirão das Neves - MG,1,2026-08-18 17:45:00.000000,INT
Betim,cidade,Carangola - MG,1,2026-08-18 17:45:00.000000,INT
Betim,cidade,Turmalina - MG,1,2026-08-18 17:45:00.000000,INT
Betim,cidade,Ibirité - MG,1,2026-08-18 17:45:00.000000,INT
Betim,cidade,Itabira - MG,1,2026-08-18 17:45:00.000000,INT
Congonhas,tipo,Pública Municipal,150,2026-08-18 17:45:00.000000,INT
Congonhas,tipo,Privada,51,2026-08-18 17:45:00.000000,INT
Congonhas,tipo,Pública Estadual,42,2026-08-18 17:45:00.000000,INT
Congonhas,area,Urbana,243,2026-08-18 17:45:00.000000,INT
Congonhas,cidade,Congonhas - MG,166,2026-08-18 17:45:00.000000,INT
Congonhas,cidade,Jeceaba - MG,22,2026-08-18 17:45:00.000000,INT
Congonhas,cidade,Conselheiro Lafaiete - MG,16,2026-08-18 17:45:00.000000,INT
Congonhas,cidade,São Brás do Suaçuí - MG,10,2026-08-18 17:45:00.000000,INT
Congonhas,cidade,Entre Rios de Minas - MG,9,2026-08-18 17:45:00.000000,INT
Congonhas,cidade,Belo Vale - MG,9,2026-08-18 17:45:00.000000,INT
Congonhas,cidade,Outra - OU,6,2026-08-18 17:45:00.000000,INT
Congonhas,cidade,Barrinha - SP,1,2026-08-18 17:45:00.000000,INT
Congonhas,cidade,Belo Horizonte - MG,1,2026-08-18 17:45:00.000000,INT
Congonhas,cidade,Ouro Branco - MG,1,2026-08-18 17:45:00.000000,INT
Congonhas,cidade,Guarapari - ES,1,2026-08-18 17:45:00.000000,INT
Congonhas,cidade,Barão de Cocais - MG,1,2026-08-18 17:45:00.000000,INT
Conselheiro Lafaiete,tipo,Pública Municipal,93,2026-08-18 17:45:00.000000,INT
Conselheiro Lafaiete,tipo,Pública Estadual,87,2026-08-18 17:45:00.000000,INT
Conselheiro Lafaiete,tipo,Privada,23,2026-08-18 17:45:00.000000,INT
Conselheiro Lafaiete,tipo,Pública Federal,1,2026-08-18 17:45:00.000000,INT
Conselheiro Lafaiete,area,Urbana,203,2026-08-18 17:45:00.000000,INT
Conselheiro Lafaiete,area,Rural,1,2026-08-18 17:45:00.000000,INT
Conselheiro Lafaiete,cidade,Conselheiro Lafaiete - MG,152,2026-08-18 17:45:00.000000,INT
Conselheiro Lafaiete,cidade,Carandaí - MG,21,2026-08-18 17:45:00.000000,INT
Conselheiro Lafaiete,cidade,Catas Altas da Noruega - MG,6,2026-08-18 17:45:00.000000,INT
Conselheiro Lafaiete,cidade,Caranaíba - MG,5,2026-08-18 17:45:00.000000,INT
Conselheiro Lafaiete,cidade,Cristiano Otoni - MG,3,2026-08-18 17:45:00.000000,INT
Conselheiro Lafaiete,cidade,Outra - OU,3,2026-08-18 17:45:00.000000,INT
Conselheiro Lafaiete,cidade,Jeceaba - MG,2,2026-08-18 17:45:00.000000,INT
Conselheiro Lafaiete,cidade,Queluzito - MG,2,2026-08-18 17:45:00.000000,INT
Conselheiro Lafaiete,cidade,Itaverava - MG,2,2026-08-18 17:45:00.000000,INT
Conselheiro Lafaiete,cidade,Juiz de Fora - MG,2,2026-08-18 17:45:00.000000,INT
Conselheiro Lafaiete,cidade,Ouro Branco - MG,1,2026-08-18 17:45:00.000000,INT
Conselheiro Lafaiete,cidade,Santana dos Montes - MG,1,2026-08-18 17:45:00.000000,INT
Conselheiro Lafaiete,cidade,Congonhas - MG,1,2026-08-18 17:45:00.000000,INT
Conselheiro Lafaiete,cidade,Piranga - MG,1,2026-08-18 17:45:00.000000,INT
Conselheiro Lafaiete,cidade,Rio Espera - MG,1,2026-08-18 17:45:00.000000,INT
Formiga,tipo,Pública Estadual,71,2026-08-18 17:45:00.000000,INT
Formiga,tipo,Pública Municipal,26,2026-08-18 17:45:00.000000,INT
Formiga,tipo,Privada,12,2026-08-18 17:45:00.000000,INT
Formiga,area,Urbana,107,2026-08-18 17:45:00.000000,INT
Formiga,area,Rural,2,2026-08-18 17:45:00.000000,INT
Formiga,cidade,Formiga - MG,80,2026-08-18 17:45:00.000000,INT
Formiga,cidade,Pains - MG,13,2026-08-18 17:45:00.000000,INT
Formiga,cidade,Córrego Fundo - MG,10,2026-08-18 17:45:00.000000,INT
Formiga,cidade,Arcos - MG,1,2026-08-18 17:45:00.000000,INT
Formiga,cidade,Córrego Danta - MG,1,2026-08-18 17:45:00.000000,INT
Formiga,cidade,Divinópolis - MG,1,2026-08-18 17:45:00.000000,INT
Formiga,cidade,Barra da Estiva - BA,1,2026-08-18 17:45:00.000000,INT
Formiga,cidade,Campo Belo - MG,1,2026-08-18 17:45:00.000000,INT
Formiga,cidade,Outra - OU,1,2026-08-18 17:45:00.000000,INT
Governador Valadares,tipo,Pública Estadual,157,2026-08-18 17:45:00.000000,INT
Governador Valadares,tipo,Privada,106,2026-08-18 17:45:00.000000,INT
Governador Valadares,tipo,Pública Municipal,19,2026-08-18 17:45:00.000000,INT
Governador Valadares,area,Urbana,279,2026-08-18 17:45:00.000000,INT
Governador Valadares,area,Rural,3,2026-08-18 17:45:00.000000,INT
Governador Valadares,cidade,Governador Valadares - MG,199,2026-08-18 17:45:00.000000,INT
Governador Valadares,cidade,Engenheiro Caldas - MG,15,2026-08-18 17:45:00.000000,INT
Governador Valadares,cidade,Frei Inocêncio - MG,14,2026-08-18 17:45:00.000000,INT
Governador Valadares,cidade,Mathias Lobato - MG,10,2026-08-18 17:45:00.000000,INT
Governador Valadares,cidade,Outra - OU,9,2026-08-18 17:45:00.000000,INT
Governador Valadares,cidade,Tarumirim - MG,6,2026-08-18 17:45:00.000000,INT
Governador Valadares,cidade,Jampruca - MG,4,2026-08-18 17:45:00.000000,INT
Governador Valadares,cidade,Sardoá - MG,4,2026-08-18 17:45:00.000000,INT
Governador Valadares,cidade,Alpercata - MG,2,2026-08-18 17:45:00.000000,INT
Governador Valadares,cidade,São Geraldo da Piedade - MG,2,2026-08-18 17:45:00.000000,INT
Governador Valadares,cidade,Itanhomi - MG,2,2026-08-18 17:45:00.000000,INT
Governador Valadares,cidade,Gonzaga - MG,1,2026-08-18 17:45:00.000000,INT
Governador Valadares,cidade,Ibirité - MG,1,2026-08-18 17:45:00.000000,INT
Governador Valadares,cidade,Pescador - MG,1,2026-08-18 17:45:00.000000,INT
Governador Valadares,cidade,Capitão Andrade - MG,1,2026-08-18 17:45:00.000000,INT
Ibirité,tipo,Pública Municipal,243,2026-08-18 17:45:00.000000,INT
Ibirité,tipo,Privada,145,2026-08-18 17:45:00.000000,INT
Ibirité,tipo,Pública Estadual,103,2026-08-18 17:45:00.000000,INT
Ibirité,area,Urbana,490,2026-08-18 17:45:00.000000,INT
Ibirité,area,Rural,1,2026-08-18 17:45:00.000000,INT
Ibirité,cidade,Belo Horizonte - MG,259,2026-08-18 17:45:00.000000,INT
Ibirité,cidade,Ibirité - MG,140,2026-08-18 17:45:00.000000,INT
Ibirité,cidade,Contagem - MG,43,2026-08-18 17:45:00.000000,INT
Ibirité,cidade,Betim - MG,14,2026-08-18 17:45:00.000000,INT
Ibirité,cidade,Sarzedo - MG,13,2026-08-18 17:45:00.000000,INT
Ibirité,cidade,Outra - OU,10,2026-08-18 17:45:00.000000,INT
Ibirité,cidade,Brumadinho - MG,4,2026-08-18 17:45:00.000000,INT
Ibirité,cidade,Piedade dos Gerais - MG,1,2026-08-18 17:45:00.000000,INT
Ibirité,cidade,Rio Doce - MG,1,2026-08-18 17:45:00.000000,INT
Ibirité,cidade,Itambacuri - MG,1,2026-08-18 17:45:00.000000,INT
Ibirité,cidade,Nova Serrana - MG,1,2026-08-18 17:45:00.000000,INT
Ibirité,cidade,Ribeirão das Neves - MG,1,2026-08-18 17:45:00.000000,INT
Ibirité,cidade,São Joaquim de Bicas - MG,1,2026-08-18 17:45:00.000000,INT
Ibirité,cidade,Vespasiano - MG,1,2026-08-18 17:45:00.000000,INT
Ibirité,cidade,Mário Campos - MG,1,2026-08-18 17:45:00.000000,INT
Ipatinga,tipo,Pública Municipal,141,2026-08-18 17:45:00.000000,INT
Ipatinga,tipo,Pública Estadual,123,2026-08-18 17:45:00.000000,INT
Ipatinga,tipo,Privada,65,2026-08-18 17:45:00.000000,INT
Ipatinga,area,Urbana,327,2026-08-18 17:45:00.000000,INT
Ipatinga,area,Rural,2,2026-08-18 17:45:00.000000,INT
Ipatinga,cidade,Ipatinga - MG,236,2026-08-18 17:45:00.000000,INT
Ipatinga,cidade,Coronel Fabriciano - MG,36,2026-08-18 17:45:00.000000,INT
Ipatinga,cidade,Timóteo - MG,12,2026-08-18 17:45:00.000000,INT
Ipatinga,cidade,Santana do Paraíso - MG,10,2026-08-18 17:45:00.000000,INT
Ipatinga,cidade,Belo Oriente - MG,9,2026-08-18 17:45:00.000000,INT
Ipatinga,cidade,Outra - OU,3,2026-08-18 17:45:00.000000,INT
Ipatinga,cidade,Ipaba - MG,3,2026-08-18 17:45:00.000000,INT
Ipatinga,cidade,São Domingos do Prata - MG,2,2026-08-18 17:45:00.000000,INT
Ipatinga,cidade,Caratinga - MG,2,2026-08-18 17:45:00.000000,INT
Ipatinga,cidade,Dom Cavati - MG,2,2026-08-18 17:45:00.000000,INT
Ipatinga,cidade,Pingo-d'Água - MG,2,2026-08-18 17:45:00.000000,INT
Ipatinga,cidade,Santa Bárbara - MG,1,2026-08-18 17:45:00.000000,INT
Ipatinga,cidade,Tarumirim - MG,1,2026-08-18 17:45:00.000000,INT
Ipatinga,cidade,Diamantina - MG,1,2026-08-18 17:45:00.000000,INT
Ipatinga,cidade,Joanésia - MG,1,2026-08-18 17:45:00.000000,INT
Itabirito,tipo,Pública Municipal,107,2026-08-18 17:45:00.000000,INT
Itabirito,tipo,Pública Estadual,39,2026-08-18 17:45:00.000000,INT
Itabirito,tipo,Privada,19,2026-08-18 17:45:00.000000,INT
Itabirito,tipo,Pública Federal,1,2026-08-18 17:45:00.000000,INT
Itabirito,area,Urbana,166,2026-08-18 17:45:00.000000,INT
Itabirito,cidade,Itabirito - MG,160,2026-08-18 17:45:00.000000,INT
Itabirito,cidade,Ouro Preto - MG,2,2026-08-18 17:45:00.000000,INT
Itabirito,cidade,Belo Horizonte - MG,1,2026-08-18 17:45:00.000000,INT
Itabirito,cidade,Mariana - MG,1,2026-08-18 17:45:00.000000,INT
Itabirito,cidade,Ouro Branco - MG,1,2026-08-18 17:45:00.000000,INT
Itabirito,cidade,Nova Lima - MG,1,2026-08-18 17:45:00.000000,INT
Ouro Branco,tipo,Pública Municipal,122,2026-08-18 17:45:00.000000,INT
Ouro Branco,tipo,Pública Estadual,62,2026-08-18 17:45:00.000000,INT
Ouro Branco,tipo,Privada,61,2026-08-18 17:45:00.000000,INT
Ouro Branco,tipo,Pública Federal,1,2026-08-18 17:45:00.000000,INT
Ouro Branco,area,Urbana,239,2026-08-18 17:45:00.000000,INT
Ouro Branco,area,Rural,7,2026-08-18 17:45:00.000000,INT
Ouro Branco,cidade,Ouro Branco - MG,140,2026-08-18 17:45:00.000000,INT
Ouro Branco,cidade,Conselheiro Lafaiete - MG,83,2026-08-18 17:45:00.000000,INT
Ouro Branco,cidade,Jeceaba - MG,7,2026-08-18 17:45:00.000000,INT
Ouro Branco,cidade,Caranaíba - MG,2,2026-08-18 17:45:00.000000,INT
Ouro Branco,cidade,Congonhas - MG,2,2026-08-18 17:45:00.000000,INT
Ouro Branco,cidade,Entre Rios de Minas - MG,2,2026-08-18 17:45:00.000000,INT
Ouro Branco,cidade,Itaverava - MG,2,2026-08-18 17:45:00.000000,INT
Ouro Branco,cidade,Piranga - MG,2,2026-08-18 17:45:00.000000,INT
Ouro Branco,cidade,Barão de Cocais - MG,1,2026-08-18 17:45:00.000000,INT
Ouro Branco,cidade,Ipatinga - MG,1,2026-08-18 17:45:00.000000,INT
Ouro Branco,cidade,Ouro Preto - MG,1,2026-08-18 17:45:00.000000,INT
Ouro Branco,cidade,Macaé - RJ,1,2026-08-18 17:45:00.000000,INT
Ouro Branco,cidade,Brumado - BA,1,2026-08-18 17:45:00.000000,INT
Ouro Branco,cidade,Belo Horizonte - MG,1,2026-08-18 17:45:00.000000,INT
Ouro Preto,tipo,Pública Municipal,209,2026-08-18 17:45:00.000000,INT
Ouro Preto,tipo,Pública Estadual,161,2026-08-18 17:45:00.000000,INT
Ouro Preto,tipo,Privada,120,2026-08-18 17:45:00.000000,INT
Ouro Preto,tipo,Pública Federal,2,2026-08-18 17:45:00.000000,INT
Ouro Preto,area,Urbana,487,2026-08-18 17:45:00.000000,INT
Ouro Preto,area,Rural,5,2026-08-18 17:45:00.000000,INT
Ouro Preto,cidade,Ouro Preto - MG,234,2026-08-18 17:45:00.000000,INT
Ouro Preto,cidade,Mariana - MG,134,2026-08-18 17:45:00.000000,INT
Ouro Preto,cidade,Itabirito - MG,74,2026-08-18 17:45:00.000000,INT
Ouro Preto,cidade,Santa Bárbara - MG,11,2026-08-18 17:45:00.000000,INT
Ouro Preto,cidade,Outra - OU,10,2026-08-18 17:45:00.000000,INT
Ouro Preto,cidade,Catas Altas - MG,7,2026-08-18 17:45:00.000000,INT
Ouro Preto,cidade,Belo Horizonte - MG,5,2026-08-18 17:45:00.000000,INT
Ouro Preto,cidade,Barão de Cocais - MG,2,2026-08-18 17:45:00.000000,INT
Ouro Preto,cidade,Piranga - MG,2,2026-08-18 17:45:00.000000,INT
Ouro Preto,cidade,Conceição do Mato Dentro - MG,1,2026-08-18 17:45:00.000000,INT
Ouro Preto,cidade,Contagem - MG,1,2026-08-18 17:45:00.000000,INT
Ouro Preto,cidade,Lagoa Santa - MG,1,2026-08-18 17:45:00.000000,INT
Ouro Preto,cidade,Porto Firme - MG,1,2026-08-18 17:45:00.000000,INT
Ouro Preto,cidade,Barra Longa - MG,1,2026-08-18 17:45:00.000000,INT
Ouro Preto,cidade,Betim - MG,1,2026-08-18 17:45:00.000000,INT
Piumhi,tipo,Pública Estadual,55,2026-08-18 17:45:00.000000,INT
Piumhi,tipo,Privada,25,2026-08-18 17:45:00.000000,INT
Piumhi,tipo,Pública Municipal,3,2026-08-18 17:45:00.000000,INT
Piumhi,area,Urbana,83,2026-08-18 17:45:00.000000,INT
Piumhi,cidade,Piumhi - MG,56,2026-08-18 17:45:00.000000,INT
Piumhi,cidade,Pimenta - MG,15,2026-08-18 17:45:00.000000,INT
Piumhi,cidade,Capitólio - MG,9,2026-08-18 17:45:00.000000,INT
Piumhi,cidade,Doresópolis - MG,3,2026-08-18 17:45:00.000000,INT
Ponte Nova,tipo,Pública Estadual,133,2026-08-18 17:45:00.000000,INT
Ponte Nova,tipo,Pública Municipal,124,2026-08-18 17:45:00.000000,INT
Ponte Nova,tipo,Privada,87,2026-08-18 17:45:00.000000,INT
Ponte Nova,area,Urbana,341,2026-08-18 17:45:00.000000,INT
Ponte Nova,area,Rural,3,2026-08-18 17:45:00.000000,INT
Ponte Nova,cidade,Ponte Nova - MG,218,2026-08-18 17:45:00.000000,INT
Ponte Nova,cidade,Urucânia - MG,20,2026-08-18 17:45:00.000000,INT
Ponte Nova,cidade,Amparo do Serra - MG,15,2026-08-18 17:45:00.000000,INT
Ponte Nova,cidade,Jequeri - MG,13,2026-08-18 17:45:00.000000,INT
Ponte Nova,cidade,Dom Silvério - MG,12,2026-08-18 17:45:00.000000,INT
Ponte Nova,cidade,Raul Soares - MG,10,2026-08-18 17:45:00.000000,INT
Ponte Nova,cidade,Alvinópolis - MG,9,2026-08-18 17:45:00.000000,INT
Ponte Nova,cidade,Rio Casca - MG,8,2026-08-18 17:45:00.000000,INT
Ponte Nova,cidade,Santa Cruz do Escalvado - MG,7,2026-08-18 17:45:00.000000,INT
Ponte Nova,cidade,Oratórios - MG,6,2026-08-18 17:45:00.000000,INT
Ponte Nova,cidade,Outra - OU,4,2026-08-18 17:45:00.000000,INT
Ponte Nova,cidade,Rio Doce - MG,3,2026-08-18 17:45:00.000000,INT
Ponte Nova,cidade,Guaraciaba - MG,3,2026-08-18 17:45:00.000000,INT
Ponte Nova,cidade,Sem-Peixe - MG,2,2026-08-18 17:45:00.000000,INT
Ponte Nova,cidade,Viçosa - MG,2,2026-08-18 17:45:00.000000,INT
Ribeirão das Neves,tipo,Pública Estadual,311,2026-08-18 17:45:00.000000,INT
Ribeirão das Neves,tipo,Pública Municipal,176,2026-08-18 17:45:00.000000,INT
Ribeirão das Neves,tipo,Privada,111,2026-08-18 17:45:00.000000,INT
Ribeirão das Neves,tipo,Pública Federal,3,2026-08-18 17:45:00.000000,INT
Ribeirão das Neves,area,Urbana,601,2026-08-18 17:45:00.000000,INT
Ribeirão das Neves,cidade,Ribeirão das Neves - MG,353,2026-08-18 17:45:00.000000,INT
Ribeirão das Neves,cidade,Belo Horizonte - MG,164,2026-08-18 17:45:00.000000,INT
Ribeirão das Neves,cidade,Esmeraldas - MG,24,2026-08-18 17:45:00.000000,INT
Ribeirão das Neves,cidade,São José da Lapa - MG,16,2026-08-18 17:45:00.000000,INT
Ribeirão das Neves,cidade,Outra - OU,16,2026-08-18 17:45:00.000000,INT
Ribeirão das Neves,cidade,Contagem - MG,14,2026-08-18 17:45:00.000000,INT
Ribeirão das Neves,cidade,Vespasiano - MG,4,2026-08-18 17:45:00.000000,INT
Ribeirão das Neves,cidade,Ibirité - MG,1,2026-08-18 17:45:00.000000,INT
Ribeirão das Neves,cidade,Matozinhos - MG,1,2026-08-18 17:45:00.000000,INT
Ribeirão das Neves,cidade,Pedro Leopoldo - MG,1,2026-08-18 17:45:00.000000,INT
Ribeirão das Neves,cidade,Santa Rita do Itueto - MG,1,2026-08-18 17:45:00.000000,INT
Ribeirão das Neves,cidade,Brumadinho - MG,1,2026-08-18 17:45:00.000000,INT
Ribeirão das Neves,cidade,Governador Valadares - MG,1,2026-08-18 17:45:00.000000,INT
Ribeirão das Neves,cidade,Lagoa Santa - MG,1,2026-08-18 17:45:00.000000,INT
Ribeirão das Neves,cidade,Montes Claros - MG,1,2026-08-18 17:45:00.000000,INT
Sabará,tipo,Pública Estadual,232,2026-08-18 17:45:00.000000,INT
Sabará,tipo,Pública Municipal,150,2026-08-18 17:45:00.000000,INT
Sabará,tipo,Privada,119,2026-08-18 17:45:00.000000,INT
Sabará,tipo,Pública Federal,4,2026-08-18 17:45:00.000000,INT
Sabará,area,Urbana,505,2026-08-18 17:45:00.000000,INT
Sabará,cidade,Sabará - MG,274,2026-08-18 17:45:00.000000,INT
Sabará,cidade,Belo Horizonte - MG,170,2026-08-18 17:45:00.000000,INT
Sabará,cidade,Caeté - MG,40,2026-08-18 17:45:00.000000,INT
Sabará,cidade,Santa Luzia - MG,6,2026-08-18 17:45:00.000000,INT
Sabará,cidade,Nova Lima - MG,5,2026-08-18 17:45:00.000000,INT
Sabará,cidade,Outra - OU,5,2026-08-18 17:45:00.000000,INT
Sabará,cidade,Contagem - MG,2,2026-08-18 17:45:00.000000,INT
Sabará,cidade,Carmópolis de Minas - MG,1,2026-08-18 17:45:00.000000,INT
Sabará,cidade,Jaboticatubas - MG,1,2026-08-18 17:45:00.000000,INT
Sabará,cidade,São José da Lapa - MG,1,2026-08-18 17:45:00.000000,INT
Santa Luzia,tipo,Pública Estadual,191,2026-08-18 17:45:00.000000,INT
Santa Luzia,tipo,Pública Municipal,146,2026-08-18 17:45:00.000000,INT
Santa Luzia,tipo,Privada,123,2026-08-18 17:45:00.000000,INT
Santa Luzia,tipo,Pública Federal,4,2026-08-18 17:45:00.000000,INT
Santa Luzia,area,Urbana,464,2026-08-18 17:45:00.000000,INT
Santa Luzia,cidade,Santa Luzia - MG,273,2026-08-18 17:45:00.000000,INT
Santa Luzia,cidade,Belo Horizonte - MG,123,2026-08-18 17:45:00.000000,INT
Santa Luzia,cidade,Vespasiano - MG,19,2026-08-18 17:45:00.000000,INT
Santa Luzia,cidade,Outra - OU,13,2026-08-18 17:45:00.000000,INT
Santa Luzia,cidade,Lagoa Santa - MG,9,2026-08-18 17:45:00.000000,INT
Santa Luzia,cidade,São José da Lapa - MG,6,2026-08-18 17:45:00.000000,INT
Santa Luzia,cidade,Pedro Leopoldo - MG,4,2026-08-18 17:45:00.000000,INT
Santa Luzia,cidade,Sabará - MG,2,2026-08-18 17:45:00.000000,INT
Santa Luzia,cidade,Brasília - DF,2,2026-08-18 17:45:00.000000,INT
Santa Luzia,cidade,Contagem - MG,2,2026-08-18 17:45:00.000000,INT
Santa Luzia,cidade,Ipanema - MG,1,2026-08-18 17:45:00.000000,INT
Santa Luzia,cidade,Matozinhos - MG,1,2026-08-18 17:45:00.000000,INT
Santa Luzia,cidade,Alvarenga - MG,1,2026-08-18 17:45:00.000000,INT
Santa Luzia,cidade,Caeté - MG,1,2026-08-18 17:45:00.000000,INT
Santa Luzia,cidade,Jaboticatubas - MG,1,2026-08-18 17:45:00.000000,INT
São João Evangelista,tipo,Pública Estadual,395,2026-08-18 17:45:00.000000,INT
São João Evangelista,tipo,Privada,29,2026-08-18 17:45:00.000000,INT
São João Evangelista,tipo,Pública Municipal,15,2026-08-18 17:45:00.000000,INT
São João Evangelista,area,Urbana,424,2026-08-18 17:45:00.000000,INT
São João Evangelista,area,Rural,15,2026-08-18 17:45:00.000000,INT
São João Evangelista,cidade,Guanhães - MG,95,2026-08-18 17:45:00.000000,INT
São João Evangelista,cidade,São João Evangelista - MG,77,2026-08-18 17:45:00.000000,INT
São João Evangelista,cidade,Peçanha - MG,31,2026-08-18 17:45:00.000000,INT
São João Evangelista,cidade,Coluna - MG,26,2026-08-18 17:45:00.000000,INT
São João Evangelista,cidade,Virginópolis - MG,22,2026-08-18 17:45:00.000000,INT
São João Evangelista,cidade,Santa Maria do Suaçuí - MG,16,2026-08-18 17:45:00.000000,INT
São João Evangelista,cidade,São Pedro do Suaçuí - MG,15,2026-08-18 17:45:00.000000,INT
São João Evangelista,cidade,Capelinha - MG,15,2026-08-18 17:45:00.000000,INT
São João Evangelista,cidade,São José do Jacuri - MG,11,2026-08-18 17:45:00.000000,INT
São João Evangelista,cidade,Cantagalo - MG,11,2026-08-18 17:45:00.000000,INT
São João Evangelista,cidade,Divinolândia de Minas - MG,9,2026-08-18 17:45:00.000000,INT
São João Evangelista,cidade,Setubinha - MG,8,2026-08-18 17:45:00.000000,INT
São João Evangelista,cidade,Frei Lagonegro - MG,8,2026-08-18 17:45:00.000000,INT
São João Evangelista,cidade,São Sebastião do Maranhão - MG,8,2026-08-18 17:45:00.000000,INT
São João Evangelista,cidade,Angelândia - MG,7,2026-08-18 17:45:00.000000,INT
Todas as unidades,tipo,Pública Estadual,423,2026-08-18 17:45:00.000000,SUB
Todas as unidades,tipo,Privada,66,2026-08-18 17:45:00.000000,SUB
Todas as unidades,tipo,Pública Federal,23,2026-08-18 17:45:00.000000,SUB
Todas as unidades,tipo,Pública Municipal,13,2026-08-18 17:45:00.000000,SUB
Todas as unidades,area,Urbana,517,2026-08-18 17:45:00.000000,SUB
Todas as unidades,area,Rural,8,2026-08-18 17:45:00.000000,SUB
Todas as unidades,cidade,Belo Horizonte - MG,39,2026-08-18 17:45:00.000000,SUB
Todas as unidades,cidade,Conselheiro Lafaiete - MG,37,2026-08-18 17:45:00.000000,SUB
Todas as unidades,cidade,Santa Luzia - MG,36,2026-08-18 17:45:00.000000,SUB
Todas as unidades,cidade,Ouro Preto - MG,31,2026-08-18 17:45:00.000000,SUB
Todas as unidades,cidade,Outra - OU,26,2026-08-18 17:45:00.000000,SUB
Todas as unidades,cidade,Piumhi - MG,23,2026-08-18 17:45:00.000000,SUB
Todas as unidades,cidade,Congonhas - MG,19,2026-08-18 17:45:00.000000,SUB
Todas as unidades,cidade,Ribeirão das Neves - MG,18,2026-08-18 17:45:00.000000,SUB
Todas as unidades,cidade,Governador Valadares - MG,11,2026-08-18 17:45:00.000000,SUB
Todas as unidades,cidade,Mariana - MG,10,2026-08-18 17:45:00.000000,SUB
Todas as unidades,cidade,Ipatinga - MG,10,2026-08-18 17:45:00.000000,SUB
Todas as unidades,cidade,Contagem - MG,7,2026-08-18 17:45:00.000000,SUB
Todas as unidades,cidade,Pimenta - MG,6,2026-08-18 17:45:00.000000,SUB
Todas as unidades,cidade,Salvador - BA,6,2026-08-18 17:45:00.000000,SUB
Todas as unidades,cidade,Betim - MG,5,2026-08-18 17:45:00.000000,SUB
Bambuí,tipo,Pública Estadual,8,2026-08-18 17:45:00.000000,SUB
Bambuí,tipo,Privada,4,2026-08-18 17:45:00.000000,SUB
Bambuí,tipo,Pública Municipal,3,2026-08-18 17:45:00.000000,SUB
Bambuí,area,Urbana,12,2026-08-18 17:45:00.000000,SUB
Bambuí,area,Rural,3,2026-08-18 17:45:00.000000,SUB
Bambuí,cidade,Bambuí - MG,3,2026-08-18 17:45:00.000000,SUB
Bambuí,cidade,Formiga - MG,2,2026-08-18 17:45:00.000000,SUB
Bambuí,cidade,Arcos - MG,1,2026-08-18 17:45:00.000000,SUB
Bambuí,cidade,Belo Horizonte - MG,1,2026-08-18 17:45:00.000000,SUB
Bambuí,cidade,Perdões - MG,1,2026-08-18 17:45:00.000000,SUB
Bambuí,cidade,Santa Rosa da Serra - MG,1,2026-08-18 17:45:00.000000,SUB
Bambuí,cidade,Leme - SP,1,2026-08-18 17:45:00.000000,SUB
Bambuí,cidade,Santa Filomena - PE,1,2026-08-18 17:45:00.000000,SUB
Bambuí,cidade,Caraí - MG,1,2026-08-18 17:45:00.000000,SUB
Bambuí,cidade,Oliveira - MG,1,2026-08-18 17:45:00.000000,SUB
Bambuí,cidade,Pimenta - MG,1,2026-08-18 17:45:00.000000,SUB
Bambuí,cidade,Campinas - SP,1,2026-08-18 17:45:00.000000,SUB
Congonhas,tipo,Pública Estadual,19,2026-08-18 17:45:00.000000,SUB
Congonhas,tipo,Privada,2,2026-08-18 17:45:00.000000,SUB
Congonhas,area,Urbana,21,2026-08-18 17:45:00.000000,SUB
Congonhas,cidade,Congonhas - MG,13,2026-08-18 17:45:00.000000,SUB
Congonhas,cidade,Maceió - AL,1,2026-08-18 17:45:00.000000,SUB
Congonhas,cidade,Entre Rios de Minas - MG,1,2026-08-18 17:45:00.000000,SUB
Congonhas,cidade,São Brás do Suaçuí - MG,1,2026-08-18 17:45:00.000000,SUB
Congonhas,cidade,Ubiratã - PR,1,2026-08-18 17:45:00.000000,SUB
Congonhas,cidade,Oriximiná - PA,1,2026-08-18 17:45:00.000000,SUB
Congonhas,cidade,Sabará - MG,1,2026-08-18 17:45:00.000000,SUB
Congonhas,cidade,Barrinha - SP,1,2026-08-18 17:45:00.000000,SUB
Congonhas,cidade,Outra - OU,1,2026-08-18 17:45:00.000000,SUB
Conselheiro Lafaiete,tipo,Pública Estadual,48,2026-08-18 17:45:00.000000,SUB
Conselheiro Lafaiete,tipo,Pública Municipal,6,2026-08-18 17:45:00.000000,SUB
Conselheiro Lafaiete,tipo,Privada,5,2026-08-18 17:45:00.000000,SUB
Conselheiro Lafaiete,tipo,Pública Federal,1,2026-08-18 17:45:00.000000,SUB
Conselheiro Lafaiete,area,Urbana,60,2026-08-18 17:45:00.000000,SUB
Conselheiro Lafaiete,cidade,Conselheiro Lafaiete - MG,35,2026-08-18 17:45:00.000000,SUB
Conselheiro Lafaiete,cidade,Congonhas - MG,4,2026-08-18 17:45:00.000000,SUB
Conselheiro Lafaiete,cidade,Barbacena - MG,3,2026-08-18 17:45:00.000000,SUB
Conselheiro Lafaiete,cidade,Ouro Branco - MG,2,2026-08-18 17:45:00.000000,SUB
Conselheiro Lafaiete,cidade,Senhora de Oliveira - MG,2,2026-08-18 17:45:00.000000,SUB
Conselheiro Lafaiete,cidade,Outra - OU,2,2026-08-18 17:45:00.000000,SUB
Conselheiro Lafaiete,cidade,Entre Rios de Minas - MG,2,2026-08-18 17:45:00.000000,SUB
Conselheiro Lafaiete,cidade,Patos de Minas - MG,1,2026-08-18 17:45:00.000000,SUB
Conselheiro Lafaiete,cidade,Rio de Janeiro - RJ,1,2026-08-18 17:45:00.000000,SUB
Conselheiro Lafaiete,cidade,Caranaíba - MG,1,2026-08-18 17:45:00.000000,SUB
Conselheiro Lafaiete,cidade,Nova Lima - MG,1,2026-08-18 17:45:00.000000,SUB
Conselheiro Lafaiete,cidade,Ouro Preto - MG,1,2026-08-18 17:45:00.000000,SUB
Conselheiro Lafaiete,cidade,Piranga - MG,1,2026-08-18 17:45:00.000000,SUB
Conselheiro Lafaiete,cidade,Varginha - MG,1,2026-08-18 17:45:00.000000,SUB
Conselheiro Lafaiete,cidade,Mairiporã - SP,1,2026-08-18 17:45:00.000000,SUB
Governador Valadares,tipo,Pública Estadual,17,2026-08-18 17:45:00.000000,SUB
Governador Valadares,tipo,Privada,3,2026-08-18 17:45:00.000000,SUB
Governador Valadares,tipo,Pública Municipal,1,2026-08-18 17:45:00.000000,SUB
Governador Valadares,area,Urbana,21,2026-08-18 17:45:00.000000,SUB
Governador Valadares,cidade,Governador Valadares - MG,10,2026-08-18 17:45:00.000000,SUB
Governador Valadares,cidade,Galiléia - MG,2,2026-08-18 17:45:00.000000,SUB
Governador Valadares,cidade,Outra - OU,2,2026-08-18 17:45:00.000000,SUB
Governador Valadares,cidade,Resplendor - MG,1,2026-08-18 17:45:00.000000,SUB
Governador Valadares,cidade,São Félix de Minas - MG,1,2026-08-18 17:45:00.000000,SUB
Governador Valadares,cidade,São Mateus - ES,1,2026-08-18 17:45:00.000000,SUB
Governador Valadares,cidade,Itabuna - BA,1,2026-08-18 17:45:00.000000,SUB
Governador Valadares,cidade,Santa Maria do Suaçuí - MG,1,2026-08-18 17:45:00.000000,SUB
Governador Valadares,cidade,São Domingos do Norte - ES,1,2026-08-18 17:45:00.000000,SUB
Governador Valadares,cidade,São Paulo - SP,1,2026-08-18 17:45:00.000000,SUB
Ipatinga,tipo,Pública Estadual,29,2026-08-18 17:45:00.000000,SUB
Ipatinga,tipo,Privada,1,2026-08-18 17:45:00.000000,SUB
Ipatinga,tipo,Pública Municipal,1,2026-08-18 17:45:00.000000,SUB
Ipatinga,tipo,Pública Federal,1,2026-08-18 17:45:00.000000,SUB
Ipatinga,area,Urbana,32,2026-08-18 17:45:00.000000,SUB
Ipatinga,cidade,Ipatinga - MG,10,2026-08-18 17:45:00.000000,SUB
Ipatinga,cidade,Coronel Fabriciano - MG,3,2026-08-18 17:45:00.000000,SUB
Ipatinga,cidade,Timóteo - MG,3,2026-08-18 17:45:00.000000,SUB
Ipatinga,cidade,Santana do Paraíso - MG,3,2026-08-18 17:45:00.000000,SUB
Ipatinga,cidade,São Paulo - SP,1,2026-08-18 17:45:00.000000,SUB
Ipatinga,cidade,Salvador - BA,1,2026-08-18 17:45:00.000000,SUB
Ipatinga,cidade,Araçuaí - MG,1,2026-08-18 17:45:00.000000,SUB
Ipatinga,cidade,Bom Jesus do Galho - MG,1,2026-08-18 17:45:00.000000,SUB
Ipatinga,cidade,Iapu - MG,1,2026-08-18 17:45:00.000000,SUB
Ipatinga,cidade,Itaobim - MG,1,2026-08-18 17:45:00.000000,SUB
Ipatinga,cidade,Pingo-d'Água - MG,1,2026-08-18 17:45:00.000000,SUB
Ipatinga,cidade,Outra - OU,1,2026-08-18 17:45:00.000000,SUB
Ipatinga,cidade,Açucena - MG,1,2026-08-18 17:45:00.000000,SUB
Ipatinga,cidade,Belo Horizonte - MG,1,2026-08-18 17:45:00.000000,SUB
Ipatinga,cidade,Carlos Chagas - MG,1,2026-08-18 17:45:00.000000,SUB
Ouro Preto,tipo,Pública Estadual,66,2026-08-18 17:45:00.000000,SUB
Ouro Preto,tipo,Privada,13,2026-08-18 17:45:00.000000,SUB
Ouro Preto,tipo,Pública Federal,3,2026-08-18 17:45:00.000000,SUB
Ouro Preto,tipo,Pública Municipal,1,2026-08-18 17:45:00.000000,SUB
Ouro Preto,area,Urbana,83,2026-08-18 17:45:00.000000,SUB
Ouro Preto,cidade,Ouro Preto - MG,30,2026-08-18 17:45:00.000000,SUB
Ouro Preto,cidade,Mariana - MG,10,2026-08-18 17:45:00.000000,SUB
Ouro Preto,cidade,Outra - OU,4,2026-08-18 17:45:00.000000,SUB
Ouro Preto,cidade,Catas Altas - MG,3,2026-08-18 17:45:00.000000,SUB
Ouro Preto,cidade,Belo Horizonte - MG,3,2026-08-18 17:45:00.000000,SUB
Ouro Preto,cidade,Salvador - BA,2,2026-08-18 17:45:00.000000,SUB
Ouro Preto,cidade,Itabirito - MG,2,2026-08-18 17:45:00.000000,SUB
Ouro Preto,cidade,Muriaé - MG,2,2026-08-18 17:45:00.000000,SUB
Ouro Preto,cidade,Congonhas - MG,2,2026-08-18 17:45:00.000000,SUB
Ouro Preto,cidade,Januária - MG,1,2026-08-18 17:45:00.000000,SUB
Ouro Preto,cidade,Belém - PA,1,2026-08-18 17:45:00.000000,SUB
Ouro Preto,cidade,Tupanciretã - RS,1,2026-08-18 17:45:00.000000,SUB
Ouro Preto,cidade,Machado - MG,1,2026-08-18 17:45:00.000000,SUB
Ouro Preto,cidade,Peri Mirim - MA,1,2026-08-18 17:45:00.000000,SUB
Ouro Preto,cidade,Montes Claros - MG,1,2026-08-18 17:45:00.000000,SUB
Piumhi,tipo,Pública Estadual,35,2026-08-18 17:45:00.000000,SUB
Piumhi,tipo,Privada,5,2026-08-18 17:45:00.000000,SUB
Piumhi,tipo,Pública Federal,3,2026-08-18 17:45:00.000000,SUB
Piumhi,area,Urbana,42,2026-08-18 17:45:00.000000,SUB
Piumhi,area,Rural,1,2026-08-18 17:45:00.000000,SUB
Piumhi,cidade,Piumhi - MG,23,2026-08-18 17:45:00.000000,SUB
Piumhi,cidade,Pimenta - MG,5,2026-08-18 17:45:00.000000,SUB
Piumhi,cidade,São Roque de Minas - MG,2,2026-08-18 17:45:00.000000,SUB
Piumhi,cidade,Franca - SP,2,2026-08-18 17:45:00.000000,SUB
Piumhi,cidade,Doresópolis - MG,2,2026-08-18 17:45:00.000000,SUB
Piumhi,cidade,Outra - OU,1,2026-08-18 17:45:00.000000,SUB
Piumhi,cidade,Icó - CE,1,2026-08-18 17:45:00.000000,SUB
Piumhi,cidade,Arcos - MG,1,2026-08-18 17:45:00.000000,SUB
Piumhi,cidade,Belo Horizonte - MG,1,2026-08-18 17:45:00.000000,SUB
Piumhi,cidade,São Francisco - MG,1,2026-08-18 17:45:00.000000,SUB
Piumhi,cidade,Vargem Bonita - MG,1,2026-08-18 17:45:00.000000,SUB
Piumhi,cidade,Rio Verde - GO,1,2026-08-18 17:45:00.000000,SUB
Piumhi,cidade,Ibicuí - BA,1,2026-08-18 17:45:00.000000,SUB
Piumhi,cidade,Bambuí - MG,1,2026-08-18 17:45:00.000000,SUB
Ribeirão das Neves,tipo,Pública Estadual,130,2026-08-18 17:45:00.000000,SUB
Ribeirão das Neves,tipo,Privada,21,2026-08-18 17:45:00.000000,SUB
Ribeirão das Neves,tipo,Pública Federal,9,2026-08-18 17:45:00.000000,SUB
Ribeirão das Neves,tipo,Pública Municipal,1,2026-08-18 17:45:00.000000,SUB
Ribeirão das Neves,area,Urbana,158,2026-08-18 17:45:00.000000,SUB
Ribeirão das Neves,area,Rural,3,2026-08-18 17:45:00.000000,SUB
Ribeirão das Neves,cidade,Belo Horizonte - MG,17,2026-08-18 17:45:00.000000,SUB
Ribeirão das Neves,cidade,Ribeirão das Neves - MG,17,2026-08-18 17:45:00.000000,SUB
Ribeirão das Neves,cidade,Outra - OU,11,2026-08-18 17:45:00.000000,SUB
Ribeirão das Neves,cidade,Contagem - MG,5,2026-08-18 17:45:00.000000,SUB
Ribeirão das Neves,cidade,Salvador - BA,3,2026-08-18 17:45:00.000000,SUB
Ribeirão das Neves,cidade,Campos dos Goytacazes - RJ,3,2026-08-18 17:45:00.000000,SUB
Ribeirão das Neves,cidade,Volta Redonda - RJ,2,2026-08-18 17:45:00.000000,SUB
Ribeirão das Neves,cidade,Matozinhos - MG,2,2026-08-18 17:45:00.000000,SUB
Ribeirão das Neves,cidade,São Bernardo do Campo - SP,2,2026-08-18 17:45:00.000000,SUB
Ribeirão das Neves,cidade,Vespasiano - MG,2,2026-08-18 17:45:00.000000,SUB
Ribeirão das Neves,cidade,Itaobim - MG,2,2026-08-18 17:45:00.000000,SUB
Ribeirão das Neves,cidade,Betim - MG,2,2026-08-18 17:45:00.000000,SUB
Ribeirão das Neves,cidade,Cataguases - MG,2,2026-08-18 17:45:00.000000,SUB
Ribeirão das Neves,cidade,São Paulo - SP,2,2026-08-18 17:45:00.000000,SUB
Ribeirão das Neves,cidade,Vila Velha - ES,2,2026-08-18 17:45:00.000000,SUB
Santa Luzia,tipo,Pública Estadual,71,2026-08-18 17:45:00.000000,SUB
Santa Luzia,tipo,Privada,12,2026-08-18 17:45:00.000000,SUB
Santa Luzia,tipo,Pública Federal,6,2026-08-18 17:45:00.000000,SUB
Santa Luzia,area,Urbana,88,2026-08-18 17:45:00.000000,SUB
Santa Luzia,area,Rural,1,2026-08-18 17:45:00.000000,SUB
Santa Luzia,cidade,Santa Luzia - MG,35,2026-08-18 17:45:00.000000,SUB
Santa Luzia,cidade,Belo Horizonte - MG,16,2026-08-18 17:45:00.000000,SUB
Santa Luzia,cidade,Outra - OU,4,2026-08-18 17:45:00.000000,SUB
Santa Luzia,cidade,Betim - MG,2,2026-08-18 17:45:00.000000,SUB
Santa Luzia,cidade,Sabará - MG,2,2026-08-18 17:45:00.000000,SUB
Santa Luzia,cidade,Contagem - MG,2,2026-08-18 17:45:00.000000,SUB
Santa Luzia,cidade,Belém - PA,1,2026-08-18 17:45:00.000000,SUB
Santa Luzia,cidade,Ribeirão das Neves - MG,1,2026-08-18 17:45:00.000000,SUB
Santa Luzia,cidade,Iati - PE,1,2026-08-18 17:45:00.000000,SUB
Santa Luzia,cidade,Barreiras - BA,1,2026-08-18 17:45:00.000000,SUB
Santa Luzia,cidade,Setubinha - MG,1,2026-08-18 17:45:00.000000,SUB
Santa Luzia,cidade,Arinos - MG,1,2026-08-18 17:45:00.000000,SUB
Santa Luzia,cidade,Três Marias - MG,1,2026-08-18 17:45:00.000000,SUB
Santa Luzia,cidade,Duque de Caxias - RJ,1,2026-08-18 17:45:00.000000,SUB
Santa Luzia,cidade,Corinto - MG,1,2026-08-18 17:45:00.000000,SUB
Todas as unidades,tipo,Pública Estadual,1293,2026-08-18 17:45:00.000000,SUP
Todas as unidades,tipo,Pública Federal,252,2026-08-18 17:45:00.000000,SUP
Todas as unidades,tipo,Privada,218,2026-08-18 17:45:00.000000,SUP
Todas as unidades,tipo,Pública Municipal,42,2026-08-18 17:45:00.000000,SUP
Todas as unidades,area,Urbana,1742,2026-08-18 17:45:00.000000,SUP
Todas as unidades,area,Rural,63,2026-08-18 17:45:00.000000,SUP
Todas as unidades,cidade,Belo Horizonte - MG,214,2026-08-18 17:45:00.000000,SUP
Todas as unidades,cidade,Ribeirão das Neves - MG,102,2026-08-18 17:45:00.000000,SUP
Todas as unidades,cidade,Ouro Branco - MG,102,2026-08-18 17:45:00.000000,SUP
Todas as unidades,cidade,Betim - MG,94,2026-08-18 17:45:00.000000,SUP
Todas as unidades,cidade,Arcos - MG,81,2026-08-18 17:45:00.000000,SUP
Todas as unidades,cidade,Bambuí - MG,74,2026-08-18 17:45:00.000000,SUP
Todas as unidades,cidade,Sabará - MG,73,2026-08-18 17:45:00.000000,SUP
Todas as unidades,cidade,Formiga - MG,71,2026-08-18 17:45:00.000000,SUP
Todas as unidades,cidade,Outra - OU,58,2026-08-18 17:45:00.000000,SUP
Todas as unidades,cidade,Santa Luzia - MG,56,2026-08-18 17:45:00.000000,SUP
Todas as unidades,cidade,Congonhas - MG,56,2026-08-18 17:45:00.000000,SUP
Todas as unidades,cidade,Governador Valadares - MG,50,2026-08-18 17:45:00.000000,SUP
Todas as unidades,cidade,Contagem - MG,49,2026-08-18 17:45:00.000000,SUP
Todas as unidades,cidade,Ouro Preto - MG,44,2026-08-18 17:45:00.000000,SUP
Todas as unidades,cidade,Conselheiro Lafaiete - MG,42,2026-08-18 17:45:00.000000,SUP
Arcos,tipo,Pública Estadual,101,2026-08-18 17:45:00.000000,SUP
Arcos,tipo,Privada,19,2026-08-18 17:45:00.000000,SUP
Arcos,tipo,Pública Federal,16,2026-08-18 17:45:00.000000,SUP
Arcos,tipo,Pública Municipal,1,2026-08-18 17:45:00.000000,SUP
Arcos,area,Urbana,132,2026-08-18 17:45:00.000000,SUP
Arcos,area,Rural,5,2026-08-18 17:45:00.000000,SUP
Arcos,cidade,Arcos - MG,62,2026-08-18 17:45:00.000000,SUP
Arcos,cidade,Formiga - MG,13,2026-08-18 17:45:00.000000,SUP
Arcos,cidade,Iguatama - MG,7,2026-08-18 17:45:00.000000,SUP
Arcos,cidade,Lagoa da Prata - MG,6,2026-08-18 17:45:00.000000,SUP
Arcos,cidade,Bambuí - MG,5,2026-08-18 17:45:00.000000,SUP
Arcos,cidade,Outra - OU,4,2026-08-18 17:45:00.000000,SUP
Arcos,cidade,Belo Horizonte - MG,4,2026-08-18 17:45:00.000000,SUP
Arcos,cidade,Piumhi - MG,3,2026-08-18 17:45:00.000000,SUP
Arcos,cidade,Contagem - MG,2,2026-08-18 17:45:00.000000,SUP
Arcos,cidade,Florestal - MG,2,2026-08-18 17:45:00.000000,SUP
Arcos,cidade,Pains - MG,2,2026-08-18 17:45:00.000000,SUP
Arcos,cidade,Muzambinho - MG,1,2026-08-18 17:45:00.000000,SUP
Arcos,cidade,Almenara - MG,1,2026-08-18 17:45:00.000000,SUP
Arcos,cidade,Passos - MG,1,2026-08-18 17:45:00.000000,SUP
Arcos,cidade,Porteirinha - MG,1,2026-08-18 17:45:00.000000,SUP
Bambuí,tipo,Pública Estadual,112,2026-08-18 17:45:00.000000,SUP
Bambuí,tipo,Pública Federal,45,2026-08-18 17:45:00.000000,SUP
Bambuí,tipo,Privada,28,2026-08-18 17:45:00.000000,SUP
Bambuí,tipo,Pública Municipal,5,2026-08-18 17:45:00.000000,SUP
Bambuí,area,Urbana,154,2026-08-18 17:45:00.000000,SUP
Bambuí,area,Rural,36,2026-08-18 17:45:00.000000,SUP
Bambuí,cidade,Bambuí - MG,67,2026-08-18 17:45:00.000000,SUP
Bambuí,cidade,Belo Horizonte - MG,9,2026-08-18 17:45:00.000000,SUP
Bambuí,cidade,Piumhi - MG,9,2026-08-18 17:45:00.000000,SUP
Bambuí,cidade,Divinópolis - MG,7,2026-08-18 17:45:00.000000,SUP
Bambuí,cidade,Arcos - MG,7,2026-08-18 17:45:00.000000,SUP
Bambuí,cidade,Lagoa da Prata - MG,6,2026-08-18 17:45:00.000000,SUP
Bambuí,cidade,Medeiros - MG,5,2026-08-18 17:45:00.000000,SUP
Bambuí,cidade,Araxá - MG,5,2026-08-18 17:45:00.000000,SUP
Bambuí,cidade,Dores do Indaiá - MG,5,2026-08-18 17:45:00.000000,SUP
Bambuí,cidade,Ipatinga - MG,4,2026-08-18 17:45:00.000000,SUP
Bambuí,cidade,Luz - MG,4,2026-08-18 17:45:00.000000,SUP
Bambuí,cidade,Outra - OU,3,2026-08-18 17:45:00.000000,SUP
Bambuí,cidade,Bom Despacho - MG,3,2026-08-18 17:45:00.000000,SUP
Bambuí,cidade,Betim - MG,3,2026-08-18 17:45:00.000000,SUP
Bambuí,cidade,Oliveira - MG,2,2026-08-18 17:45:00.000000,SUP
Betim,tipo,Pública Estadual,108,2026-08-18 17:45:00.000000,SUP
Betim,tipo,Pública Federal,33,2026-08-18 17:45:00.000000,SUP
Betim,tipo,Privada,23,2026-08-18 17:45:00.000000,SUP
Betim,tipo,Pública Municipal,5,2026-08-18 17:45:00.000000,SUP
Betim,area,Urbana,165,2026-08-18 17:45:00.000000,SUP
Betim,area,Rural,4,2026-08-18 17:45:00.000000,SUP
Betim,cidade,Betim - MG,82,2026-08-18 17:45:00.000000,SUP
Betim,cidade,Contagem - MG,28,2026-08-18 17:45:00.000000,SUP
Betim,cidade,Belo Horizonte - MG,14,2026-08-18 17:45:00.000000,SUP
Betim,cidade,Outra - OU,9,2026-08-18 17:45:00.000000,SUP
Betim,cidade,Ibirité - MG,6,2026-08-18 17:45:00.000000,SUP
Betim,cidade,Igarapé - MG,3,2026-08-18 17:45:00.000000,SUP
Betim,cidade,Sarzedo - MG,3,2026-08-18 17:45:00.000000,SUP
Betim,cidade,Mateus Leme - MG,2,2026-08-18 17:45:00.000000,SUP
Betim,cidade,São Joaquim de Bicas - MG,2,2026-08-18 17:45:00.000000,SUP
Betim,cidade,Matões - MA,1,2026-08-18 17:45:00.000000,SUP
Betim,cidade,Pedro Leopoldo - MG,1,2026-08-18 17:45:00.000000,SUP
Betim,cidade,Brumadinho - MG,1,2026-08-18 17:45:00.000000,SUP
Betim,cidade,Tocos do Moji - MG,1,2026-08-18 17:45:00.000000,SUP
Betim,cidade,Congonhas - MG,1,2026-08-18 17:45:00.000000,SUP
Betim,cidade,Mauá - SP,1,2026-08-18 17:45:00.000000,SUP
Congonhas,tipo,Pública Estadual,57,2026-08-18 17:45:00.000000,SUP
Congonhas,tipo,Pública Federal,5,2026-08-18 17:45:00.000000,SUP
Congonhas,tipo,Privada,3,2026-08-18 17:45:00.000000,SUP
Congonhas,tipo,Pública Municipal,1,2026-08-18 17:45:00.000000,SUP
Congonhas,area,Urbana,66,2026-08-18 17:45:00.000000,SUP
Congonhas,cidade,Congonhas - MG,39,2026-08-18 17:45:00.000000,SUP
Congonhas,cidade,Conselheiro Lafaiete - MG,7,2026-08-18 17:45:00.000000,SUP
Congonhas,cidade,Belo Horizonte - MG,4,2026-08-18 17:45:00.000000,SUP
Congonhas,cidade,São Brás do Suaçuí - MG,2,2026-08-18 17:45:00.000000,SUP
Congonhas,cidade,Carandaí - MG,2,2026-08-18 17:45:00.000000,SUP
Congonhas,cidade,Barrinha - SP,1,2026-08-18 17:45:00.000000,SUP
Congonhas,cidade,Belém - PA,1,2026-08-18 17:45:00.000000,SUP
Congonhas,cidade,Belo Vale - MG,1,2026-08-18 17:45:00.000000,SUP
Congonhas,cidade,Curvelo - MG,1,2026-08-18 17:45:00.000000,SUP
Congonhas,cidade,Itaguara - MG,1,2026-08-18 17:45:00.000000,SUP
Congonhas,cidade,Pará de Minas - MG,1,2026-08-18 17:45:00.000000,SUP
Congonhas,cidade,Resende Costa - MG,1,2026-08-18 17:45:00.000000,SUP
Congonhas,cidade,Outra - OU,1,2026-08-18 17:45:00.000000,SUP
Congonhas,cidade,Entre Rios de Minas - MG,1,2026-08-18 17:45:00.000000,SUP
Congonhas,cidade,Ouro Branco - MG,1,2026-08-18 17:45:00.000000,SUP
Formiga,tipo,Pública Estadual,66,2026-08-18 17:45:00.000000,SUP
Formiga,tipo,Pública Federal,19,2026-08-18 17:45:00.000000,SUP
Formiga,tipo,Privada,14,2026-08-18 17:45:00.000000,SUP
Formiga,tipo,Pública Municipal,1,2026-08-18 17:45:00.000000,SUP
Formiga,area,Urbana,98,2026-08-18 17:45:00.000000,SUP
Formiga,area,Rural,2,2026-08-18 17:45:00.000000,SUP
Formiga,cidade,Formiga - MG,55,2026-08-18 17:45:00.000000,SUP
Formiga,cidade,Arcos - MG,12,2026-08-18 17:45:00.000000,SUP
Formiga,cidade,Lagoa da Prata - MG,5,2026-08-18 17:45:00.000000,SUP
Formiga,cidade,Campo Belo - MG,2,2026-08-18 17:45:00.000000,SUP
Formiga,cidade,Córrego Fundo - MG,2,2026-08-18 17:45:00.000000,SUP
Formiga,cidade,São Paulo - SP,2,2026-08-18 17:45:00.000000,SUP
Formiga,cidade,Salvador - BA,2,2026-08-18 17:45:00.000000,SUP
Formiga,cidade,Rio de Janeiro - RJ,2,2026-08-18 17:45:00.000000,SUP
Formiga,cidade,São João Evangelista - MG,1,2026-08-18 17:45:00.000000,SUP
Formiga,cidade,Guarapari - ES,1,2026-08-18 17:45:00.000000,SUP
Formiga,cidade,Cláudio - MG,1,2026-08-18 17:45:00.000000,SUP
Formiga,cidade,Franca - SP,1,2026-08-18 17:45:00.000000,SUP
Formiga,cidade,Itapecerica - MG,1,2026-08-18 17:45:00.000000,SUP
Formiga,cidade,Oliveira - MG,1,2026-08-18 17:45:00.000000,SUP
Formiga,cidade,Pedra do Indaiá - MG,1,2026-08-18 17:45:00.000000,SUP
Governador Valadares,tipo,Pública Estadual,79,2026-08-18 17:45:00.000000,SUP
Governador Valadares,tipo,Pública Federal,7,2026-08-18 17:45:00.000000,SUP
Governador Valadares,tipo,Privada,7,2026-08-18 17:45:00.000000,SUP
Governador Valadares,tipo,Pública Municipal,1,2026-08-18 17:45:00.000000,SUP
Governador Valadares,area,Urbana,94,2026-08-18 17:45:00.000000,SUP
Governador Valadares,cidade,Governador Valadares - MG,48,2026-08-18 17:45:00.000000,SUP
Governador Valadares,cidade,Frei Inocêncio - MG,3,2026-08-18 17:45:00.000000,SUP
Governador Valadares,cidade,Outra - OU,2,2026-08-18 17:45:00.000000,SUP
Governador Valadares,cidade,Coroaci - MG,2,2026-08-18 17:45:00.000000,SUP
Governador Valadares,cidade,São Paulo - SP,2,2026-08-18 17:45:00.000000,SUP
Governador Valadares,cidade,Maracás - BA,1,2026-08-18 17:45:00.000000,SUP
Governador Valadares,cidade,Itaobim - MG,1,2026-08-18 17:45:00.000000,SUP
Governador Valadares,cidade,Águas Formosas - MG,1,2026-08-18 17:45:00.000000,SUP
Governador Valadares,cidade,Leopoldina - MG,1,2026-08-18 17:45:00.000000,SUP
Governador Valadares,cidade,Belo Horizonte - MG,1,2026-08-18 17:45:00.000000,SUP
Governador Valadares,cidade,Rio Piracicaba - MG,1,2026-08-18 17:45:00.000000,SUP
Governador Valadares,cidade,Conselheiro Pena - MG,1,2026-08-18 17:45:00.000000,SUP
Governador Valadares,cidade,Boa Vista do Ramos - AM,1,2026-08-18 17:45:00.000000,SUP
Governador Valadares,cidade,Setubinha - MG,1,2026-08-18 17:45:00.000000,SUP
Governador Valadares,cidade,Barcarena - PA,1,2026-08-18 17:45:00.000000,SUP
Ibirité,tipo,Pública Estadual,54,2026-08-18 17:45:00.000000,SUP
Ibirité,tipo,Privada,31,2026-08-18 17:45:00.000000,SUP
Ibirité,tipo,Pública Federal,17,2026-08-18 17:45:00.000000,SUP
Ibirité,tipo,Pública Municipal,4,2026-08-18 17:45:00.000000,SUP
Ibirité,area,Urbana,106,2026-08-18 17:45:00.000000,SUP
Ibirité,cidade,Belo Horizonte - MG,37,2026-08-18 17:45:00.000000,SUP
Ibirité,cidade,Ibirité - MG,33,2026-08-18 17:45:00.000000,SUP
Ibirité,cidade,Outra - OU,10,2026-08-18 17:45:00.000000,SUP
Ibirité,cidade,Contagem - MG,7,2026-08-18 17:45:00.000000,SUP
Ibirité,cidade,Betim - MG,4,2026-08-18 17:45:00.000000,SUP
Ibirité,cidade,Sarzedo - MG,3,2026-08-18 17:45:00.000000,SUP
Ibirité,cidade,Juiz de Fora - MG,1,2026-08-18 17:45:00.000000,SUP
Ibirité,cidade,Nepomuceno - MG,1,2026-08-18 17:45:00.000000,SUP
Ibirité,cidade,Pedro Leopoldo - MG,1,2026-08-18 17:45:00.000000,SUP
Ibirité,cidade,Brasília - DF,1,2026-08-18 17:45:00.000000,SUP
Ibirité,cidade,Catuti - MG,1,2026-08-18 17:45:00.000000,SUP
Ibirité,cidade,Joaíma - MG,1,2026-08-18 17:45:00.000000,SUP
Ibirité,cidade,Mato Verde - MG,1,2026-08-18 17:45:00.000000,SUP
Ibirité,cidade,Nova Serrana - MG,1,2026-08-18 17:45:00.000000,SUP
Ibirité,cidade,Ribeirão das Neves - MG,1,2026-08-18 17:45:00.000000,SUP
Ipatinga,tipo,Pública Estadual,36,2026-08-18 17:45:00.000000,SUP
Ipatinga,tipo,Pública Federal,7,2026-08-18 17:45:00.000000,SUP
Ipatinga,tipo,Privada,5,2026-08-18 17:45:00.000000,SUP
Ipatinga,area,Urbana,48,2026-08-18 17:45:00.000000,SUP
Ipatinga,cidade,Ipatinga - MG,20,2026-08-18 17:45:00.000000,SUP
Ipatinga,cidade,Coronel Fabriciano - MG,5,2026-08-18 17:45:00.000000,SUP
Ipatinga,cidade,Timóteo - MG,4,2026-08-18 17:45:00.000000,SUP
Ipatinga,cidade,Santana do Paraíso - MG,4,2026-08-18 17:45:00.000000,SUP
Ipatinga,cidade,Iapu - MG,2,2026-08-18 17:45:00.000000,SUP
Ipatinga,cidade,Outra - OU,2,2026-08-18 17:45:00.000000,SUP
Ipatinga,cidade,Santo Antônio dos Lopes - MA,1,2026-08-18 17:45:00.000000,SUP
Ipatinga,cidade,Belo Horizonte - MG,1,2026-08-18 17:45:00.000000,SUP
Ipatinga,cidade,Caratinga - MG,1,2026-08-18 17:45:00.000000,SUP
Ipatinga,cidade,Joanésia - MG,1,2026-08-18 17:45:00.000000,SUP
Ipatinga,cidade,Nova Era - MG,1,2026-08-18 17:45:00.000000,SUP
Ipatinga,cidade,Teófilo Otoni - MG,1,2026-08-18 17:45:00.000000,SUP
Ipatinga,cidade,Barbacena - MG,1,2026-08-18 17:45:00.000000,SUP
Ipatinga,cidade,Betim - MG,1,2026-08-18 17:45:00.000000,SUP
Ipatinga,cidade,João Monlevade - MG,1,2026-08-18 17:45:00.000000,SUP
Itabirito,tipo,Pública Estadual,14,2026-08-18 17:45:00.000000,SUP
Itabirito,tipo,Pública Federal,10,2026-08-18 17:45:00.000000,SUP
Itabirito,tipo,Privada,1,2026-08-18 17:45:00.000000,SUP
Itabirito,area,Urbana,24,2026-08-18 17:45:00.000000,SUP
Itabirito,area,Rural,1,2026-08-18 17:45:00.000000,SUP
Itabirito,cidade,Itabirito - MG,17,2026-08-18 17:45:00.000000,SUP
Itabirito,cidade,Ponte Nova - MG,1,2026-08-18 17:45:00.000000,SUP
Itabirito,cidade,Tutóia - MA,1,2026-08-18 17:45:00.000000,SUP
Itabirito,cidade,Conselheiro Lafaiete - MG,1,2026-08-18 17:45:00.000000,SUP
Itabirito,cidade,Ouro Preto - MG,1,2026-08-18 17:45:00.000000,SUP
Itabirito,cidade,Curionópolis - PA,1,2026-08-18 17:45:00.000000,SUP
Itabirito,cidade,Campo Formoso - BA,1,2026-08-18 17:45:00.000000,SUP
Itabirito,cidade,Contagem - MG,1,2026-08-18 17:45:00.000000,SUP
Itabirito,cidade,Nova Lima - MG,1,2026-08-18 17:45:00.000000,SUP
Ouro Branco,tipo,Pública Estadual,159,2026-08-18 17:45:00.000000,SUP
Ouro Branco,tipo,Pública Federal,32,2026-08-18 17:45:00.000000,SUP
Ouro Branco,tipo,Privada,13,2026-08-18 17:45:00.000000,SUP
Ouro Branco,tipo,Pública Municipal,5,2026-08-18 17:45:00.000000,SUP
Ouro Branco,area,Urbana,207,2026-08-18 17:45:00.000000,SUP
Ouro Branco,area,Rural,2,2026-08-18 17:45:00.000000,SUP
Ouro Branco,cidade,Ouro Branco - MG,100,2026-08-18 17:45:00.000000,SUP
Ouro Branco,cidade,Conselheiro Lafaiete - MG,34,2026-08-18 17:45:00.000000,SUP
Ouro Branco,cidade,Congonhas - MG,15,2026-08-18 17:45:00.000000,SUP
Ouro Branco,cidade,Ouro Preto - MG,5,2026-08-18 17:45:00.000000,SUP
Ouro Branco,cidade,Outra - OU,5,2026-08-18 17:45:00.000000,SUP
Ouro Branco,cidade,Nova Lima - MG,3,2026-08-18 17:45:00.000000,SUP
Ouro Branco,cidade,Belo Horizonte - MG,3,2026-08-18 17:45:00.000000,SUP
Ouro Branco,cidade,Barbacena - MG,2,2026-08-18 17:45:00.000000,SUP
Ouro Branco,cidade,São Paulo - SP,2,2026-08-18 17:45:00.000000,SUP
Ouro Branco,cidade,Mariana - MG,2,2026-08-18 17:45:00.000000,SUP
Ouro Branco,cidade,Montes Claros - MG,1,2026-08-18 17:45:00.000000,SUP
Ouro Branco,cidade,Barroso - MG,1,2026-08-18 17:45:00.000000,SUP
Ouro Branco,cidade,Pindamonhangaba - SP,1,2026-08-18 17:45:00.000000,SUP
Ouro Branco,cidade,Caranaíba - MG,1,2026-08-18 17:45:00.000000,SUP
Ouro Branco,cidade,São Sebastião - SP,1,2026-08-18 17:45:00.000000,SUP
Ouro Preto,tipo,Pública Estadual,52,2026-08-18 17:45:00.000000,SUP
Ouro Preto,tipo,Pública Federal,12,2026-08-18 17:45:00.000000,SUP
Ouro Preto,tipo,Privada,6,2026-08-18 17:45:00.000000,SUP
Ouro Preto,area,Urbana,70,2026-08-18 17:45:00.000000,SUP
Ouro Preto,cidade,Ouro Preto - MG,37,2026-08-18 17:45:00.000000,SUP
Ouro Preto,cidade,Mariana - MG,6,2026-08-18 17:45:00.000000,SUP
Ouro Preto,cidade,Belo Horizonte - MG,3,2026-08-18 17:45:00.000000,SUP
Ouro Preto,cidade,São Luís - MA,2,2026-08-18 17:45:00.000000,SUP
Ouro Preto,cidade,Rio Piracicaba - MG,1,2026-08-18 17:45:00.000000,SUP
Ouro Preto,cidade,Porto Velho - RO,1,2026-08-18 17:45:00.000000,SUP
Ouro Preto,cidade,São João del Rei - MG,1,2026-08-18 17:45:00.000000,SUP
Ouro Preto,cidade,Laranjal do Jari - AP,1,2026-08-18 17:45:00.000000,SUP
Ouro Preto,cidade,Três Rios - RJ,1,2026-08-18 17:45:00.000000,SUP
Ouro Preto,cidade,Itatiba - SP,1,2026-08-18 17:45:00.000000,SUP
Ouro Preto,cidade,São Gabriel - BA,1,2026-08-18 17:45:00.000000,SUP
Ouro Preto,cidade,São João da Boa Vista - SP,1,2026-08-18 17:45:00.000000,SUP
Ouro Preto,cidade,Congonhas - MG,1,2026-08-18 17:45:00.000000,SUP
Ouro Preto,cidade,Florianópolis - SC,1,2026-08-18 17:45:00.000000,SUP
Ouro Preto,cidade,Rio Casca - MG,1,2026-08-18 17:45:00.000000,SUP
Piumhi,tipo,Pública Estadual,6,2026-08-18 17:45:00.000000,SUP
Piumhi,tipo,Pública Federal,1,2026-08-18 17:45:00.000000,SUP
Piumhi,tipo,Pública Municipal,1,2026-08-18 17:45:00.000000,SUP
Piumhi,area,Urbana,7,2026-08-18 17:45:00.000000,SUP
Piumhi,area,Rural,1,2026-08-18 17:45:00.000000,SUP
Piumhi,cidade,Piumhi - MG,5,2026-08-18 17:45:00.000000,SUP
Piumhi,cidade,Belo Horizonte - MG,1,2026-08-18 17:45:00.000000,SUP
Piumhi,cidade,Lavras - MG,1,2026-08-18 17:45:00.000000,SUP
Piumhi,cidade,São João da Ponte - MG,1,2026-08-18 17:45:00.000000,SUP
Ponte Nova,tipo,Pública Estadual,21,2026-08-18 17:45:00.000000,SUP
Ponte Nova,tipo,Privada,1,2026-08-18 17:45:00.000000,SUP
Ponte Nova,tipo,Pública Federal,1,2026-08-18 17:45:00.000000,SUP
Ponte Nova,area,Urbana,23,2026-08-18 17:45:00.000000,SUP
Ponte Nova,cidade,Ponte Nova - MG,21,2026-08-18 17:45:00.000000,SUP
Ponte Nova,cidade,Ouro Preto - MG,1,2026-08-18 17:45:00.000000,SUP
Ponte Nova,cidade,Santo Antônio do Grama - MG,1,2026-08-18 17:45:00.000000,SUP
Ribeirão das Neves,tipo,Pública Estadual,129,2026-08-18 17:45:00.000000,SUP
Ribeirão das Neves,tipo,Privada,14,2026-08-18 17:45:00.000000,SUP
Ribeirão das Neves,tipo,Pública Federal,7,2026-08-18 17:45:00.000000,SUP
Ribeirão das Neves,tipo,Pública Municipal,3,2026-08-18 17:45:00.000000,SUP
Ribeirão das Neves,area,Urbana,153,2026-08-18 17:45:00.000000,SUP
Ribeirão das Neves,cidade,Ribeirão das Neves - MG,93,2026-08-18 17:45:00.000000,SUP
Ribeirão das Neves,cidade,Belo Horizonte - MG,29,2026-08-18 17:45:00.000000,SUP
Ribeirão das Neves,cidade,Esmeraldas - MG,7,2026-08-18 17:45:00.000000,SUP
Ribeirão das Neves,cidade,Contagem - MG,5,2026-08-18 17:45:00.000000,SUP
Ribeirão das Neves,cidade,Outra - OU,4,2026-08-18 17:45:00.000000,SUP
Ribeirão das Neves,cidade,Sete Lagoas - MG,2,2026-08-18 17:45:00.000000,SUP
Ribeirão das Neves,cidade,Vespasiano - MG,2,2026-08-18 17:45:00.000000,SUP
Ribeirão das Neves,cidade,Formiga - MG,1,2026-08-18 17:45:00.000000,SUP
Ribeirão das Neves,cidade,Montes Claros - MG,1,2026-08-18 17:45:00.000000,SUP
Ribeirão das Neves,cidade,Rio Pomba - MG,1,2026-08-18 17:45:00.000000,SUP
Ribeirão das Neves,cidade,Vitória - ES,1,2026-08-18 17:45:00.000000,SUP
Ribeirão das Neves,cidade,São Luís - MA,1,2026-08-18 17:45:00.000000,SUP
Ribeirão das Neves,cidade,Catas Altas - MG,1,2026-08-18 17:45:00.000000,SUP
Ribeirão das Neves,cidade,Lagoa Santa - MG,1,2026-08-18 17:45:00.000000,SUP
Ribeirão das Neves,cidade,Santa Luzia - MG,1,2026-08-18 17:45:00.000000,SUP
Sabará,tipo,Pública Estadual,123,2026-08-18 17:45:00.000000,SUP
Sabará,tipo,Privada,27,2026-08-18 17:45:00.000000,SUP
Sabará,tipo,Pública Federal,16,2026-08-18 17:45:00.000000,SUP
Sabará,tipo,Pública Municipal,7,2026-08-18 17:45:00.000000,SUP
Sabará,area,Urbana,170,2026-08-18 17:45:00.000000,SUP
Sabará,area,Rural,3,2026-08-18 17:45:00.000000,SUP
Sabará,cidade,Belo Horizonte - MG,70,2026-08-18 17:45:00.000000,SUP
Sabará,cidade,Sabará - MG,67,2026-08-18 17:45:00.000000,SUP
Sabará,cidade,Santa Luzia - MG,5,2026-08-18 17:45:00.000000,SUP
Sabará,cidade,Outra - OU,4,2026-08-18 17:45:00.000000,SUP
Sabará,cidade,Caeté - MG,3,2026-08-18 17:45:00.000000,SUP
Sabará,cidade,Ribeirão das Neves - MG,2,2026-08-18 17:45:00.000000,SUP
Sabará,cidade,Niterói - RJ,1,2026-08-18 17:45:00.000000,SUP
Sabará,cidade,Bom Jesus do Galho - MG,1,2026-08-18 17:45:00.000000,SUP
Sabará,cidade,Santo Antônio do Sudoeste - PR,1,2026-08-18 17:45:00.000000,SUP
Sabará,cidade,Contagem - MG,1,2026-08-18 17:45:00.000000,SUP
Sabará,cidade,Janaúba - MG,1,2026-08-18 17:45:00.000000,SUP
Sabará,cidade,Lagoa Santa - MG,1,2026-08-18 17:45:00.000000,SUP
Sabará,cidade,Belém - PA,1,2026-08-18 17:45:00.000000,SUP
Sabará,cidade,Santo Antônio do Grama - MG,1,2026-08-18 17:45:00.000000,SUP
Sabará,cidade,Vitória do Jari - AP,1,2026-08-18 17:45:00.000000,SUP
Santa Luzia,tipo,Pública Estadual,95,2026-08-18 17:45:00.000000,SUP
Santa Luzia,tipo,Privada,24,2026-08-18 17:45:00.000000,SUP
Santa Luzia,tipo,Pública Federal,17,2026-08-18 17:45:00.000000,SUP
Santa Luzia,tipo,Pública Municipal,8,2026-08-18 17:45:00.000000,SUP
Santa Luzia,area,Urbana,143,2026-08-18 17:45:00.000000,SUP
Santa Luzia,area,Rural,1,2026-08-18 17:45:00.000000,SUP
Santa Luzia,cidade,Santa Luzia - MG,48,2026-08-18 17:45:00.000000,SUP
Santa Luzia,cidade,Belo Horizonte - MG,36,2026-08-18 17:45:00.000000,SUP
Santa Luzia,cidade,Outra - OU,11,2026-08-18 17:45:00.000000,SUP
Santa Luzia,cidade,Ribeirão das Neves - MG,6,2026-08-18 17:45:00.000000,SUP
Santa Luzia,cidade,Vespasiano - MG,5,2026-08-18 17:45:00.000000,SUP
Santa Luzia,cidade,Sabará - MG,3,2026-08-18 17:45:00.000000,SUP
Santa Luzia,cidade,Sete Lagoas - MG,2,2026-08-18 17:45:00.000000,SUP
Santa Luzia,cidade,Matozinhos - MG,2,2026-08-18 17:45:00.000000,SUP
Santa Luzia,cidade,Araxá - MG,2,2026-08-18 17:45:00.000000,SUP
Santa Luzia,cidade,Betim - MG,2,2026-08-18 17:45:00.000000,SUP
Santa Luzia,cidade,Brasília de Minas - MG,1,2026-08-18 17:45:00.000000,SUP
Santa Luzia,cidade,Sarzedo - MG,1,2026-08-18 17:45:00.000000,SUP
Santa Luzia,cidade,Campos Altos - MG,1,2026-08-18 17:45:00.000000,SUP
Santa Luzia,cidade,Cláudio - MG,1,2026-08-18 17:45:00.000000,SUP
Santa Luzia,cidade,Três Corações - MG,1,2026-08-18 17:45:00.000000,SUP
São João Evangelista,tipo,Pública Estadual,81,2026-08-18 17:45:00.000000,SUP
São João Evangelista,tipo,Pública Federal,7,2026-08-18 17:45:00.000000,SUP
São João Evangelista,tipo,Privada,2,2026-08-18 17:45:00.000000,SUP
São João Evangelista,area,Urbana,82,2026-08-18 17:45:00.000000,SUP
São João Evangelista,area,Rural,8,2026-08-18 17:45:00.000000,SUP
São João Evangelista,cidade,São João Evangelista - MG,27,2026-08-18 17:45:00.000000,SUP
São João Evangelista,cidade,Guanhães - MG,21,2026-08-18 17:45:00.000000,SUP
São João Evangelista,cidade,Peçanha - MG,6,2026-08-18 17:45:00.000000,SUP
São João Evangelista,cidade,Virginópolis - MG,4,2026-08-18 17:45:00.000000,SUP
São João Evangelista,cidade,São Pedro do Suaçuí - MG,3,2026-08-18 17:45:00.000000,SUP
São João Evangelista,cidade,Paulistas - MG,3,2026-08-18 17:45:00.000000,SUP
São João Evangelista,cidade,Santa Maria do Suaçuí - MG,2,2026-08-18 17:45:00.000000,SUP
São João Evangelista,cidade,Aricanduva - MG,2,2026-08-18 17:45:00.000000,SUP
São João Evangelista,cidade,Cantagalo - MG,2,2026-08-18 17:45:00.000000,SUP
São João Evangelista,cidade,Serro - MG,2,2026-08-18 17:45:00.000000,SUP
São João Evangelista,cidade,Dom Joaquim - MG,2,2026-08-18 17:45:00.000000,SUP
São João Evangelista,cidade,Outra - OU,2,2026-08-18 17:45:00.000000,SUP
São João Evangelista,cidade,Água Boa - MG,1,2026-08-18 17:45:00.000000,SUP
São João Evangelista,cidade,Santos Dumont - MG,1,2026-08-18 17:45:00.000000,SUP
São João Evangelista,cidade,Belo Horizonte - MG,1,2026-08-18 17:45:00.000000,SUP
Todas as unidades,tipo,Pública Estadual,2437,2026-08-18 18:58:00.000000,INT
Todas as unidades,tipo,Pública Municipal,2260,2026-08-18 18:58:00.000000,INT
Todas as unidades,tipo,Privada,1366,2026-08-18 18:58:00.000000,INT
Todas as unidades,tipo,Pública Federal,20,2026-08-18 18:58:00.000000,INT
Todas as unidades,area,Urbana,6030,2026-08-18 18:58:00.000000,INT
Todas as unidades,area,Rural,53,2026-08-18 18:58:00.000000,INT
Todas as unidades,cidade,Belo Horizonte - MG,789,2026-08-18 18:58:00.000000,INT
Todas as unidades,cidade,Betim - MG,479,2026-08-18 18:58:00.000000,INT
Todas as unidades,cidade,Ribeirão das Neves - MG,362,2026-08-18 18:58:00.000000,INT
Todas as unidades,cidade,Contagem - MG,320,2026-08-18 18:58:00.000000,INT
Todas as unidades,cidade,Santa Luzia - MG,282,2026-08-18 18:58:00.000000,INT
Todas as unidades,cidade,Sabará - MG,276,2026-08-18 18:58:00.000000,INT
Todas as unidades,cidade,Conselheiro Lafaiete - MG,254,2026-08-18 18:58:00.000000,INT
Todas as unidades,cidade,Ipatinga - MG,240,2026-08-18 18:58:00.000000,INT
Todas as unidades,cidade,Ouro Preto - MG,238,2026-08-18 18:58:00.000000,INT
Todas as unidades,cidade,Itabirito - MG,234,2026-08-18 18:58:00.000000,INT
Todas as unidades,cidade,Ponte Nova - MG,220,2026-08-18 18:58:00.000000,INT
Todas as unidades,cidade,Governador Valadares - MG,201,2026-08-18 18:58:00.000000,INT
Todas as unidades,cidade,Congonhas - MG,172,2026-08-18 18:58:00.000000,INT
Todas as unidades,cidade,Ibirité - MG,146,2026-08-18 18:58:00.000000,INT
Todas as unidades,cidade,Ouro Branco - MG,146,2026-08-18 18:58:00.000000,INT
Arcos,tipo,Pública Estadual,44,2026-08-18 18:58:00.000000,INT
Arcos,tipo,Privada,21,2026-08-18 18:58:00.000000,INT
Arcos,tipo,Pública Municipal,3,2026-08-18 18:58:00.000000,INT
Arcos,area,Urbana,65,2026-08-18 18:58:00.000000,INT
Arcos,area,Rural,3,2026-08-18 18:58:00.000000,INT
Arcos,cidade,Arcos - MG,62,2026-08-18 18:58:00.000000,INT
Arcos,cidade,Natal - RN,1,2026-08-18 18:58:00.000000,INT
Arcos,cidade,Doresópolis - MG,1,2026-08-18 18:58:00.000000,INT
Arcos,cidade,Japaraíba - MG,1,2026-08-18 18:58:00.000000,INT
Arcos,cidade,Acrelândia - AC,1,2026-08-18 18:58:00.000000,INT
Arcos,cidade,Iguatama - MG,1,2026-08-18 18:58:00.000000,INT
Arcos,cidade,Outra - OU,1,2026-08-18 18:58:00.000000,INT
Bambuí,tipo,Pública Estadual,79,2026-08-18 18:58:00.000000,INT
Bambuí,tipo,Pública Municipal,26,2026-08-18 18:58:00.000000,INT
Bambuí,tipo,Privada,21,2026-08-18 18:58:00.000000,INT
Bambuí,area,Urbana,115,2026-08-18 18:58:00.000000,INT
Bambuí,area,Rural,11,2026-08-18 18:58:00.000000,INT
Bambuí,cidade,Bambuí - MG,51,2026-08-18 18:58:00.000000,INT
Bambuí,cidade,Iguatama - MG,11,2026-08-18 18:58:00.000000,INT
Bambuí,cidade,Medeiros - MG,9,2026-08-18 18:58:00.000000,INT
Bambuí,cidade,Luz - MG,6,2026-08-18 18:58:00.000000,INT
Bambuí,cidade,Campos Altos - MG,5,2026-08-18 18:58:00.000000,INT
Bambuí,cidade,Arcos - MG,4,2026-08-18 18:58:00.000000,INT
Bambuí,cidade,Piumhi - MG,3,2026-08-18 18:58:00.000000,INT
Bambuí,cidade,Santa Rosa da Serra - MG,3,2026-08-18 18:58:00.000000,INT
Bambuí,cidade,Pompéu - MG,3,2026-08-18 18:58:00.000000,INT
Bambuí,cidade,Córrego Danta - MG,3,2026-08-18 18:58:00.000000,INT
Bambuí,cidade,Contagem - MG,2,2026-08-18 18:58:00.000000,INT
Bambuí,cidade,Outra - OU,2,2026-08-18 18:58:00.000000,INT
Bambuí,cidade,Ibiá - MG,2,2026-08-18 18:58:00.000000,INT
Bambuí,cidade,Belo Horizonte - MG,2,2026-08-18 18:58:00.000000,INT
Bambuí,cidade,Araxá - MG,2,2026-08-18 18:58:00.000000,INT
Betim,tipo,Pública Municipal,486,2026-08-18 18:58:00.000000,INT
Betim,tipo,Privada,220,2026-08-18 18:58:00.000000,INT
Betim,tipo,Pública Estadual,138,2026-08-18 18:58:00.000000,INT
Betim,tipo,Pública Federal,3,2026-08-18 18:58:00.000000,INT
Betim,area,Urbana,847,2026-08-18 18:58:00.000000,INT
Betim,cidade,Betim - MG,461,2026-08-18 18:58:00.000000,INT
Betim,cidade,Contagem - MG,255,2026-08-18 18:58:00.000000,INT
Betim,cidade,Belo Horizonte - MG,54,2026-08-18 18:58:00.000000,INT
Betim,cidade,Outra - OU,24,2026-08-18 18:58:00.000000,INT
Betim,cidade,São Joaquim de Bicas - MG,11,2026-08-18 18:58:00.000000,INT
Betim,cidade,Igarapé - MG,10,2026-08-18 18:58:00.000000,INT
Betim,cidade,Juatuba - MG,6,2026-08-18 18:58:00.000000,INT
Betim,cidade,Sarzedo - MG,5,2026-08-18 18:58:00.000000,INT
Betim,cidade,Esmeraldas - MG,4,2026-08-18 18:58:00.000000,INT
Betim,cidade,Nova Lima - MG,3,2026-08-18 18:58:00.000000,INT
Betim,cidade,João Monlevade - MG,1,2026-08-18 18:58:00.000000,INT
Betim,cidade,Mário Campos - MG,1,2026-08-18 18:58:00.000000,INT
Betim,cidade,Ouro Branco - MG,1,2026-08-18 18:58:00.000000,INT
Betim,cidade,Ribeirão das Neves - MG,1,2026-08-18 18:58:00.000000,INT
Betim,cidade,Carangola - MG,1,2026-08-18 18:58:00.000000,INT
Congonhas,tipo,Pública Municipal,152,2026-08-18 18:58:00.000000,INT
Congonhas,tipo,Privada,52,2026-08-18 18:58:00.000000,INT
Congonhas,tipo,Pública Estadual,43,2026-08-18 18:58:00.000000,INT
Congonhas,area,Urbana,247,2026-08-18 18:58:00.000000,INT
Congonhas,cidade,Congonhas - MG,169,2026-08-18 18:58:00.000000,INT
Congonhas,cidade,Jeceaba - MG,22,2026-08-18 18:58:00.000000,INT
Congonhas,cidade,Conselheiro Lafaiete - MG,17,2026-08-18 18:58:00.000000,INT
Congonhas,cidade,São Brás do Suaçuí - MG,10,2026-08-18 18:58:00.000000,INT
Congonhas,cidade,Entre Rios de Minas - MG,9,2026-08-18 18:58:00.000000,INT
Congonhas,cidade,Belo Vale - MG,9,2026-08-18 18:58:00.000000,INT
Congonhas,cidade,Outra - OU,6,2026-08-18 18:58:00.000000,INT
Congonhas,cidade,Belo Horizonte - MG,1,2026-08-18 18:58:00.000000,INT
Congonhas,cidade,Ouro Branco - MG,1,2026-08-18 18:58:00.000000,INT
Congonhas,cidade,Guarapari - ES,1,2026-08-18 18:58:00.000000,INT
Congonhas,cidade,Barão de Cocais - MG,1,2026-08-18 18:58:00.000000,INT
Congonhas,cidade,Barrinha - SP,1,2026-08-18 18:58:00.000000,INT
Conselheiro Lafaiete,tipo,Pública Municipal,94,2026-08-18 18:58:00.000000,INT
Conselheiro Lafaiete,tipo,Pública Estadual,87,2026-08-18 18:58:00.000000,INT
Conselheiro Lafaiete,tipo,Privada,23,2026-08-18 18:58:00.000000,INT
Conselheiro Lafaiete,tipo,Pública Federal,1,2026-08-18 18:58:00.000000,INT
Conselheiro Lafaiete,area,Urbana,204,2026-08-18 18:58:00.000000,INT
Conselheiro Lafaiete,area,Rural,1,2026-08-18 18:58:00.000000,INT
Conselheiro Lafaiete,cidade,Conselheiro Lafaiete - MG,153,2026-08-18 18:58:00.000000,INT
Conselheiro Lafaiete,cidade,Carandaí - MG,21,2026-08-18 18:58:00.000000,INT
Conselheiro Lafaiete,cidade,Catas Altas da Noruega - MG,6,2026-08-18 18:58:00.000000,INT
Conselheiro Lafaiete,cidade,Caranaíba - MG,5,2026-08-18 18:58:00.000000,INT
Conselheiro Lafaiete,cidade,Outra - OU,3,2026-08-18 18:58:00.000000,INT
Conselheiro Lafaiete,cidade,Cristiano Otoni - MG,3,2026-08-18 18:58:00.000000,INT
Conselheiro Lafaiete,cidade,Itaverava - MG,2,2026-08-18 18:58:00.000000,INT
Conselheiro Lafaiete,cidade,Juiz de Fora - MG,2,2026-08-18 18:58:00.000000,INT
Conselheiro Lafaiete,cidade,Jeceaba - MG,2,2026-08-18 18:58:00.000000,INT
Conselheiro Lafaiete,cidade,Queluzito - MG,2,2026-08-18 18:58:00.000000,INT
Conselheiro Lafaiete,cidade,Piranga - MG,1,2026-08-18 18:58:00.000000,INT
Conselheiro Lafaiete,cidade,Rio Espera - MG,1,2026-08-18 18:58:00.000000,INT
Conselheiro Lafaiete,cidade,Entre Rios de Minas - MG,1,2026-08-18 18:58:00.000000,INT
Conselheiro Lafaiete,cidade,Ouro Branco - MG,1,2026-08-18 18:58:00.000000,INT
Conselheiro Lafaiete,cidade,Santana dos Montes - MG,1,2026-08-18 18:58:00.000000,INT
Formiga,tipo,Pública Estadual,71,2026-08-18 18:58:00.000000,INT
Formiga,tipo,Pública Municipal,26,2026-08-18 18:58:00.000000,INT
Formiga,tipo,Privada,12,2026-08-18 18:58:00.000000,INT
Formiga,area,Urbana,107,2026-08-18 18:58:00.000000,INT
Formiga,area,Rural,2,2026-08-18 18:58:00.000000,INT
Formiga,cidade,Formiga - MG,80,2026-08-18 18:58:00.000000,INT
Formiga,cidade,Pains - MG,13,2026-08-18 18:58:00.000000,INT
Formiga,cidade,Córrego Fundo - MG,10,2026-08-18 18:58:00.000000,INT
Formiga,cidade,Arcos - MG,1,2026-08-18 18:58:00.000000,INT
Formiga,cidade,Córrego Danta - MG,1,2026-08-18 18:58:00.000000,INT
Formiga,cidade,Divinópolis - MG,1,2026-08-18 18:58:00.000000,INT
Formiga,cidade,Barra da Estiva - BA,1,2026-08-18 18:58:00.000000,INT
Formiga,cidade,Campo Belo - MG,1,2026-08-18 18:58:00.000000,INT
Formiga,cidade,Outra - OU,1,2026-08-18 18:58:00.000000,INT
Governador Valadares,tipo,Pública Estadual,157,2026-08-18 18:58:00.000000,INT
Governador Valadares,tipo,Privada,107,2026-08-18 18:58:00.000000,INT
Governador Valadares,tipo,Pública Municipal,19,2026-08-18 18:58:00.000000,INT
Governador Valadares,area,Urbana,280,2026-08-18 18:58:00.000000,INT
Governador Valadares,area,Rural,3,2026-08-18 18:58:00.000000,INT
Governador Valadares,cidade,Governador Valadares - MG,200,2026-08-18 18:58:00.000000,INT
Governador Valadares,cidade,Engenheiro Caldas - MG,15,2026-08-18 18:58:00.000000,INT
Governador Valadares,cidade,Frei Inocêncio - MG,14,2026-08-18 18:58:00.000000,INT
Governador Valadares,cidade,Mathias Lobato - MG,10,2026-08-18 18:58:00.000000,INT
Governador Valadares,cidade,Outra - OU,9,2026-08-18 18:58:00.000000,INT
Governador Valadares,cidade,Tarumirim - MG,6,2026-08-18 18:58:00.000000,INT
Governador Valadares,cidade,Jampruca - MG,4,2026-08-18 18:58:00.000000,INT
Governador Valadares,cidade,Sardoá - MG,4,2026-08-18 18:58:00.000000,INT
Governador Valadares,cidade,Alpercata - MG,2,2026-08-18 18:58:00.000000,INT
Governador Valadares,cidade,São Geraldo da Piedade - MG,2,2026-08-18 18:58:00.000000,INT
Governador Valadares,cidade,Itanhomi - MG,2,2026-08-18 18:58:00.000000,INT
Governador Valadares,cidade,Santa Rita do Itueto - MG,1,2026-08-18 18:58:00.000000,INT
Governador Valadares,cidade,Campanário - MG,1,2026-08-18 18:58:00.000000,INT
Governador Valadares,cidade,São Pedro dos Ferros - MG,1,2026-08-18 18:58:00.000000,INT
Governador Valadares,cidade,Conselheiro Pena - MG,1,2026-08-18 18:58:00.000000,INT
Ibirité,tipo,Pública Municipal,246,2026-08-18 18:58:00.000000,INT
Ibirité,tipo,Privada,147,2026-08-18 18:58:00.000000,INT
Ibirité,tipo,Pública Estadual,103,2026-08-18 18:58:00.000000,INT
Ibirité,area,Urbana,495,2026-08-18 18:58:00.000000,INT
Ibirité,area,Rural,1,2026-08-18 18:58:00.000000,INT
Ibirité,cidade,Belo Horizonte - MG,261,2026-08-18 18:58:00.000000,INT
Ibirité,cidade,Ibirité - MG,143,2026-08-18 18:58:00.000000,INT
Ibirité,cidade,Contagem - MG,43,2026-08-18 18:58:00.000000,INT
Ibirité,cidade,Betim - MG,14,2026-08-18 18:58:00.000000,INT
Ibirité,cidade,Sarzedo - MG,13,2026-08-18 18:58:00.000000,INT
Ibirité,cidade,Outra - OU,10,2026-08-18 18:58:00.000000,INT
Ibirité,cidade,Brumadinho - MG,4,2026-08-18 18:58:00.000000,INT
Ibirité,cidade,Itambacuri - MG,1,2026-08-18 18:58:00.000000,INT
Ibirité,cidade,Nova Serrana - MG,1,2026-08-18 18:58:00.000000,INT
Ibirité,cidade,Ribeirão das Neves - MG,1,2026-08-18 18:58:00.000000,INT
Ibirité,cidade,São Joaquim de Bicas - MG,1,2026-08-18 18:58:00.000000,INT
Ibirité,cidade,Vespasiano - MG,1,2026-08-18 18:58:00.000000,INT
Ibirité,cidade,Mário Campos - MG,1,2026-08-18 18:58:00.000000,INT
Ibirité,cidade,Piedade dos Gerais - MG,1,2026-08-18 18:58:00.000000,INT
Ibirité,cidade,Rio Doce - MG,1,2026-08-18 18:58:00.000000,INT
Ipatinga,tipo,Pública Municipal,144,2026-08-18 18:58:00.000000,INT
Ipatinga,tipo,Pública Estadual,123,2026-08-18 18:58:00.000000,INT
Ipatinga,tipo,Privada,65,2026-08-18 18:58:00.000000,INT
Ipatinga,area,Urbana,330,2026-08-18 18:58:00.000000,INT
Ipatinga,area,Rural,2,2026-08-18 18:58:00.000000,INT
Ipatinga,cidade,Ipatinga - MG,239,2026-08-18 18:58:00.000000,INT
Ipatinga,cidade,Coronel Fabriciano - MG,36,2026-08-18 18:58:00.000000,INT
Ipatinga,cidade,Timóteo - MG,12,2026-08-18 18:58:00.000000,INT
Ipatinga,cidade,Santana do Paraíso - MG,10,2026-08-18 18:58:00.000000,INT
Ipatinga,cidade,Belo Oriente - MG,9,2026-08-18 18:58:00.000000,INT
Ipatinga,cidade,Ipaba - MG,3,2026-08-18 18:58:00.000000,INT
Ipatinga,cidade,Outra - OU,3,2026-08-18 18:58:00.000000,INT
Ipatinga,cidade,Dom Cavati - MG,2,2026-08-18 18:58:00.000000,INT
Ipatinga,cidade,Pingo-d'Água - MG,2,2026-08-18 18:58:00.000000,INT
Ipatinga,cidade,São Domingos do Prata - MG,2,2026-08-18 18:58:00.000000,INT
Ipatinga,cidade,Caratinga - MG,2,2026-08-18 18:58:00.000000,INT
Ipatinga,cidade,Joanésia - MG,1,2026-08-18 18:58:00.000000,INT
Ipatinga,cidade,Naque - MG,1,2026-08-18 18:58:00.000000,INT
Ipatinga,cidade,Pocrane - MG,1,2026-08-18 18:58:00.000000,INT
Ipatinga,cidade,Abre Campo - MG,1,2026-08-18 18:58:00.000000,INT
Itabirito,tipo,Pública Municipal,107,2026-08-18 18:58:00.000000,INT
Itabirito,tipo,Pública Estadual,39,2026-08-18 18:58:00.000000,INT
Itabirito,tipo,Privada,19,2026-08-18 18:58:00.000000,INT
Itabirito,tipo,Pública Federal,1,2026-08-18 18:58:00.000000,INT
Itabirito,area,Urbana,166,2026-08-18 18:58:00.000000,INT
Itabirito,cidade,Itabirito - MG,160,2026-08-18 18:58:00.000000,INT
Itabirito,cidade,Ouro Preto - MG,2,2026-08-18 18:58:00.000000,INT
Itabirito,cidade,Belo Horizonte - MG,1,2026-08-18 18:58:00.000000,INT
Itabirito,cidade,Mariana - MG,1,2026-08-18 18:58:00.000000,INT
Itabirito,cidade,Ouro Branco - MG,1,2026-08-18 18:58:00.000000,INT
Itabirito,cidade,Nova Lima - MG,1,2026-08-18 18:58:00.000000,INT
Ouro Branco,tipo,Pública Municipal,124,2026-08-18 18:58:00.000000,INT
Ouro Branco,tipo,Pública Estadual,62,2026-08-18 18:58:00.000000,INT
Ouro Branco,tipo,Privada,61,2026-08-18 18:58:00.000000,INT
Ouro Branco,tipo,Pública Federal,1,2026-08-18 18:58:00.000000,INT
Ouro Branco,area,Urbana,241,2026-08-18 18:58:00.000000,INT
Ouro Branco,area,Rural,7,2026-08-18 18:58:00.000000,INT
Ouro Branco,cidade,Ouro Branco - MG,142,2026-08-18 18:58:00.000000,INT
Ouro Branco,cidade,Conselheiro Lafaiete - MG,83,2026-08-18 18:58:00.000000,INT
Ouro Branco,cidade,Jeceaba - MG,7,2026-08-18 18:58:00.000000,INT
Ouro Branco,cidade,Itaverava - MG,2,2026-08-18 18:58:00.000000,INT
Ouro Branco,cidade,Piranga - MG,2,2026-08-18 18:58:00.000000,INT
Ouro Branco,cidade,Caranaíba - MG,2,2026-08-18 18:58:00.000000,INT
Ouro Branco,cidade,Congonhas - MG,2,2026-08-18 18:58:00.000000,INT
Ouro Branco,cidade,Entre Rios de Minas - MG,2,2026-08-18 18:58:00.000000,INT
Ouro Branco,cidade,Barão de Cocais - MG,1,2026-08-18 18:58:00.000000,INT
Ouro Branco,cidade,Ipatinga - MG,1,2026-08-18 18:58:00.000000,INT
Ouro Branco,cidade,Ouro Preto - MG,1,2026-08-18 18:58:00.000000,INT
Ouro Branco,cidade,Macaé - RJ,1,2026-08-18 18:58:00.000000,INT
Ouro Branco,cidade,Brumado - BA,1,2026-08-18 18:58:00.000000,INT
Ouro Branco,cidade,Belo Horizonte - MG,1,2026-08-18 18:58:00.000000,INT
Ouro Preto,tipo,Pública Municipal,210,2026-08-18 18:58:00.000000,INT
Ouro Preto,tipo,Pública Estadual,164,2026-08-18 18:58:00.000000,INT
Ouro Preto,tipo,Privada,120,2026-08-18 18:58:00.000000,INT
Ouro Preto,tipo,Pública Federal,2,2026-08-18 18:58:00.000000,INT
Ouro Preto,area,Urbana,491,2026-08-18 18:58:00.000000,INT
Ouro Preto,area,Rural,5,2026-08-18 18:58:00.000000,INT
Ouro Preto,cidade,Ouro Preto - MG,235,2026-08-18 18:58:00.000000,INT
Ouro Preto,cidade,Mariana - MG,136,2026-08-18 18:58:00.000000,INT
Ouro Preto,cidade,Itabirito - MG,74,2026-08-18 18:58:00.000000,INT
Ouro Preto,cidade,Santa Bárbara - MG,11,2026-08-18 18:58:00.000000,INT
Ouro Preto,cidade,Outra - OU,10,2026-08-18 18:58:00.000000,INT
Ouro Preto,cidade,Catas Altas - MG,8,2026-08-18 18:58:00.000000,INT
Ouro Preto,cidade,Belo Horizonte - MG,5,2026-08-18 18:58:00.000000,INT
Ouro Preto,cidade,Piranga - MG,2,2026-08-18 18:58:00.000000,INT
Ouro Preto,cidade,Barão de Cocais - MG,2,2026-08-18 18:58:00.000000,INT
Ouro Preto,cidade,Conselheiro Lafaiete - MG,1,2026-08-18 18:58:00.000000,INT
Ouro Preto,cidade,Espera Feliz - MG,1,2026-08-18 18:58:00.000000,INT
Ouro Preto,cidade,Itaguara - MG,1,2026-08-18 18:58:00.000000,INT
Ouro Preto,cidade,Salvador - BA,1,2026-08-18 18:58:00.000000,INT
Ouro Preto,cidade,Barbacena - MG,1,2026-08-18 18:58:00.000000,INT
Ouro Preto,cidade,Rio Casca - MG,1,2026-08-18 18:58:00.000000,INT
Piumhi,tipo,Pública Estadual,56,2026-08-18 18:58:00.000000,INT
Piumhi,tipo,Privada,25,2026-08-18 18:58:00.000000,INT
Piumhi,tipo,Pública Municipal,3,2026-08-18 18:58:00.000000,INT
Piumhi,area,Urbana,84,2026-08-18 18:58:00.000000,INT
Piumhi,cidade,Piumhi - MG,56,2026-08-18 18:58:00.000000,INT
Piumhi,cidade,Pimenta - MG,16,2026-08-18 18:58:00.000000,INT
Piumhi,cidade,Capitólio - MG,9,2026-08-18 18:58:00.000000,INT
Piumhi,cidade,Doresópolis - MG,3,2026-08-18 18:58:00.000000,INT
Ponte Nova,tipo,Pública Estadual,133,2026-08-18 18:58:00.000000,INT
Ponte Nova,tipo,Pública Municipal,127,2026-08-18 18:58:00.000000,INT
Ponte Nova,tipo,Privada,87,2026-08-18 18:58:00.000000,INT
Ponte Nova,area,Urbana,344,2026-08-18 18:58:00.000000,INT
Ponte Nova,area,Rural,3,2026-08-18 18:58:00.000000,INT
Ponte Nova,cidade,Ponte Nova - MG,220,2026-08-18 18:58:00.000000,INT
Ponte Nova,cidade,Urucânia - MG,20,2026-08-18 18:58:00.000000,INT
Ponte Nova,cidade,Amparo do Serra - MG,15,2026-08-18 18:58:00.000000,INT
Ponte Nova,cidade,Jequeri - MG,13,2026-08-18 18:58:00.000000,INT
Ponte Nova,cidade,Dom Silvério - MG,12,2026-08-18 18:58:00.000000,INT
Ponte Nova,cidade,Raul Soares - MG,10,2026-08-18 18:58:00.000000,INT
Ponte Nova,cidade,Rio Casca - MG,9,2026-08-18 18:58:00.000000,INT
Ponte Nova,cidade,Alvinópolis - MG,9,2026-08-18 18:58:00.000000,INT
Ponte Nova,cidade,Santa Cruz do Escalvado - MG,7,2026-08-18 18:58:00.000000,INT
Ponte Nova,cidade,Oratórios - MG,6,2026-08-18 18:58:00.000000,INT
Ponte Nova,cidade,Outra - OU,4,2026-08-18 18:58:00.000000,INT
Ponte Nova,cidade,Rio Doce - MG,3,2026-08-18 18:58:00.000000,INT
Ponte Nova,cidade,Guaraciaba - MG,3,2026-08-18 18:58:00.000000,INT
Ponte Nova,cidade,Sem-Peixe - MG,2,2026-08-18 18:58:00.000000,INT
Ponte Nova,cidade,Viçosa - MG,2,2026-08-18 18:58:00.000000,INT
Ribeirão das Neves,tipo,Pública Estadual,315,2026-08-18 18:58:00.000000,INT
Ribeirão das Neves,tipo,Pública Municipal,179,2026-08-18 18:58:00.000000,INT
Ribeirão das Neves,tipo,Privada,112,2026-08-18 18:58:00.000000,INT
Ribeirão das Neves,tipo,Pública Federal,3,2026-08-18 18:58:00.000000,INT
Ribeirão das Neves,area,Urbana,609,2026-08-18 18:58:00.000000,INT
Ribeirão das Neves,cidade,Ribeirão das Neves - MG,359,2026-08-18 18:58:00.000000,INT
Ribeirão das Neves,cidade,Belo Horizonte - MG,165,2026-08-18 18:58:00.000000,INT
Ribeirão das Neves,cidade,Esmeraldas - MG,24,2026-08-18 18:58:00.000000,INT
Ribeirão das Neves,cidade,São José da Lapa - MG,16,2026-08-18 18:58:00.000000,INT
Ribeirão das Neves,cidade,Outra - OU,16,2026-08-18 18:58:00.000000,INT
Ribeirão das Neves,cidade,Contagem - MG,15,2026-08-18 18:58:00.000000,INT
Ribeirão das Neves,cidade,Vespasiano - MG,4,2026-08-18 18:58:00.000000,INT
Ribeirão das Neves,cidade,Brumadinho - MG,1,2026-08-18 18:58:00.000000,INT
Ribeirão das Neves,cidade,Governador Valadares - MG,1,2026-08-18 18:58:00.000000,INT
Ribeirão das Neves,cidade,Lagoa Santa - MG,1,2026-08-18 18:58:00.000000,INT
Ribeirão das Neves,cidade,Montes Claros - MG,1,2026-08-18 18:58:00.000000,INT
Ribeirão das Neves,cidade,Betim - MG,1,2026-08-18 18:58:00.000000,INT
Ribeirão das Neves,cidade,Confins - MG,1,2026-08-18 18:58:00.000000,INT
Ribeirão das Neves,cidade,Ibirité - MG,1,2026-08-18 18:58:00.000000,INT
Ribeirão das Neves,cidade,Matozinhos - MG,1,2026-08-18 18:58:00.000000,INT
Sabará,tipo,Pública Estadual,232,2026-08-18 18:58:00.000000,INT
Sabará,tipo,Pública Municipal,150,2026-08-18 18:58:00.000000,INT
Sabará,tipo,Privada,120,2026-08-18 18:58:00.000000,INT
Sabará,tipo,Pública Federal,4,2026-08-18 18:58:00.000000,INT
Sabará,area,Urbana,506,2026-08-18 18:58:00.000000,INT
Sabará,cidade,Sabará - MG,274,2026-08-18 18:58:00.000000,INT
Sabará,cidade,Belo Horizonte - MG,171,2026-08-18 18:58:00.000000,INT
Sabará,cidade,Caeté - MG,40,2026-08-18 18:58:00.000000,INT
Sabará,cidade,Santa Luzia - MG,6,2026-08-18 18:58:00.000000,INT
Sabará,cidade,Nova Lima - MG,5,2026-08-18 18:58:00.000000,INT
Sabará,cidade,Outra - OU,5,2026-08-18 18:58:00.000000,INT
Sabará,cidade,Contagem - MG,2,2026-08-18 18:58:00.000000,INT
Sabará,cidade,Carmópolis de Minas - MG,1,2026-08-18 18:58:00.000000,INT
Sabará,cidade,Jaboticatubas - MG,1,2026-08-18 18:58:00.000000,INT
Sabará,cidade,São José da Lapa - MG,1,2026-08-18 18:58:00.000000,INT
Santa Luzia,tipo,Pública Estadual,192,2026-08-18 18:58:00.000000,INT
Santa Luzia,tipo,Pública Municipal,149,2026-08-18 18:58:00.000000,INT
Santa Luzia,tipo,Privada,124,2026-08-18 18:58:00.000000,INT
Santa Luzia,tipo,Pública Federal,5,2026-08-18 18:58:00.000000,INT
Santa Luzia,area,Urbana,470,2026-08-18 18:58:00.000000,INT
Santa Luzia,cidade,Santa Luzia - MG,276,2026-08-18 18:58:00.000000,INT
Santa Luzia,cidade,Belo Horizonte - MG,125,2026-08-18 18:58:00.000000,INT
Santa Luzia,cidade,Vespasiano - MG,20,2026-08-18 18:58:00.000000,INT
Santa Luzia,cidade,Outra - OU,13,2026-08-18 18:58:00.000000,INT
Santa Luzia,cidade,Lagoa Santa - MG,9,2026-08-18 18:58:00.000000,INT
Santa Luzia,cidade,São José da Lapa - MG,6,2026-08-18 18:58:00.000000,INT
Santa Luzia,cidade,Pedro Leopoldo - MG,4,2026-08-18 18:58:00.000000,INT
Santa Luzia,cidade,Sabará - MG,2,2026-08-18 18:58:00.000000,INT
Santa Luzia,cidade,Brasília - DF,2,2026-08-18 18:58:00.000000,INT
Santa Luzia,cidade,Contagem - MG,2,2026-08-18 18:58:00.000000,INT
Santa Luzia,cidade,Jaboticatubas - MG,1,2026-08-18 18:58:00.000000,INT
Santa Luzia,cidade,Mateus Leme - MG,1,2026-08-18 18:58:00.000000,INT
Santa Luzia,cidade,Montes Claros - MG,1,2026-08-18 18:58:00.000000,INT
Santa Luzia,cidade,Ribeirão das Neves - MG,1,2026-08-18 18:58:00.000000,INT
Santa Luzia,cidade,Araçaí - MG,1,2026-08-18 18:58:00.000000,INT
São João Evangelista,tipo,Pública Estadual,399,2026-08-18 18:58:00.000000,INT
São João Evangelista,tipo,Privada,30,2026-08-18 18:58:00.000000,INT
São João Evangelista,tipo,Pública Municipal,15,2026-08-18 18:58:00.000000,INT
São João Evangelista,area,Urbana,429,2026-08-18 18:58:00.000000,INT
São João Evangelista,area,Rural,15,2026-08-18 18:58:00.000000,INT
São João Evangelista,cidade,Guanhães - MG,96,2026-08-18 18:58:00.000000,INT
São João Evangelista,cidade,São João Evangelista - MG,77,2026-08-18 18:58:00.000000,INT
São João Evangelista,cidade,Peçanha - MG,31,2026-08-18 18:58:00.000000,INT
São João Evangelista,cidade,Coluna - MG,26,2026-08-18 18:58:00.000000,INT
São João Evangelista,cidade,Virginópolis - MG,22,2026-08-18 18:58:00.000000,INT
São João Evangelista,cidade,Santa Maria do Suaçuí - MG,18,2026-08-18 18:58:00.000000,INT
São João Evangelista,cidade,São Pedro do Suaçuí - MG,15,2026-08-18 18:58:00.000000,INT
São João Evangelista,cidade,Capelinha - MG,15,2026-08-18 18:58:00.000000,INT
São João Evangelista,cidade,São José do Jacuri - MG,11,2026-08-18 18:58:00.000000,INT
São João Evangelista,cidade,Cantagalo - MG,11,2026-08-18 18:58:00.000000,INT
São João Evangelista,cidade,Divinolândia de Minas - MG,9,2026-08-18 18:58:00.000000,INT
São João Evangelista,cidade,Frei Lagonegro - MG,8,2026-08-18 18:58:00.000000,INT
São João Evangelista,cidade,Angelândia - MG,8,2026-08-18 18:58:00.000000,INT
São João Evangelista,cidade,São Sebastião do Maranhão - MG,8,2026-08-18 18:58:00.000000,INT
São João Evangelista,cidade,Setubinha - MG,8,2026-08-18 18:58:00.000000,INT
Todas as unidades,tipo,Pública Estadual,424,2026-08-18 18:58:00.000000,SUB
Todas as unidades,tipo,Privada,68,2026-08-18 18:58:00.000000,SUB
Todas as unidades,tipo,Pública Federal,23,2026-08-18 18:58:00.000000,SUB
Todas as unidades,tipo,Pública Municipal,13,2026-08-18 18:58:00.000000,SUB
Todas as unidades,area,Urbana,520,2026-08-18 18:58:00.000000,SUB
Todas as unidades,area,Rural,8,2026-08-18 18:58:00.000000,SUB
Todas as unidades,cidade,Belo Horizonte - MG,41,2026-08-18 18:58:00.000000,SUB
Todas as unidades,cidade,Conselheiro Lafaiete - MG,37,2026-08-18 18:58:00.000000,SUB
Todas as unidades,cidade,Santa Luzia - MG,36,2026-08-18 18:58:00.000000,SUB
Todas as unidades,cidade,Ouro Preto - MG,31,2026-08-18 18:58:00.000000,SUB
Todas as unidades,cidade,Outra - OU,26,2026-08-18 18:58:00.000000,SUB
Todas as unidades,cidade,Piumhi - MG,23,2026-08-18 18:58:00.000000,SUB
Todas as unidades,cidade,Congonhas - MG,19,2026-08-18 18:58:00.000000,SUB
Todas as unidades,cidade,Ribeirão das Neves - MG,18,2026-08-18 18:58:00.000000,SUB
Todas as unidades,cidade,Governador Valadares - MG,11,2026-08-18 18:58:00.000000,SUB
Todas as unidades,cidade,Mariana - MG,10,2026-08-18 18:58:00.000000,SUB
Todas as unidades,cidade,Ipatinga - MG,10,2026-08-18 18:58:00.000000,SUB
Todas as unidades,cidade,Contagem - MG,7,2026-08-18 18:58:00.000000,SUB
Todas as unidades,cidade,Pimenta - MG,6,2026-08-18 18:58:00.000000,SUB
Todas as unidades,cidade,Betim - MG,6,2026-08-18 18:58:00.000000,SUB
Todas as unidades,cidade,Salvador - BA,6,2026-08-18 18:58:00.000000,SUB
Bambuí,tipo,Pública Estadual,8,2026-08-18 18:58:00.000000,SUB
Bambuí,tipo,Privada,4,2026-08-18 18:58:00.000000,SUB
Bambuí,tipo,Pública Municipal,3,2026-08-18 18:58:00.000000,SUB
Bambuí,area,Urbana,12,2026-08-18 18:58:00.000000,SUB
Bambuí,area,Rural,3,2026-08-18 18:58:00.000000,SUB
Bambuí,cidade,Bambuí - MG,3,2026-08-18 18:58:00.000000,SUB
Bambuí,cidade,Formiga - MG,2,2026-08-18 18:58:00.000000,SUB
Bambuí,cidade,Caraí - MG,1,2026-08-18 18:58:00.000000,SUB
Bambuí,cidade,Oliveira - MG,1,2026-08-18 18:58:00.000000,SUB
Bambuí,cidade,Pimenta - MG,1,2026-08-18 18:58:00.000000,SUB
Bambuí,cidade,Campinas - SP,1,2026-08-18 18:58:00.000000,SUB
Bambuí,cidade,Arcos - MG,1,2026-08-18 18:58:00.000000,SUB
Bambuí,cidade,Belo Horizonte - MG,1,2026-08-18 18:58:00.000000,SUB
Bambuí,cidade,Perdões - MG,1,2026-08-18 18:58:00.000000,SUB
Bambuí,cidade,Santa Rosa da Serra - MG,1,2026-08-18 18:58:00.000000,SUB
Bambuí,cidade,Leme - SP,1,2026-08-18 18:58:00.000000,SUB
Bambuí,cidade,Santa Filomena - PE,1,2026-08-18 18:58:00.000000,SUB
Congonhas,tipo,Pública Estadual,20,2026-08-18 18:58:00.000000,SUB
Congonhas,tipo,Privada,2,2026-08-18 18:58:00.000000,SUB
Congonhas,area,Urbana,22,2026-08-18 18:58:00.000000,SUB
Congonhas,cidade,Congonhas - MG,13,2026-08-18 18:58:00.000000,SUB
Congonhas,cidade,Maceió - AL,1,2026-08-18 18:58:00.000000,SUB
Congonhas,cidade,Sabará - MG,1,2026-08-18 18:58:00.000000,SUB
Congonhas,cidade,Barrinha - SP,1,2026-08-18 18:58:00.000000,SUB
Congonhas,cidade,Outra - OU,1,2026-08-18 18:58:00.000000,SUB
Congonhas,cidade,Oriximiná - PA,1,2026-08-18 18:58:00.000000,SUB
Congonhas,cidade,Betim - MG,1,2026-08-18 18:58:00.000000,SUB
Congonhas,cidade,Entre Rios de Minas - MG,1,2026-08-18 18:58:00.000000,SUB
Congonhas,cidade,São Brás do Suaçuí - MG,1,2026-08-18 18:58:00.000000,SUB
Congonhas,cidade,Ubiratã - PR,1,2026-08-18 18:58:00.000000,SUB
Conselheiro Lafaiete,tipo,Pública Estadual,48,2026-08-18 18:58:00.000000,SUB
Conselheiro Lafaiete,tipo,Pública Municipal,6,2026-08-18 18:58:00.000000,SUB
Conselheiro Lafaiete,tipo,Privada,5,2026-08-18 18:58:00.000000,SUB
Conselheiro Lafaiete,tipo,Pública Federal,1,2026-08-18 18:58:00.000000,SUB
Conselheiro Lafaiete,area,Urbana,60,2026-08-18 18:58:00.000000,SUB
Conselheiro Lafaiete,cidade,Conselheiro Lafaiete - MG,35,2026-08-18 18:58:00.000000,SUB
Conselheiro Lafaiete,cidade,Congonhas - MG,4,2026-08-18 18:58:00.000000,SUB
Conselheiro Lafaiete,cidade,Barbacena - MG,3,2026-08-18 18:58:00.000000,SUB
Conselheiro Lafaiete,cidade,Ouro Branco - MG,2,2026-08-18 18:58:00.000000,SUB
Conselheiro Lafaiete,cidade,Senhora de Oliveira - MG,2,2026-08-18 18:58:00.000000,SUB
Conselheiro Lafaiete,cidade,Outra - OU,2,2026-08-18 18:58:00.000000,SUB
Conselheiro Lafaiete,cidade,Entre Rios de Minas - MG,2,2026-08-18 18:58:00.000000,SUB
Conselheiro Lafaiete,cidade,Patos de Minas - MG,1,2026-08-18 18:58:00.000000,SUB
Conselheiro Lafaiete,cidade,Rio de Janeiro - RJ,1,2026-08-18 18:58:00.000000,SUB
Conselheiro Lafaiete,cidade,Caranaíba - MG,1,2026-08-18 18:58:00.000000,SUB
Conselheiro Lafaiete,cidade,Nova Lima - MG,1,2026-08-18 18:58:00.000000,SUB
Conselheiro Lafaiete,cidade,Ouro Preto - MG,1,2026-08-18 18:58:00.000000,SUB
Conselheiro Lafaiete,cidade,Piranga - MG,1,2026-08-18 18:58:00.000000,SUB
Conselheiro Lafaiete,cidade,Varginha - MG,1,2026-08-18 18:58:00.000000,SUB
Conselheiro Lafaiete,cidade,Mairiporã - SP,1,2026-08-18 18:58:00.000000,SUB
Governador Valadares,tipo,Pública Estadual,17,2026-08-18 18:58:00.000000,SUB
Governador Valadares,tipo,Privada,3,2026-08-18 18:58:00.000000,SUB
Governador Valadares,tipo,Pública Municipal,1,2026-08-18 18:58:00.000000,SUB
Governador Valadares,area,Urbana,21,2026-08-18 18:58:00.000000,SUB
Governador Valadares,cidade,Governador Valadares - MG,10,2026-08-18 18:58:00.000000,SUB
Governador Valadares,cidade,Galiléia - MG,2,2026-08-18 18:58:00.000000,SUB
Governador Valadares,cidade,Outra - OU,2,2026-08-18 18:58:00.000000,SUB
Governador Valadares,cidade,Resplendor - MG,1,2026-08-18 18:58:00.000000,SUB
Governador Valadares,cidade,São Félix de Minas - MG,1,2026-08-18 18:58:00.000000,SUB
Governador Valadares,cidade,São Mateus - ES,1,2026-08-18 18:58:00.000000,SUB
Governador Valadares,cidade,Itabuna - BA,1,2026-08-18 18:58:00.000000,SUB
Governador Valadares,cidade,Santa Maria do Suaçuí - MG,1,2026-08-18 18:58:00.000000,SUB
Governador Valadares,cidade,São Domingos do Norte - ES,1,2026-08-18 18:58:00.000000,SUB
Governador Valadares,cidade,São Paulo - SP,1,2026-08-18 18:58:00.000000,SUB
Ipatinga,tipo,Pública Estadual,29,2026-08-18 18:58:00.000000,SUB
Ipatinga,tipo,Pública Federal,1,2026-08-18 18:58:00.000000,SUB
Ipatinga,tipo,Privada,1,2026-08-18 18:58:00.000000,SUB
Ipatinga,tipo,Pública Municipal,1,2026-08-18 18:58:00.000000,SUB
Ipatinga,area,Urbana,32,2026-08-18 18:58:00.000000,SUB
Ipatinga,cidade,Ipatinga - MG,10,2026-08-18 18:58:00.000000,SUB
Ipatinga,cidade,Santana do Paraíso - MG,3,2026-08-18 18:58:00.000000,SUB
Ipatinga,cidade,Coronel Fabriciano - MG,3,2026-08-18 18:58:00.000000,SUB
Ipatinga,cidade,Timóteo - MG,3,2026-08-18 18:58:00.000000,SUB
Ipatinga,cidade,Outra - OU,1,2026-08-18 18:58:00.000000,SUB
Ipatinga,cidade,Açucena - MG,1,2026-08-18 18:58:00.000000,SUB
Ipatinga,cidade,Belo Horizonte - MG,1,2026-08-18 18:58:00.000000,SUB
Ipatinga,cidade,Carlos Chagas - MG,1,2026-08-18 18:58:00.000000,SUB
Ipatinga,cidade,Dores de Guanhães - MG,1,2026-08-18 18:58:00.000000,SUB
Ipatinga,cidade,Mesquita - MG,1,2026-08-18 18:58:00.000000,SUB
Ipatinga,cidade,São Paulo - SP,1,2026-08-18 18:58:00.000000,SUB
Ipatinga,cidade,Salvador - BA,1,2026-08-18 18:58:00.000000,SUB
Ipatinga,cidade,Araçuaí - MG,1,2026-08-18 18:58:00.000000,SUB
Ipatinga,cidade,Bom Jesus do Galho - MG,1,2026-08-18 18:58:00.000000,SUB
Ipatinga,cidade,Iapu - MG,1,2026-08-18 18:58:00.000000,SUB
Ouro Preto,tipo,Pública Estadual,66,2026-08-18 18:58:00.000000,SUB
Ouro Preto,tipo,Privada,14,2026-08-18 18:58:00.000000,SUB
Ouro Preto,tipo,Pública Federal,3,2026-08-18 18:58:00.000000,SUB
Ouro Preto,tipo,Pública Municipal,1,2026-08-18 18:58:00.000000,SUB
Ouro Preto,area,Urbana,84,2026-08-18 18:58:00.000000,SUB
Ouro Preto,cidade,Ouro Preto - MG,30,2026-08-18 18:58:00.000000,SUB
Ouro Preto,cidade,Mariana - MG,10,2026-08-18 18:58:00.000000,SUB
Ouro Preto,cidade,Outra - OU,4,2026-08-18 18:58:00.000000,SUB
Ouro Preto,cidade,Belo Horizonte - MG,4,2026-08-18 18:58:00.000000,SUB
Ouro Preto,cidade,Catas Altas - MG,3,2026-08-18 18:58:00.000000,SUB
Ouro Preto,cidade,Itabirito - MG,2,2026-08-18 18:58:00.000000,SUB
Ouro Preto,cidade,Muriaé - MG,2,2026-08-18 18:58:00.000000,SUB
Ouro Preto,cidade,Congonhas - MG,2,2026-08-18 18:58:00.000000,SUB
Ouro Preto,cidade,Salvador - BA,2,2026-08-18 18:58:00.000000,SUB
Ouro Preto,cidade,Betim - MG,1,2026-08-18 18:58:00.000000,SUB
Ouro Preto,cidade,Piranga - MG,1,2026-08-18 18:58:00.000000,SUB
Ouro Preto,cidade,Teófilo Otoni - MG,1,2026-08-18 18:58:00.000000,SUB
Ouro Preto,cidade,Conselheiro Lafaiete - MG,1,2026-08-18 18:58:00.000000,SUB
Ouro Preto,cidade,Niterói - RJ,1,2026-08-18 18:58:00.000000,SUB
Ouro Preto,cidade,Tambaú - SP,1,2026-08-18 18:58:00.000000,SUB
Piumhi,tipo,Pública Estadual,35,2026-08-18 18:58:00.000000,SUB
Piumhi,tipo,Privada,5,2026-08-18 18:58:00.000000,SUB
Piumhi,tipo,Pública Federal,3,2026-08-18 18:58:00.000000,SUB
Piumhi,area,Urbana,42,2026-08-18 18:58:00.000000,SUB
Piumhi,area,Rural,1,2026-08-18 18:58:00.000000,SUB
Piumhi,cidade,Piumhi - MG,23,2026-08-18 18:58:00.000000,SUB
Piumhi,cidade,Pimenta - MG,5,2026-08-18 18:58:00.000000,SUB
Piumhi,cidade,Doresópolis - MG,2,2026-08-18 18:58:00.000000,SUB
Piumhi,cidade,São Roque de Minas - MG,2,2026-08-18 18:58:00.000000,SUB
Piumhi,cidade,Franca - SP,2,2026-08-18 18:58:00.000000,SUB
Piumhi,cidade,Icó - CE,1,2026-08-18 18:58:00.000000,SUB
Piumhi,cidade,Arcos - MG,1,2026-08-18 18:58:00.000000,SUB
Piumhi,cidade,Belo Horizonte - MG,1,2026-08-18 18:58:00.000000,SUB
Piumhi,cidade,São Francisco - MG,1,2026-08-18 18:58:00.000000,SUB
Piumhi,cidade,Vargem Bonita - MG,1,2026-08-18 18:58:00.000000,SUB
Piumhi,cidade,Rio Verde - GO,1,2026-08-18 18:58:00.000000,SUB
Piumhi,cidade,Ibicuí - BA,1,2026-08-18 18:58:00.000000,SUB
Piumhi,cidade,Bambuí - MG,1,2026-08-18 18:58:00.000000,SUB
Piumhi,cidade,Outra - OU,1,2026-08-18 18:58:00.000000,SUB
Ribeirão das Neves,tipo,Pública Estadual,130,2026-08-18 18:58:00.000000,SUB
Ribeirão das Neves,tipo,Privada,22,2026-08-18 18:58:00.000000,SUB
Ribeirão das Neves,tipo,Pública Federal,9,2026-08-18 18:58:00.000000,SUB
Ribeirão das Neves,tipo,Pública Municipal,1,2026-08-18 18:58:00.000000,SUB
Ribeirão das Neves,area,Urbana,159,2026-08-18 18:58:00.000000,SUB
Ribeirão das Neves,area,Rural,3,2026-08-18 18:58:00.000000,SUB
Ribeirão das Neves,cidade,Belo Horizonte - MG,18,2026-08-18 18:58:00.000000,SUB
Ribeirão das Neves,cidade,Ribeirão das Neves - MG,17,2026-08-18 18:58:00.000000,SUB
Ribeirão das Neves,cidade,Outra - OU,11,2026-08-18 18:58:00.000000,SUB
Ribeirão das Neves,cidade,Contagem - MG,5,2026-08-18 18:58:00.000000,SUB
Ribeirão das Neves,cidade,Salvador - BA,3,2026-08-18 18:58:00.000000,SUB
Ribeirão das Neves,cidade,Campos dos Goytacazes - RJ,3,2026-08-18 18:58:00.000000,SUB
Ribeirão das Neves,cidade,Volta Redonda - RJ,2,2026-08-18 18:58:00.000000,SUB
Ribeirão das Neves,cidade,Matozinhos - MG,2,2026-08-18 18:58:00.000000,SUB
Ribeirão das Neves,cidade,São Bernardo do Campo - SP,2,2026-08-18 18:58:00.000000,SUB
Ribeirão das Neves,cidade,Vespasiano - MG,2,2026-08-18 18:58:00.000000,SUB
Ribeirão das Neves,cidade,Itaobim - MG,2,2026-08-18 18:58:00.000000,SUB
Ribeirão das Neves,cidade,Betim - MG,2,2026-08-18 18:58:00.000000,SUB
Ribeirão das Neves,cidade,Cataguases - MG,2,2026-08-18 18:58:00.000000,SUB
Ribeirão das Neves,cidade,São Paulo - SP,2,2026-08-18 18:58:00.000000,SUB
Ribeirão das Neves,cidade,Vila Velha - ES,2,2026-08-18 18:58:00.000000,SUB
Santa Luzia,tipo,Pública Estadual,71,2026-08-18 18:58:00.000000,SUB
Santa Luzia,tipo,Privada,12,2026-08-18 18:58:00.000000,SUB
Santa Luzia,tipo,Pública Federal,6,2026-08-18 18:58:00.000000,SUB
Santa Luzia,area,Urbana,88,2026-08-18 18:58:00.000000,SUB
Santa Luzia,area,Rural,1,2026-08-18 18:58:00.000000,SUB
Santa Luzia,cidade,Santa Luzia - MG,35,2026-08-18 18:58:00.000000,SUB
Santa Luzia,cidade,Belo Horizonte - MG,16,2026-08-18 18:58:00.000000,SUB
Santa Luzia,cidade,Outra - OU,4,2026-08-18 18:58:00.000000,SUB
Santa Luzia,cidade,Sabará - MG,2,2026-08-18 18:58:00.000000,SUB
Santa Luzia,cidade,Contagem - MG,2,2026-08-18 18:58:00.000000,SUB
Santa Luzia,cidade,Betim - MG,2,2026-08-18 18:58:00.000000,SUB
Santa Luzia,cidade,Queluzito - MG,1,2026-08-18 18:58:00.000000,SUB
Santa Luzia,cidade,Abreu e Lima - PE,1,2026-08-18 18:58:00.000000,SUB
Santa Luzia,cidade,Tomar do Geru - SE,1,2026-08-18 18:58:00.000000,SUB
Santa Luzia,cidade,Santa Rita do Sapucaí - MG,1,2026-08-18 18:58:00.000000,SUB
Santa Luzia,cidade,Eunápolis - BA,1,2026-08-18 18:58:00.000000,SUB
Santa Luzia,cidade,Três Corações - MG,1,2026-08-18 18:58:00.000000,SUB
Santa Luzia,cidade,Araruama - RJ,1,2026-08-18 18:58:00.000000,SUB
Santa Luzia,cidade,Niterói - RJ,1,2026-08-18 18:58:00.000000,SUB
Santa Luzia,cidade,Eugenópolis - MG,1,2026-08-18 18:58:00.000000,SUB
Todas as unidades,tipo,Pública Estadual,1293,2026-08-18 18:58:00.000000,SUP
Todas as unidades,tipo,Pública Federal,253,2026-08-18 18:58:00.000000,SUP
Todas as unidades,tipo,Privada,219,2026-08-18 18:58:00.000000,SUP
Todas as unidades,tipo,Pública Municipal,43,2026-08-18 18:58:00.000000,SUP
Todas as unidades,area,Urbana,1745,2026-08-18 18:58:00.000000,SUP
Todas as unidades,area,Rural,63,2026-08-18 18:58:00.000000,SUP
Todas as unidades,cidade,Belo Horizonte - MG,214,2026-08-18 18:58:00.000000,SUP
Todas as unidades,cidade,Ribeirão das Neves - MG,102,2026-08-18 18:58:00.000000,SUP
Todas as unidades,cidade,Ouro Branco - MG,102,2026-08-18 18:58:00.000000,SUP
Todas as unidades,cidade,Betim - MG,94,2026-08-18 18:58:00.000000,SUP
Todas as unidades,cidade,Arcos - MG,81,2026-08-18 18:58:00.000000,SUP
Todas as unidades,cidade,Bambuí - MG,74,2026-08-18 18:58:00.000000,SUP
Todas as unidades,cidade,Sabará - MG,73,2026-08-18 18:58:00.000000,SUP
Todas as unidades,cidade,Formiga - MG,71,2026-08-18 18:58:00.000000,SUP
Todas as unidades,cidade,Outra - OU,58,2026-08-18 18:58:00.000000,SUP
Todas as unidades,cidade,Santa Luzia - MG,56,2026-08-18 18:58:00.000000,SUP
Todas as unidades,cidade,Congonhas - MG,56,2026-08-18 18:58:00.000000,SUP
Todas as unidades,cidade,Governador Valadares - MG,50,2026-08-18 18:58:00.000000,SUP
Todas as unidades,cidade,Contagem - MG,49,2026-08-18 18:58:00.000000,SUP
Todas as unidades,cidade,Ouro Preto - MG,44,2026-08-18 18:58:00.000000,SUP
Todas as unidades,cidade,Conselheiro Lafaiete - MG,42,2026-08-18 18:58:00.000000,SUP
Arcos,tipo,Pública Estadual,101,2026-08-18 18:58:00.000000,SUP
Arcos,tipo,Privada,19,2026-08-18 18:58:00.000000,SUP
Arcos,tipo,Pública Federal,16,2026-08-18 18:58:00.000000,SUP
Arcos,tipo,Pública Municipal,1,2026-08-18 18:58:00.000000,SUP
Arcos,area,Urbana,132,2026-08-18 18:58:00.000000,SUP
Arcos,area,Rural,5,2026-08-18 18:58:00.000000,SUP
Arcos,cidade,Arcos - MG,62,2026-08-18 18:58:00.000000,SUP
Arcos,cidade,Formiga - MG,13,2026-08-18 18:58:00.000000,SUP
Arcos,cidade,Iguatama - MG,7,2026-08-18 18:58:00.000000,SUP
Arcos,cidade,Lagoa da Prata - MG,6,2026-08-18 18:58:00.000000,SUP
Arcos,cidade,Bambuí - MG,5,2026-08-18 18:58:00.000000,SUP
Arcos,cidade,Belo Horizonte - MG,4,2026-08-18 18:58:00.000000,SUP
Arcos,cidade,Outra - OU,4,2026-08-18 18:58:00.000000,SUP
Arcos,cidade,Piumhi - MG,3,2026-08-18 18:58:00.000000,SUP
Arcos,cidade,Pains - MG,2,2026-08-18 18:58:00.000000,SUP
Arcos,cidade,Contagem - MG,2,2026-08-18 18:58:00.000000,SUP
Arcos,cidade,Florestal - MG,2,2026-08-18 18:58:00.000000,SUP
Arcos,cidade,Barreiras - BA,1,2026-08-18 18:58:00.000000,SUP
Arcos,cidade,Rio Paranaíba - MG,1,2026-08-18 18:58:00.000000,SUP
Arcos,cidade,Capitão Enéas - MG,1,2026-08-18 18:58:00.000000,SUP
Arcos,cidade,Santa Luzia - MG,1,2026-08-18 18:58:00.000000,SUP
Bambuí,tipo,Pública Estadual,112,2026-08-18 18:58:00.000000,SUP
Bambuí,tipo,Pública Federal,45,2026-08-18 18:58:00.000000,SUP
Bambuí,tipo,Privada,28,2026-08-18 18:58:00.000000,SUP
Bambuí,tipo,Pública Municipal,5,2026-08-18 18:58:00.000000,SUP
Bambuí,area,Urbana,154,2026-08-18 18:58:00.000000,SUP
Bambuí,area,Rural,36,2026-08-18 18:58:00.000000,SUP
Bambuí,cidade,Bambuí - MG,67,2026-08-18 18:58:00.000000,SUP
Bambuí,cidade,Belo Horizonte - MG,9,2026-08-18 18:58:00.000000,SUP
Bambuí,cidade,Piumhi - MG,9,2026-08-18 18:58:00.000000,SUP
Bambuí,cidade,Divinópolis - MG,7,2026-08-18 18:58:00.000000,SUP
Bambuí,cidade,Arcos - MG,7,2026-08-18 18:58:00.000000,SUP
Bambuí,cidade,Lagoa da Prata - MG,6,2026-08-18 18:58:00.000000,SUP
Bambuí,cidade,Medeiros - MG,5,2026-08-18 18:58:00.000000,SUP
Bambuí,cidade,Araxá - MG,5,2026-08-18 18:58:00.000000,SUP
Bambuí,cidade,Dores do Indaiá - MG,5,2026-08-18 18:58:00.000000,SUP
Bambuí,cidade,Ipatinga - MG,4,2026-08-18 18:58:00.000000,SUP
Bambuí,cidade,Luz - MG,4,2026-08-18 18:58:00.000000,SUP
Bambuí,cidade,Outra - OU,3,2026-08-18 18:58:00.000000,SUP
Bambuí,cidade,Bom Despacho - MG,3,2026-08-18 18:58:00.000000,SUP
Bambuí,cidade,Betim - MG,3,2026-08-18 18:58:00.000000,SUP
Bambuí,cidade,Oliveira - MG,2,2026-08-18 18:58:00.000000,SUP
Betim,tipo,Pública Estadual,108,2026-08-18 18:58:00.000000,SUP
Betim,tipo,Pública Federal,33,2026-08-18 18:58:00.000000,SUP
Betim,tipo,Privada,23,2026-08-18 18:58:00.000000,SUP
Betim,tipo,Pública Municipal,5,2026-08-18 18:58:00.000000,SUP
Betim,area,Urbana,165,2026-08-18 18:58:00.000000,SUP
Betim,area,Rural,4,2026-08-18 18:58:00.000000,SUP
Betim,cidade,Betim - MG,82,2026-08-18 18:58:00.000000,SUP
Betim,cidade,Contagem - MG,28,2026-08-18 18:58:00.000000,SUP
Betim,cidade,Belo Horizonte - MG,14,2026-08-18 18:58:00.000000,SUP
Betim,cidade,Outra - OU,9,2026-08-18 18:58:00.000000,SUP
Betim,cidade,Ibirité - MG,6,2026-08-18 18:58:00.000000,SUP
Betim,cidade,Igarapé - MG,3,2026-08-18 18:58:00.000000,SUP
Betim,cidade,Sarzedo - MG,3,2026-08-18 18:58:00.000000,SUP
Betim,cidade,Mateus Leme - MG,2,2026-08-18 18:58:00.000000,SUP
Betim,cidade,São Joaquim de Bicas - MG,2,2026-08-18 18:58:00.000000,SUP
Betim,cidade,Santa Teresa - ES,1,2026-08-18 18:58:00.000000,SUP
Betim,cidade,Santa Bárbara d'Oeste - SP,1,2026-08-18 18:58:00.000000,SUP
Betim,cidade,Florestal - MG,1,2026-08-18 18:58:00.000000,SUP
Betim,cidade,Sumaré - SP,1,2026-08-18 18:58:00.000000,SUP
Betim,cidade,Galiléia - MG,1,2026-08-18 18:58:00.000000,SUP
Betim,cidade,Matões - MA,1,2026-08-18 18:58:00.000000,SUP
Congonhas,tipo,Pública Estadual,57,2026-08-18 18:58:00.000000,SUP
Congonhas,tipo,Pública Federal,5,2026-08-18 18:58:00.000000,SUP
Congonhas,tipo,Privada,3,2026-08-18 18:58:00.000000,SUP
Congonhas,tipo,Pública Municipal,1,2026-08-18 18:58:00.000000,SUP
Congonhas,area,Urbana,66,2026-08-18 18:58:00.000000,SUP
Congonhas,cidade,Congonhas - MG,39,2026-08-18 18:58:00.000000,SUP
Congonhas,cidade,Conselheiro Lafaiete - MG,7,2026-08-18 18:58:00.000000,SUP
Congonhas,cidade,Belo Horizonte - MG,4,2026-08-18 18:58:00.000000,SUP
Congonhas,cidade,São Brás do Suaçuí - MG,2,2026-08-18 18:58:00.000000,SUP
Congonhas,cidade,Carandaí - MG,2,2026-08-18 18:58:00.000000,SUP
Congonhas,cidade,Ouro Branco - MG,1,2026-08-18 18:58:00.000000,SUP
Congonhas,cidade,Piranga - MG,1,2026-08-18 18:58:00.000000,SUP
Congonhas,cidade,Santa Bárbara - MG,1,2026-08-18 18:58:00.000000,SUP
Congonhas,cidade,Barrinha - SP,1,2026-08-18 18:58:00.000000,SUP
Congonhas,cidade,Belém - PA,1,2026-08-18 18:58:00.000000,SUP
Congonhas,cidade,Belo Vale - MG,1,2026-08-18 18:58:00.000000,SUP
Congonhas,cidade,Curvelo - MG,1,2026-08-18 18:58:00.000000,SUP
Congonhas,cidade,Itaguara - MG,1,2026-08-18 18:58:00.000000,SUP
Congonhas,cidade,Pará de Minas - MG,1,2026-08-18 18:58:00.000000,SUP
Congonhas,cidade,Resende Costa - MG,1,2026-08-18 18:58:00.000000,SUP
Formiga,tipo,Pública Estadual,66,2026-08-18 18:58:00.000000,SUP
Formiga,tipo,Pública Federal,19,2026-08-18 18:58:00.000000,SUP
Formiga,tipo,Privada,14,2026-08-18 18:58:00.000000,SUP
Formiga,tipo,Pública Municipal,1,2026-08-18 18:58:00.000000,SUP
Formiga,area,Urbana,98,2026-08-18 18:58:00.000000,SUP
Formiga,area,Rural,2,2026-08-18 18:58:00.000000,SUP
Formiga,cidade,Formiga - MG,55,2026-08-18 18:58:00.000000,SUP
Formiga,cidade,Arcos - MG,12,2026-08-18 18:58:00.000000,SUP
Formiga,cidade,Lagoa da Prata - MG,5,2026-08-18 18:58:00.000000,SUP
Formiga,cidade,Salvador - BA,2,2026-08-18 18:58:00.000000,SUP
Formiga,cidade,Rio de Janeiro - RJ,2,2026-08-18 18:58:00.000000,SUP
Formiga,cidade,Campo Belo - MG,2,2026-08-18 18:58:00.000000,SUP
Formiga,cidade,Córrego Fundo - MG,2,2026-08-18 18:58:00.000000,SUP
Formiga,cidade,São Paulo - SP,2,2026-08-18 18:58:00.000000,SUP
Formiga,cidade,Itapecerica - MG,1,2026-08-18 18:58:00.000000,SUP
Formiga,cidade,Oliveira - MG,1,2026-08-18 18:58:00.000000,SUP
Formiga,cidade,Pedra do Indaiá - MG,1,2026-08-18 18:58:00.000000,SUP
Formiga,cidade,Piumhi - MG,1,2026-08-18 18:58:00.000000,SUP
Formiga,cidade,Belo Horizonte - MG,1,2026-08-18 18:58:00.000000,SUP
Formiga,cidade,Alto Rio Novo - ES,1,2026-08-18 18:58:00.000000,SUP
Formiga,cidade,Capitólio - MG,1,2026-08-18 18:58:00.000000,SUP
Governador Valadares,tipo,Pública Estadual,79,2026-08-18 18:58:00.000000,SUP
Governador Valadares,tipo,Privada,8,2026-08-18 18:58:00.000000,SUP
Governador Valadares,tipo,Pública Federal,7,2026-08-18 18:58:00.000000,SUP
Governador Valadares,tipo,Pública Municipal,2,2026-08-18 18:58:00.000000,SUP
Governador Valadares,area,Urbana,96,2026-08-18 18:58:00.000000,SUP
Governador Valadares,cidade,Governador Valadares - MG,48,2026-08-18 18:58:00.000000,SUP
Governador Valadares,cidade,Frei Inocêncio - MG,3,2026-08-18 18:58:00.000000,SUP
Governador Valadares,cidade,Coroaci - MG,2,2026-08-18 18:58:00.000000,SUP
Governador Valadares,cidade,São Paulo - SP,2,2026-08-18 18:58:00.000000,SUP
Governador Valadares,cidade,Outra - OU,2,2026-08-18 18:58:00.000000,SUP
Governador Valadares,cidade,Gonzaga - MG,1,2026-08-18 18:58:00.000000,SUP
Governador Valadares,cidade,Alagoinhas - BA,1,2026-08-18 18:58:00.000000,SUP
Governador Valadares,cidade,Araquari - SC,1,2026-08-18 18:58:00.000000,SUP
Governador Valadares,cidade,Guanhães - MG,1,2026-08-18 18:58:00.000000,SUP
Governador Valadares,cidade,Maracás - BA,1,2026-08-18 18:58:00.000000,SUP
Governador Valadares,cidade,Bom Jesus de Goiás - GO,1,2026-08-18 18:58:00.000000,SUP
Governador Valadares,cidade,Itaobim - MG,1,2026-08-18 18:58:00.000000,SUP
Governador Valadares,cidade,Águas Formosas - MG,1,2026-08-18 18:58:00.000000,SUP
Governador Valadares,cidade,Leopoldina - MG,1,2026-08-18 18:58:00.000000,SUP
Governador Valadares,cidade,Belo Horizonte - MG,1,2026-08-18 18:58:00.000000,SUP
Ibirité,tipo,Pública Estadual,54,2026-08-18 18:58:00.000000,SUP
Ibirité,tipo,Privada,31,2026-08-18 18:58:00.000000,SUP
Ibirité,tipo,Pública Federal,17,2026-08-18 18:58:00.000000,SUP
Ibirité,tipo,Pública Municipal,4,2026-08-18 18:58:00.000000,SUP
Ibirité,area,Urbana,106,2026-08-18 18:58:00.000000,SUP
Ibirité,cidade,Belo Horizonte - MG,37,2026-08-18 18:58:00.000000,SUP
Ibirité,cidade,Ibirité - MG,33,2026-08-18 18:58:00.000000,SUP
Ibirité,cidade,Outra - OU,10,2026-08-18 18:58:00.000000,SUP
Ibirité,cidade,Contagem - MG,7,2026-08-18 18:58:00.000000,SUP
Ibirité,cidade,Betim - MG,4,2026-08-18 18:58:00.000000,SUP
Ibirité,cidade,Sarzedo - MG,3,2026-08-18 18:58:00.000000,SUP
Ibirité,cidade,Joaíma - MG,1,2026-08-18 18:58:00.000000,SUP
Ibirité,cidade,Mato Verde - MG,1,2026-08-18 18:58:00.000000,SUP
Ibirité,cidade,Nova Serrana - MG,1,2026-08-18 18:58:00.000000,SUP
Ibirité,cidade,Ribeirão das Neves - MG,1,2026-08-18 18:58:00.000000,SUP
Ibirité,cidade,Urucânia - MG,1,2026-08-18 18:58:00.000000,SUP
Ibirité,cidade,Capim Branco - MG,1,2026-08-18 18:58:00.000000,SUP
Ibirité,cidade,Itabira - MG,1,2026-08-18 18:58:00.000000,SUP
Ibirité,cidade,Juiz de Fora - MG,1,2026-08-18 18:58:00.000000,SUP
Ibirité,cidade,Nepomuceno - MG,1,2026-08-18 18:58:00.000000,SUP
Ipatinga,tipo,Pública Estadual,36,2026-08-18 18:58:00.000000,SUP
Ipatinga,tipo,Pública Federal,7,2026-08-18 18:58:00.000000,SUP
Ipatinga,tipo,Privada,5,2026-08-18 18:58:00.000000,SUP
Ipatinga,area,Urbana,48,2026-08-18 18:58:00.000000,SUP
Ipatinga,cidade,Ipatinga - MG,20,2026-08-18 18:58:00.000000,SUP
Ipatinga,cidade,Coronel Fabriciano - MG,5,2026-08-18 18:58:00.000000,SUP
Ipatinga,cidade,Santana do Paraíso - MG,4,2026-08-18 18:58:00.000000,SUP
Ipatinga,cidade,Timóteo - MG,4,2026-08-18 18:58:00.000000,SUP
Ipatinga,cidade,Iapu - MG,2,2026-08-18 18:58:00.000000,SUP
Ipatinga,cidade,Outra - OU,2,2026-08-18 18:58:00.000000,SUP
Ipatinga,cidade,Belo Horizonte - MG,1,2026-08-18 18:58:00.000000,SUP
Ipatinga,cidade,Caratinga - MG,1,2026-08-18 18:58:00.000000,SUP
Ipatinga,cidade,Joanésia - MG,1,2026-08-18 18:58:00.000000,SUP
Ipatinga,cidade,Nova Era - MG,1,2026-08-18 18:58:00.000000,SUP
Ipatinga,cidade,Teófilo Otoni - MG,1,2026-08-18 18:58:00.000000,SUP
Ipatinga,cidade,Barbacena - MG,1,2026-08-18 18:58:00.000000,SUP
Ipatinga,cidade,Betim - MG,1,2026-08-18 18:58:00.000000,SUP
Ipatinga,cidade,João Monlevade - MG,1,2026-08-18 18:58:00.000000,SUP
Ipatinga,cidade,Pingo-d'Água - MG,1,2026-08-18 18:58:00.000000,SUP
Itabirito,tipo,Pública Estadual,14,2026-08-18 18:58:00.000000,SUP
Itabirito,tipo,Pública Federal,10,2026-08-18 18:58:00.000000,SUP
Itabirito,tipo,Privada,1,2026-08-18 18:58:00.000000,SUP
Itabirito,area,Urbana,24,2026-08-18 18:58:00.000000,SUP
Itabirito,area,Rural,1,2026-08-18 18:58:00.000000,SUP
Itabirito,cidade,Itabirito - MG,17,2026-08-18 18:58:00.000000,SUP
Itabirito,cidade,Tutóia - MA,1,2026-08-18 18:58:00.000000,SUP
Itabirito,cidade,Conselheiro Lafaiete - MG,1,2026-08-18 18:58:00.000000,SUP
Itabirito,cidade,Ouro Preto - MG,1,2026-08-18 18:58:00.000000,SUP
Itabirito,cidade,Curionópolis - PA,1,2026-08-18 18:58:00.000000,SUP
Itabirito,cidade,Campo Formoso - BA,1,2026-08-18 18:58:00.000000,SUP
Itabirito,cidade,Contagem - MG,1,2026-08-18 18:58:00.000000,SUP
Itabirito,cidade,Nova Lima - MG,1,2026-08-18 18:58:00.000000,SUP
Itabirito,cidade,Ponte Nova - MG,1,2026-08-18 18:58:00.000000,SUP
Ouro Branco,tipo,Pública Estadual,159,2026-08-18 18:58:00.000000,SUP
Ouro Branco,tipo,Pública Federal,31,2026-08-18 18:58:00.000000,SUP
Ouro Branco,tipo,Privada,13,2026-08-18 18:58:00.000000,SUP
Ouro Branco,tipo,Pública Municipal,5,2026-08-18 18:58:00.000000,SUP
Ouro Branco,area,Urbana,207,2026-08-18 18:58:00.000000,SUP
Ouro Branco,area,Rural,1,2026-08-18 18:58:00.000000,SUP
Ouro Branco,cidade,Ouro Branco - MG,100,2026-08-18 18:58:00.000000,SUP
Ouro Branco,cidade,Conselheiro Lafaiete - MG,34,2026-08-18 18:58:00.000000,SUP
Ouro Branco,cidade,Congonhas - MG,15,2026-08-18 18:58:00.000000,SUP
Ouro Branco,cidade,Ouro Preto - MG,5,2026-08-18 18:58:00.000000,SUP
Ouro Branco,cidade,Outra - OU,5,2026-08-18 18:58:00.000000,SUP
Ouro Branco,cidade,Nova Lima - MG,3,2026-08-18 18:58:00.000000,SUP
Ouro Branco,cidade,Belo Horizonte - MG,3,2026-08-18 18:58:00.000000,SUP
Ouro Branco,cidade,Barbacena - MG,2,2026-08-18 18:58:00.000000,SUP
Ouro Branco,cidade,São Paulo - SP,2,2026-08-18 18:58:00.000000,SUP
Ouro Branco,cidade,Mariana - MG,2,2026-08-18 18:58:00.000000,SUP
Ouro Branco,cidade,Dionísio - MG,1,2026-08-18 18:58:00.000000,SUP
Ouro Branco,cidade,Ananindeua - PA,1,2026-08-18 18:58:00.000000,SUP
Ouro Branco,cidade,Vitória - ES,1,2026-08-18 18:58:00.000000,SUP
Ouro Branco,cidade,Entre Rios de Minas - MG,1,2026-08-18 18:58:00.000000,SUP
Ouro Branco,cidade,Pilõezinhos - PB,1,2026-08-18 18:58:00.000000,SUP
Ouro Preto,tipo,Pública Estadual,52,2026-08-18 18:58:00.000000,SUP
Ouro Preto,tipo,Pública Federal,12,2026-08-18 18:58:00.000000,SUP
Ouro Preto,tipo,Privada,6,2026-08-18 18:58:00.000000,SUP
Ouro Preto,area,Urbana,70,2026-08-18 18:58:00.000000,SUP
Ouro Preto,cidade,Ouro Preto - MG,37,2026-08-18 18:58:00.000000,SUP
Ouro Preto,cidade,Mariana - MG,6,2026-08-18 18:58:00.000000,SUP
Ouro Preto,cidade,Belo Horizonte - MG,3,2026-08-18 18:58:00.000000,SUP
Ouro Preto,cidade,São Luís - MA,2,2026-08-18 18:58:00.000000,SUP
Ouro Preto,cidade,Cruzília - MG,1,2026-08-18 18:58:00.000000,SUP
Ouro Preto,cidade,Ouro Branco - MG,1,2026-08-18 18:58:00.000000,SUP
Ouro Preto,cidade,Padre Paraíso - MG,1,2026-08-18 18:58:00.000000,SUP
Ouro Preto,cidade,Rio Piracicaba - MG,1,2026-08-18 18:58:00.000000,SUP
Ouro Preto,cidade,Porto Velho - RO,1,2026-08-18 18:58:00.000000,SUP
Ouro Preto,cidade,São João del Rei - MG,1,2026-08-18 18:58:00.000000,SUP
Ouro Preto,cidade,Laranjal do Jari - AP,1,2026-08-18 18:58:00.000000,SUP
Ouro Preto,cidade,Três Rios - RJ,1,2026-08-18 18:58:00.000000,SUP
Ouro Preto,cidade,Itatiba - SP,1,2026-08-18 18:58:00.000000,SUP
Ouro Preto,cidade,São Gabriel - BA,1,2026-08-18 18:58:00.000000,SUP
Ouro Preto,cidade,São João da Boa Vista - SP,1,2026-08-18 18:58:00.000000,SUP
Piumhi,tipo,Pública Estadual,6,2026-08-18 18:58:00.000000,SUP
Piumhi,tipo,Pública Federal,1,2026-08-18 18:58:00.000000,SUP
Piumhi,tipo,Pública Municipal,1,2026-08-18 18:58:00.000000,SUP
Piumhi,area,Urbana,7,2026-08-18 18:58:00.000000,SUP
Piumhi,area,Rural,1,2026-08-18 18:58:00.000000,SUP
Piumhi,cidade,Piumhi - MG,5,2026-08-18 18:58:00.000000,SUP
Piumhi,cidade,Lavras - MG,1,2026-08-18 18:58:00.000000,SUP
Piumhi,cidade,São João da Ponte - MG,1,2026-08-18 18:58:00.000000,SUP
Piumhi,cidade,Belo Horizonte - MG,1,2026-08-18 18:58:00.000000,SUP
Ponte Nova,tipo,Pública Estadual,21,2026-08-18 18:58:00.000000,SUP
Ponte Nova,tipo,Privada,1,2026-08-18 18:58:00.000000,SUP
Ponte Nova,tipo,Pública Federal,1,2026-08-18 18:58:00.000000,SUP
Ponte Nova,area,Urbana,23,2026-08-18 18:58:00.000000,SUP
Ponte Nova,cidade,Ponte Nova - MG,21,2026-08-18 18:58:00.000000,SUP
Ponte Nova,cidade,Ouro Preto - MG,1,2026-08-18 18:58:00.000000,SUP
Ponte Nova,cidade,Santo Antônio do Grama - MG,1,2026-08-18 18:58:00.000000,SUP
Ribeirão das Neves,tipo,Pública Estadual,129,2026-08-18 18:58:00.000000,SUP
Ribeirão das Neves,tipo,Privada,14,2026-08-18 18:58:00.000000,SUP
Ribeirão das Neves,tipo,Pública Federal,7,2026-08-18 18:58:00.000000,SUP
Ribeirão das Neves,tipo,Pública Municipal,3,2026-08-18 18:58:00.000000,SUP
Ribeirão das Neves,area,Urbana,153,2026-08-18 18:58:00.000000,SUP
Ribeirão das Neves,cidade,Ribeirão das Neves - MG,93,2026-08-18 18:58:00.000000,SUP
Ribeirão das Neves,cidade,Belo Horizonte - MG,29,2026-08-18 18:58:00.000000,SUP
Ribeirão das Neves,cidade,Esmeraldas - MG,7,2026-08-18 18:58:00.000000,SUP
Ribeirão das Neves,cidade,Contagem - MG,5,2026-08-18 18:58:00.000000,SUP
Ribeirão das Neves,cidade,Outra - OU,4,2026-08-18 18:58:00.000000,SUP
Ribeirão das Neves,cidade,Vespasiano - MG,2,2026-08-18 18:58:00.000000,SUP
Ribeirão das Neves,cidade,Sete Lagoas - MG,2,2026-08-18 18:58:00.000000,SUP
Ribeirão das Neves,cidade,Vitória - ES,1,2026-08-18 18:58:00.000000,SUP
Ribeirão das Neves,cidade,São Luís - MA,1,2026-08-18 18:58:00.000000,SUP
Ribeirão das Neves,cidade,Catas Altas - MG,1,2026-08-18 18:58:00.000000,SUP
Ribeirão das Neves,cidade,Lagoa Santa - MG,1,2026-08-18 18:58:00.000000,SUP
Ribeirão das Neves,cidade,Santa Luzia - MG,1,2026-08-18 18:58:00.000000,SUP
Ribeirão das Neves,cidade,Tangará da Serra - MT,1,2026-08-18 18:58:00.000000,SUP
Ribeirão das Neves,cidade,Eunápolis - BA,1,2026-08-18 18:58:00.000000,SUP
Ribeirão das Neves,cidade,Betim - MG,1,2026-08-18 18:58:00.000000,SUP
Sabará,tipo,Pública Estadual,123,2026-08-18 18:58:00.000000,SUP
Sabará,tipo,Privada,27,2026-08-18 18:58:00.000000,SUP
Sabará,tipo,Pública Federal,16,2026-08-18 18:58:00.000000,SUP
Sabará,tipo,Pública Municipal,7,2026-08-18 18:58:00.000000,SUP
Sabará,area,Urbana,170,2026-08-18 18:58:00.000000,SUP
Sabará,area,Rural,3,2026-08-18 18:58:00.000000,SUP
Sabará,cidade,Belo Horizonte - MG,70,2026-08-18 18:58:00.000000,SUP
Sabará,cidade,Sabará - MG,67,2026-08-18 18:58:00.000000,SUP
Sabará,cidade,Santa Luzia - MG,5,2026-08-18 18:58:00.000000,SUP
Sabará,cidade,Outra - OU,4,2026-08-18 18:58:00.000000,SUP
Sabará,cidade,Caeté - MG,3,2026-08-18 18:58:00.000000,SUP
Sabará,cidade,Ribeirão das Neves - MG,2,2026-08-18 18:58:00.000000,SUP
Sabará,cidade,Uruará - PA,1,2026-08-18 18:58:00.000000,SUP
Sabará,cidade,São Pedro dos Ferros - MG,1,2026-08-18 18:58:00.000000,SUP
Sabará,cidade,Canavieiras - BA,1,2026-08-18 18:58:00.000000,SUP
Sabará,cidade,Vespasiano - MG,1,2026-08-18 18:58:00.000000,SUP
Sabará,cidade,Niterói - RJ,1,2026-08-18 18:58:00.000000,SUP
Sabará,cidade,Bom Jesus do Galho - MG,1,2026-08-18 18:58:00.000000,SUP
Sabará,cidade,Santo Antônio do Sudoeste - PR,1,2026-08-18 18:58:00.000000,SUP
Sabará,cidade,Contagem - MG,1,2026-08-18 18:58:00.000000,SUP
Sabará,cidade,Janaúba - MG,1,2026-08-18 18:58:00.000000,SUP
Santa Luzia,tipo,Pública Estadual,95,2026-08-18 18:58:00.000000,SUP
Santa Luzia,tipo,Privada,24,2026-08-18 18:58:00.000000,SUP
Santa Luzia,tipo,Pública Federal,18,2026-08-18 18:58:00.000000,SUP
Santa Luzia,tipo,Pública Municipal,8,2026-08-18 18:58:00.000000,SUP
Santa Luzia,area,Urbana,144,2026-08-18 18:58:00.000000,SUP
Santa Luzia,area,Rural,1,2026-08-18 18:58:00.000000,SUP
Santa Luzia,cidade,Santa Luzia - MG,48,2026-08-18 18:58:00.000000,SUP
Santa Luzia,cidade,Belo Horizonte - MG,36,2026-08-18 18:58:00.000000,SUP
Santa Luzia,cidade,Outra - OU,11,2026-08-18 18:58:00.000000,SUP
Santa Luzia,cidade,Ribeirão das Neves - MG,6,2026-08-18 18:58:00.000000,SUP
Santa Luzia,cidade,Vespasiano - MG,5,2026-08-18 18:58:00.000000,SUP
Santa Luzia,cidade,Sabará - MG,3,2026-08-18 18:58:00.000000,SUP
Santa Luzia,cidade,Matozinhos - MG,2,2026-08-18 18:58:00.000000,SUP
Santa Luzia,cidade,Araxá - MG,2,2026-08-18 18:58:00.000000,SUP
Santa Luzia,cidade,Betim - MG,2,2026-08-18 18:58:00.000000,SUP
Santa Luzia,cidade,Sete Lagoas - MG,2,2026-08-18 18:58:00.000000,SUP
Santa Luzia,cidade,Viçosa - MG,1,2026-08-18 18:58:00.000000,SUP
Santa Luzia,cidade,Altamira - PA,1,2026-08-18 18:58:00.000000,SUP
Santa Luzia,cidade,Boituva - SP,1,2026-08-18 18:58:00.000000,SUP
Santa Luzia,cidade,Nova Lima - MG,1,2026-08-18 18:58:00.000000,SUP
Santa Luzia,cidade,Petrolina - PE,1,2026-08-18 18:58:00.000000,SUP
São João Evangelista,tipo,Pública Estadual,81,2026-08-18 18:58:00.000000,SUP
São João Evangelista,tipo,Pública Federal,8,2026-08-18 18:58:00.000000,SUP
São João Evangelista,tipo,Privada,2,2026-08-18 18:58:00.000000,SUP
São João Evangelista,area,Urbana,82,2026-08-18 18:58:00.000000,SUP
São João Evangelista,area,Rural,9,2026-08-18 18:58:00.000000,SUP
São João Evangelista,cidade,São João Evangelista - MG,27,2026-08-18 18:58:00.000000,SUP
São João Evangelista,cidade,Guanhães - MG,21,2026-08-18 18:58:00.000000,SUP
São João Evangelista,cidade,Peçanha - MG,6,2026-08-18 18:58:00.000000,SUP
São João Evangelista,cidade,Virginópolis - MG,4,2026-08-18 18:58:00.000000,SUP
São João Evangelista,cidade,São Pedro do Suaçuí - MG,3,2026-08-18 18:58:00.000000,SUP
São João Evangelista,cidade,Paulistas - MG,3,2026-08-18 18:58:00.000000,SUP
São João Evangelista,cidade,Aricanduva - MG,2,2026-08-18 18:58:00.000000,SUP
São João Evangelista,cidade,Santa Maria do Suaçuí - MG,2,2026-08-18 18:58:00.000000,SUP
São João Evangelista,cidade,Cantagalo - MG,2,2026-08-18 18:58:00.000000,SUP
São João Evangelista,cidade,Serro - MG,2,2026-08-18 18:58:00.000000,SUP
São João Evangelista,cidade,Dom Joaquim - MG,2,2026-08-18 18:58:00.000000,SUP
São João Evangelista,cidade,Outra - OU,2,2026-08-18 18:58:00.000000,SUP
São João Evangelista,cidade,Santos Dumont - MG,1,2026-08-18 18:58:00.000000,SUP
São João Evangelista,cidade,Belo Horizonte - MG,1,2026-08-18 18:58:00.000000,SUP
São João Evangelista,cidade,Capelinha - MG,1,2026-08-18 18:58:00.000000,SUP
Todas as unidades,tipo,Pública Estadual,2446,2026-08-18 19:20:00.000000,INT
Todas as unidades,tipo,Pública Municipal,2268,2026-08-18 19:20:00.000000,INT
Todas as unidades,tipo,Privada,1369,2026-08-18 19:20:00.000000,INT
Todas as unidades,tipo,Pública Federal,20,2026-08-18 19:20:00.000000,INT
Todas as unidades,area,Urbana,6050,2026-08-18 19:20:00.000000,INT
Todas as unidades,area,Rural,53,2026-08-18 19:20:00.000000,INT
Todas as unidades,cidade,Belo Horizonte - MG,791,2026-08-18 19:20:00.000000,INT
Todas as unidades,cidade,Betim - MG,483,2026-08-18 19:20:00.000000,INT
Todas as unidades,cidade,Ribeirão das Neves - MG,362,2026-08-18 19:20:00.000000,INT
Todas as unidades,cidade,Contagem - MG,320,2026-08-18 19:20:00.000000,INT
Todas as unidades,cidade,Santa Luzia - MG,282,2026-08-18 19:20:00.000000,INT
Todas as unidades,cidade,Sabará - MG,277,2026-08-18 19:20:00.000000,INT
Todas as unidades,cidade,Conselheiro Lafaiete - MG,254,2026-08-18 19:20:00.000000,INT
Todas as unidades,cidade,Ipatinga - MG,242,2026-08-18 19:20:00.000000,INT
Todas as unidades,cidade,Ouro Preto - MG,240,2026-08-18 19:20:00.000000,INT
Todas as unidades,cidade,Itabirito - MG,234,2026-08-18 19:20:00.000000,INT
Todas as unidades,cidade,Ponte Nova - MG,221,2026-08-18 19:20:00.000000,INT
Todas as unidades,cidade,Governador Valadares - MG,201,2026-08-18 19:20:00.000000,INT
Todas as unidades,cidade,Congonhas - MG,172,2026-08-18 19:20:00.000000,INT
Todas as unidades,cidade,Ibirité - MG,146,2026-08-18 19:20:00.000000,INT
Todas as unidades,cidade,Ouro Branco - MG,146,2026-08-18 19:20:00.000000,INT
Arcos,tipo,Pública Estadual,44,2026-08-18 19:20:00.000000,INT
Arcos,tipo,Privada,22,2026-08-18 19:20:00.000000,INT
Arcos,tipo,Pública Municipal,3,2026-08-18 19:20:00.000000,INT
Arcos,area,Urbana,66,2026-08-18 19:20:00.000000,INT
Arcos,area,Rural,3,2026-08-18 19:20:00.000000,INT
Arcos,cidade,Arcos - MG,63,2026-08-18 19:20:00.000000,INT
Arcos,cidade,Acrelândia - AC,1,2026-08-18 19:20:00.000000,INT
Arcos,cidade,Iguatama - MG,1,2026-08-18 19:20:00.000000,INT
Arcos,cidade,Outra - OU,1,2026-08-18 19:20:00.000000,INT
Arcos,cidade,Natal - RN,1,2026-08-18 19:20:00.000000,INT
Arcos,cidade,Doresópolis - MG,1,2026-08-18 19:20:00.000000,INT
Arcos,cidade,Japaraíba - MG,1,2026-08-18 19:20:00.000000,INT
Bambuí,tipo,Pública Estadual,79,2026-08-18 19:20:00.000000,INT
Bambuí,tipo,Pública Municipal,26,2026-08-18 19:20:00.000000,INT
Bambuí,tipo,Privada,21,2026-08-18 19:20:00.000000,INT
Bambuí,area,Urbana,115,2026-08-18 19:20:00.000000,INT
Bambuí,area,Rural,11,2026-08-18 19:20:00.000000,INT
Bambuí,cidade,Bambuí - MG,51,2026-08-18 19:20:00.000000,INT
Bambuí,cidade,Iguatama - MG,11,2026-08-18 19:20:00.000000,INT
Bambuí,cidade,Medeiros - MG,9,2026-08-18 19:20:00.000000,INT
Bambuí,cidade,Luz - MG,6,2026-08-18 19:20:00.000000,INT
Bambuí,cidade,Campos Altos - MG,5,2026-08-18 19:20:00.000000,INT
Bambuí,cidade,Arcos - MG,4,2026-08-18 19:20:00.000000,INT
Bambuí,cidade,Pompéu - MG,3,2026-08-18 19:20:00.000000,INT
Bambuí,cidade,Córrego Danta - MG,3,2026-08-18 19:20:00.000000,INT
Bambuí,cidade,Piumhi - MG,3,2026-08-18 19:20:00.000000,INT
Bambuí,cidade,Santa Rosa da Serra - MG,3,2026-08-18 19:20:00.000000,INT
Bambuí,cidade,Araxá - MG,2,2026-08-18 19:20:00.000000,INT
Bambuí,cidade,Japaraíba - MG,2,2026-08-18 19:20:00.000000,INT
Bambuí,cidade,Contagem - MG,2,2026-08-18 19:20:00.000000,INT
Bambuí,cidade,Outra - OU,2,2026-08-18 19:20:00.000000,INT
Bambuí,cidade,Ibiá - MG,2,2026-08-18 19:20:00.000000,INT
Betim,tipo,Pública Municipal,489,2026-08-18 19:20:00.000000,INT
Betim,tipo,Privada,220,2026-08-18 19:20:00.000000,INT
Betim,tipo,Pública Estadual,139,2026-08-18 19:20:00.000000,INT
Betim,tipo,Pública Federal,3,2026-08-18 19:20:00.000000,INT
Betim,area,Urbana,851,2026-08-18 19:20:00.000000,INT
Betim,cidade,Betim - MG,465,2026-08-18 19:20:00.000000,INT
Betim,cidade,Contagem - MG,255,2026-08-18 19:20:00.000000,INT
Betim,cidade,Belo Horizonte - MG,54,2026-08-18 19:20:00.000000,INT
Betim,cidade,Outra - OU,24,2026-08-18 19:20:00.000000,INT
Betim,cidade,São Joaquim de Bicas - MG,11,2026-08-18 19:20:00.000000,INT
Betim,cidade,Igarapé - MG,10,2026-08-18 19:20:00.000000,INT
Betim,cidade,Juatuba - MG,6,2026-08-18 19:20:00.000000,INT
Betim,cidade,Sarzedo - MG,5,2026-08-18 19:20:00.000000,INT
Betim,cidade,Esmeraldas - MG,4,2026-08-18 19:20:00.000000,INT
Betim,cidade,Nova Lima - MG,3,2026-08-18 19:20:00.000000,INT
Betim,cidade,João Monlevade - MG,1,2026-08-18 19:20:00.000000,INT
Betim,cidade,Mário Campos - MG,1,2026-08-18 19:20:00.000000,INT
Betim,cidade,Ouro Branco - MG,1,2026-08-18 19:20:00.000000,INT
Betim,cidade,Ribeirão das Neves - MG,1,2026-08-18 19:20:00.000000,INT
Betim,cidade,Carangola - MG,1,2026-08-18 19:20:00.000000,INT
Congonhas,tipo,Pública Municipal,152,2026-08-18 19:20:00.000000,INT
Congonhas,tipo,Privada,52,2026-08-18 19:20:00.000000,INT
Congonhas,tipo,Pública Estadual,43,2026-08-18 19:20:00.000000,INT
Congonhas,area,Urbana,247,2026-08-18 19:20:00.000000,INT
Congonhas,cidade,Congonhas - MG,169,2026-08-18 19:20:00.000000,INT
Congonhas,cidade,Jeceaba - MG,22,2026-08-18 19:20:00.000000,INT
Congonhas,cidade,Conselheiro Lafaiete - MG,17,2026-08-18 19:20:00.000000,INT
Congonhas,cidade,São Brás do Suaçuí - MG,10,2026-08-18 19:20:00.000000,INT
Congonhas,cidade,Entre Rios de Minas - MG,9,2026-08-18 19:20:00.000000,INT
Congonhas,cidade,Belo Vale - MG,9,2026-08-18 19:20:00.000000,INT
Congonhas,cidade,Outra - OU,6,2026-08-18 19:20:00.000000,INT
Congonhas,cidade,Belo Horizonte - MG,1,2026-08-18 19:20:00.000000,INT
Congonhas,cidade,Ouro Branco - MG,1,2026-08-18 19:20:00.000000,INT
Congonhas,cidade,Guarapari - ES,1,2026-08-18 19:20:00.000000,INT
Congonhas,cidade,Barão de Cocais - MG,1,2026-08-18 19:20:00.000000,INT
Congonhas,cidade,Barrinha - SP,1,2026-08-18 19:20:00.000000,INT
Conselheiro Lafaiete,tipo,Pública Municipal,94,2026-08-18 19:20:00.000000,INT
Conselheiro Lafaiete,tipo,Pública Estadual,87,2026-08-18 19:20:00.000000,INT
Conselheiro Lafaiete,tipo,Privada,23,2026-08-18 19:20:00.000000,INT
Conselheiro Lafaiete,tipo,Pública Federal,1,2026-08-18 19:20:00.000000,INT
Conselheiro Lafaiete,area,Urbana,204,2026-08-18 19:20:00.000000,INT
Conselheiro Lafaiete,area,Rural,1,2026-08-18 19:20:00.000000,INT
Conselheiro Lafaiete,cidade,Conselheiro Lafaiete - MG,153,2026-08-18 19:20:00.000000,INT
Conselheiro Lafaiete,cidade,Carandaí - MG,21,2026-08-18 19:20:00.000000,INT
Conselheiro Lafaiete,cidade,Catas Altas da Noruega - MG,6,2026-08-18 19:20:00.000000,INT
Conselheiro Lafaiete,cidade,Caranaíba - MG,5,2026-08-18 19:20:00.000000,INT
Conselheiro Lafaiete,cidade,Outra - OU,3,2026-08-18 19:20:00.000000,INT
Conselheiro Lafaiete,cidade,Cristiano Otoni - MG,3,2026-08-18 19:20:00.000000,INT
Conselheiro Lafaiete,cidade,Jeceaba - MG,2,2026-08-18 19:20:00.000000,INT
Conselheiro Lafaiete,cidade,Queluzito - MG,2,2026-08-18 19:20:00.000000,INT
Conselheiro Lafaiete,cidade,Itaverava - MG,2,2026-08-18 19:20:00.000000,INT
Conselheiro Lafaiete,cidade,Juiz de Fora - MG,2,2026-08-18 19:20:00.000000,INT
Conselheiro Lafaiete,cidade,Entre Rios de Minas - MG,1,2026-08-18 19:20:00.000000,INT
Conselheiro Lafaiete,cidade,Ouro Branco - MG,1,2026-08-18 19:20:00.000000,INT
Conselheiro Lafaiete,cidade,Santana dos Montes - MG,1,2026-08-18 19:20:00.000000,INT
Conselheiro Lafaiete,cidade,Congonhas - MG,1,2026-08-18 19:20:00.000000,INT
Conselheiro Lafaiete,cidade,Piranga - MG,1,2026-08-18 19:20:00.000000,INT
Formiga,tipo,Pública Estadual,72,2026-08-18 19:20:00.000000,INT
Formiga,tipo,Pública Municipal,26,2026-08-18 19:20:00.000000,INT
Formiga,tipo,Privada,12,2026-08-18 19:20:00.000000,INT
Formiga,area,Urbana,108,2026-08-18 19:20:00.000000,INT
Formiga,area,Rural,2,2026-08-18 19:20:00.000000,INT
Formiga,cidade,Formiga - MG,81,2026-08-18 19:20:00.000000,INT
Formiga,cidade,Pains - MG,13,2026-08-18 19:20:00.000000,INT
Formiga,cidade,Córrego Fundo - MG,10,2026-08-18 19:20:00.000000,INT
Formiga,cidade,Arcos - MG,1,2026-08-18 19:20:00.000000,INT
Formiga,cidade,Córrego Danta - MG,1,2026-08-18 19:20:00.000000,INT
Formiga,cidade,Divinópolis - MG,1,2026-08-18 19:20:00.000000,INT
Formiga,cidade,Barra da Estiva - BA,1,2026-08-18 19:20:00.000000,INT
Formiga,cidade,Campo Belo - MG,1,2026-08-18 19:20:00.000000,INT
Formiga,cidade,Outra - OU,1,2026-08-18 19:20:00.000000,INT
Governador Valadares,tipo,Pública Estadual,158,2026-08-18 19:20:00.000000,INT
Governador Valadares,tipo,Privada,107,2026-08-18 19:20:00.000000,INT
Governador Valadares,tipo,Pública Municipal,19,2026-08-18 19:20:00.000000,INT
Governador Valadares,area,Urbana,281,2026-08-18 19:20:00.000000,INT
Governador Valadares,area,Rural,3,2026-08-18 19:20:00.000000,INT
Governador Valadares,cidade,Governador Valadares - MG,200,2026-08-18 19:20:00.000000,INT
Governador Valadares,cidade,Engenheiro Caldas - MG,15,2026-08-18 19:20:00.000000,INT
Governador Valadares,cidade,Frei Inocêncio - MG,14,2026-08-18 19:20:00.000000,INT
Governador Valadares,cidade,Mathias Lobato - MG,10,2026-08-18 19:20:00.000000,INT
Governador Valadares,cidade,Outra - OU,9,2026-08-18 19:20:00.000000,INT
Governador Valadares,cidade,Tarumirim - MG,6,2026-08-18 19:20:00.000000,INT
Governador Valadares,cidade,Jampruca - MG,4,2026-08-18 19:20:00.000000,INT
Governador Valadares,cidade,Sardoá - MG,4,2026-08-18 19:20:00.000000,INT
Governador Valadares,cidade,Itanhomi - MG,3,2026-08-18 19:20:00.000000,INT
Governador Valadares,cidade,Alpercata - MG,2,2026-08-18 19:20:00.000000,INT
Governador Valadares,cidade,São Geraldo da Piedade - MG,2,2026-08-18 19:20:00.000000,INT
Governador Valadares,cidade,Gonzaga - MG,1,2026-08-18 19:20:00.000000,INT
Governador Valadares,cidade,Ibirité - MG,1,2026-08-18 19:20:00.000000,INT
Governador Valadares,cidade,Pescador - MG,1,2026-08-18 19:20:00.000000,INT
Governador Valadares,cidade,Capitão Andrade - MG,1,2026-08-18 19:20:00.000000,INT
Ibirité,tipo,Pública Municipal,246,2026-08-18 19:20:00.000000,INT
Ibirité,tipo,Privada,148,2026-08-18 19:20:00.000000,INT
Ibirité,tipo,Pública Estadual,103,2026-08-18 19:20:00.000000,INT
Ibirité,area,Urbana,496,2026-08-18 19:20:00.000000,INT
Ibirité,area,Rural,1,2026-08-18 19:20:00.000000,INT
Ibirité,cidade,Belo Horizonte - MG,262,2026-08-18 19:20:00.000000,INT
Ibirité,cidade,Ibirité - MG,143,2026-08-18 19:20:00.000000,INT
Ibirité,cidade,Contagem - MG,43,2026-08-18 19:20:00.000000,INT
Ibirité,cidade,Betim - MG,14,2026-08-18 19:20:00.000000,INT
Ibirité,cidade,Sarzedo - MG,13,2026-08-18 19:20:00.000000,INT
Ibirité,cidade,Outra - OU,10,2026-08-18 19:20:00.000000,INT
Ibirité,cidade,Brumadinho - MG,4,2026-08-18 19:20:00.000000,INT
Ibirité,cidade,Mário Campos - MG,1,2026-08-18 19:20:00.000000,INT
Ibirité,cidade,Piedade dos Gerais - MG,1,2026-08-18 19:20:00.000000,INT
Ibirité,cidade,Rio Doce - MG,1,2026-08-18 19:20:00.000000,INT
Ibirité,cidade,Itambacuri - MG,1,2026-08-18 19:20:00.000000,INT
Ibirité,cidade,Nova Serrana - MG,1,2026-08-18 19:20:00.000000,INT
Ibirité,cidade,Ribeirão das Neves - MG,1,2026-08-18 19:20:00.000000,INT
Ibirité,cidade,São Joaquim de Bicas - MG,1,2026-08-18 19:20:00.000000,INT
Ibirité,cidade,Vespasiano - MG,1,2026-08-18 19:20:00.000000,INT
Ipatinga,tipo,Pública Municipal,146,2026-08-18 19:20:00.000000,INT
Ipatinga,tipo,Pública Estadual,123,2026-08-18 19:20:00.000000,INT
Ipatinga,tipo,Privada,65,2026-08-18 19:20:00.000000,INT
Ipatinga,area,Urbana,332,2026-08-18 19:20:00.000000,INT
Ipatinga,area,Rural,2,2026-08-18 19:20:00.000000,INT
Ipatinga,cidade,Ipatinga - MG,241,2026-08-18 19:20:00.000000,INT
Ipatinga,cidade,Coronel Fabriciano - MG,36,2026-08-18 19:20:00.000000,INT
Ipatinga,cidade,Timóteo - MG,12,2026-08-18 19:20:00.000000,INT
Ipatinga,cidade,Santana do Paraíso - MG,10,2026-08-18 19:20:00.000000,INT
Ipatinga,cidade,Belo Oriente - MG,9,2026-08-18 19:20:00.000000,INT
Ipatinga,cidade,Ipaba - MG,3,2026-08-18 19:20:00.000000,INT
Ipatinga,cidade,Outra - OU,3,2026-08-18 19:20:00.000000,INT
Ipatinga,cidade,Dom Cavati - MG,2,2026-08-18 19:20:00.000000,INT
Ipatinga,cidade,Pingo-d'Água - MG,2,2026-08-18 19:20:00.000000,INT
Ipatinga,cidade,São Domingos do Prata - MG,2,2026-08-18 19:20:00.000000,INT
Ipatinga,cidade,Caratinga - MG,2,2026-08-18 19:20:00.000000,INT
Ipatinga,cidade,Joanésia - MG,1,2026-08-18 19:20:00.000000,INT
Ipatinga,cidade,Naque - MG,1,2026-08-18 19:20:00.000000,INT
Ipatinga,cidade,Pocrane - MG,1,2026-08-18 19:20:00.000000,INT
Ipatinga,cidade,Abre Campo - MG,1,2026-08-18 19:20:00.000000,INT
Itabirito,tipo,Pública Municipal,107,2026-08-18 19:20:00.000000,INT
Itabirito,tipo,Pública Estadual,39,2026-08-18 19:20:00.000000,INT
Itabirito,tipo,Privada,19,2026-08-18 19:20:00.000000,INT
Itabirito,tipo,Pública Federal,1,2026-08-18 19:20:00.000000,INT
Itabirito,area,Urbana,166,2026-08-18 19:20:00.000000,INT
Itabirito,cidade,Itabirito - MG,160,2026-08-18 19:20:00.000000,INT
Itabirito,cidade,Ouro Preto - MG,2,2026-08-18 19:20:00.000000,INT
Itabirito,cidade,Belo Horizonte - MG,1,2026-08-18 19:20:00.000000,INT
Itabirito,cidade,Mariana - MG,1,2026-08-18 19:20:00.000000,INT
Itabirito,cidade,Ouro Branco - MG,1,2026-08-18 19:20:00.000000,INT
Itabirito,cidade,Nova Lima - MG,1,2026-08-18 19:20:00.000000,INT
Ouro Branco,tipo,Pública Municipal,124,2026-08-18 19:20:00.000000,INT
Ouro Branco,tipo,Pública Estadual,62,2026-08-18 19:20:00.000000,INT
Ouro Branco,tipo,Privada,61,2026-08-18 19:20:00.000000,INT
Ouro Branco,tipo,Pública Federal,1,2026-08-18 19:20:00.000000,INT
Ouro Branco,area,Urbana,241,2026-08-18 19:20:00.000000,INT
Ouro Branco,area,Rural,7,2026-08-18 19:20:00.000000,INT
Ouro Branco,cidade,Ouro Branco - MG,142,2026-08-18 19:20:00.000000,INT
Ouro Branco,cidade,Conselheiro Lafaiete - MG,83,2026-08-18 19:20:00.000000,INT
Ouro Branco,cidade,Jeceaba - MG,7,2026-08-18 19:20:00.000000,INT
Ouro Branco,cidade,Congonhas - MG,2,2026-08-18 19:20:00.000000,INT
Ouro Branco,cidade,Entre Rios de Minas - MG,2,2026-08-18 19:20:00.000000,INT
Ouro Branco,cidade,Itaverava - MG,2,2026-08-18 19:20:00.000000,INT
Ouro Branco,cidade,Piranga - MG,2,2026-08-18 19:20:00.000000,INT
Ouro Branco,cidade,Caranaíba - MG,2,2026-08-18 19:20:00.000000,INT
Ouro Branco,cidade,Ipatinga - MG,1,2026-08-18 19:20:00.000000,INT
Ouro Branco,cidade,Ouro Preto - MG,1,2026-08-18 19:20:00.000000,INT
Ouro Branco,cidade,Macaé - RJ,1,2026-08-18 19:20:00.000000,INT
Ouro Branco,cidade,Brumado - BA,1,2026-08-18 19:20:00.000000,INT
Ouro Branco,cidade,Belo Horizonte - MG,1,2026-08-18 19:20:00.000000,INT
Ouro Branco,cidade,Barão de Cocais - MG,1,2026-08-18 19:20:00.000000,INT
Ouro Preto,tipo,Pública Municipal,211,2026-08-18 19:20:00.000000,INT
Ouro Preto,tipo,Pública Estadual,166,2026-08-18 19:20:00.000000,INT
Ouro Preto,tipo,Privada,120,2026-08-18 19:20:00.000000,INT
Ouro Preto,tipo,Pública Federal,2,2026-08-18 19:20:00.000000,INT
Ouro Preto,area,Urbana,494,2026-08-18 19:20:00.000000,INT
Ouro Preto,area,Rural,5,2026-08-18 19:20:00.000000,INT
Ouro Preto,cidade,Ouro Preto - MG,237,2026-08-18 19:20:00.000000,INT
Ouro Preto,cidade,Mariana - MG,136,2026-08-18 19:20:00.000000,INT
Ouro Preto,cidade,Itabirito - MG,74,2026-08-18 19:20:00.000000,INT
Ouro Preto,cidade,Santa Bárbara - MG,11,2026-08-18 19:20:00.000000,INT
Ouro Preto,cidade,Outra - OU,10,2026-08-18 19:20:00.000000,INT
Ouro Preto,cidade,Catas Altas - MG,8,2026-08-18 19:20:00.000000,INT
Ouro Preto,cidade,Belo Horizonte - MG,5,2026-08-18 19:20:00.000000,INT
Ouro Preto,cidade,Barão de Cocais - MG,2,2026-08-18 19:20:00.000000,INT
Ouro Preto,cidade,Piranga - MG,2,2026-08-18 19:20:00.000000,INT
Ouro Preto,cidade,Barbacena - MG,1,2026-08-18 19:20:00.000000,INT
Ouro Preto,cidade,Porto Firme - MG,1,2026-08-18 19:20:00.000000,INT
Ouro Preto,cidade,Caeté - MG,1,2026-08-18 19:20:00.000000,INT
Ouro Preto,cidade,Conceição do Mato Dentro - MG,1,2026-08-18 19:20:00.000000,INT
Ouro Preto,cidade,Contagem - MG,1,2026-08-18 19:20:00.000000,INT
Ouro Preto,cidade,Lagoa Santa - MG,1,2026-08-18 19:20:00.000000,INT
Piumhi,tipo,Pública Estadual,56,2026-08-18 19:20:00.000000,INT
Piumhi,tipo,Privada,25,2026-08-18 19:20:00.000000,INT
Piumhi,tipo,Pública Municipal,3,2026-08-18 19:20:00.000000,INT
Piumhi,area,Urbana,84,2026-08-18 19:20:00.000000,INT
Piumhi,cidade,Piumhi - MG,56,2026-08-18 19:20:00.000000,INT
Piumhi,cidade,Pimenta - MG,16,2026-08-18 19:20:00.000000,INT
Piumhi,cidade,Capitólio - MG,9,2026-08-18 19:20:00.000000,INT
Piumhi,cidade,Doresópolis - MG,3,2026-08-18 19:20:00.000000,INT
Ponte Nova,tipo,Pública Estadual,135,2026-08-18 19:20:00.000000,INT
Ponte Nova,tipo,Pública Municipal,127,2026-08-18 19:20:00.000000,INT
Ponte Nova,tipo,Privada,88,2026-08-18 19:20:00.000000,INT
Ponte Nova,area,Urbana,347,2026-08-18 19:20:00.000000,INT
Ponte Nova,area,Rural,3,2026-08-18 19:20:00.000000,INT
Ponte Nova,cidade,Ponte Nova - MG,221,2026-08-18 19:20:00.000000,INT
Ponte Nova,cidade,Urucânia - MG,20,2026-08-18 19:20:00.000000,INT
Ponte Nova,cidade,Amparo do Serra - MG,15,2026-08-18 19:20:00.000000,INT
Ponte Nova,cidade,Dom Silvério - MG,13,2026-08-18 19:20:00.000000,INT
Ponte Nova,cidade,Jequeri - MG,13,2026-08-18 19:20:00.000000,INT
Ponte Nova,cidade,Raul Soares - MG,10,2026-08-18 19:20:00.000000,INT
Ponte Nova,cidade,Rio Casca - MG,9,2026-08-18 19:20:00.000000,INT
Ponte Nova,cidade,Alvinópolis - MG,9,2026-08-18 19:20:00.000000,INT
Ponte Nova,cidade,Santa Cruz do Escalvado - MG,8,2026-08-18 19:20:00.000000,INT
Ponte Nova,cidade,Oratórios - MG,6,2026-08-18 19:20:00.000000,INT
Ponte Nova,cidade,Outra - OU,4,2026-08-18 19:20:00.000000,INT
Ponte Nova,cidade,Rio Doce - MG,3,2026-08-18 19:20:00.000000,INT
Ponte Nova,cidade,Guaraciaba - MG,3,2026-08-18 19:20:00.000000,INT
Ponte Nova,cidade,Sem-Peixe - MG,2,2026-08-18 19:20:00.000000,INT
Ponte Nova,cidade,Viçosa - MG,2,2026-08-18 19:20:00.000000,INT
Ribeirão das Neves,tipo,Pública Estadual,316,2026-08-18 19:20:00.000000,INT
Ribeirão das Neves,tipo,Pública Municipal,179,2026-08-18 19:20:00.000000,INT
Ribeirão das Neves,tipo,Privada,112,2026-08-18 19:20:00.000000,INT
Ribeirão das Neves,tipo,Pública Federal,3,2026-08-18 19:20:00.000000,INT
Ribeirão das Neves,area,Urbana,610,2026-08-18 19:20:00.000000,INT
Ribeirão das Neves,cidade,Ribeirão das Neves - MG,359,2026-08-18 19:20:00.000000,INT
Ribeirão das Neves,cidade,Belo Horizonte - MG,165,2026-08-18 19:20:00.000000,INT
Ribeirão das Neves,cidade,Esmeraldas - MG,24,2026-08-18 19:20:00.000000,INT
Ribeirão das Neves,cidade,São José da Lapa - MG,16,2026-08-18 19:20:00.000000,INT
Ribeirão das Neves,cidade,Outra - OU,16,2026-08-18 19:20:00.000000,INT
Ribeirão das Neves,cidade,Contagem - MG,15,2026-08-18 19:20:00.000000,INT
Ribeirão das Neves,cidade,Vespasiano - MG,4,2026-08-18 19:20:00.000000,INT
Ribeirão das Neves,cidade,Lagoa Santa - MG,1,2026-08-18 19:20:00.000000,INT
Ribeirão das Neves,cidade,Montes Claros - MG,1,2026-08-18 19:20:00.000000,INT
Ribeirão das Neves,cidade,Brumadinho - MG,1,2026-08-18 19:20:00.000000,INT
Ribeirão das Neves,cidade,Governador Valadares - MG,1,2026-08-18 19:20:00.000000,INT
Ribeirão das Neves,cidade,Itamarandiba - MG,1,2026-08-18 19:20:00.000000,INT
Ribeirão das Neves,cidade,Matozinhos - MG,1,2026-08-18 19:20:00.000000,INT
Ribeirão das Neves,cidade,Pedro Leopoldo - MG,1,2026-08-18 19:20:00.000000,INT
Ribeirão das Neves,cidade,Santa Rita do Itueto - MG,1,2026-08-18 19:20:00.000000,INT
Sabará,tipo,Pública Estadual,232,2026-08-18 19:20:00.000000,INT
Sabará,tipo,Pública Municipal,152,2026-08-18 19:20:00.000000,INT
Sabará,tipo,Privada,120,2026-08-18 19:20:00.000000,INT
Sabará,tipo,Pública Federal,4,2026-08-18 19:20:00.000000,INT
Sabará,area,Urbana,508,2026-08-18 19:20:00.000000,INT
Sabará,cidade,Sabará - MG,275,2026-08-18 19:20:00.000000,INT
Sabará,cidade,Belo Horizonte - MG,172,2026-08-18 19:20:00.000000,INT
Sabará,cidade,Caeté - MG,40,2026-08-18 19:20:00.000000,INT
Sabará,cidade,Santa Luzia - MG,6,2026-08-18 19:20:00.000000,INT
Sabará,cidade,Nova Lima - MG,5,2026-08-18 19:20:00.000000,INT
Sabará,cidade,Outra - OU,5,2026-08-18 19:20:00.000000,INT
Sabará,cidade,Contagem - MG,2,2026-08-18 19:20:00.000000,INT
Sabará,cidade,Carmópolis de Minas - MG,1,2026-08-18 19:20:00.000000,INT
Sabará,cidade,Jaboticatubas - MG,1,2026-08-18 19:20:00.000000,INT
Sabará,cidade,São José da Lapa - MG,1,2026-08-18 19:20:00.000000,INT
Santa Luzia,tipo,Pública Estadual,192,2026-08-18 19:20:00.000000,INT
Santa Luzia,tipo,Pública Municipal,149,2026-08-18 19:20:00.000000,INT
Santa Luzia,tipo,Privada,124,2026-08-18 19:20:00.000000,INT
Santa Luzia,tipo,Pública Federal,5,2026-08-18 19:20:00.000000,INT
Santa Luzia,area,Urbana,470,2026-08-18 19:20:00.000000,INT
Santa Luzia,cidade,Santa Luzia - MG,276,2026-08-18 19:20:00.000000,INT
Santa Luzia,cidade,Belo Horizonte - MG,125,2026-08-18 19:20:00.000000,INT
Santa Luzia,cidade,Vespasiano - MG,20,2026-08-18 19:20:00.000000,INT
Santa Luzia,cidade,Outra - OU,13,2026-08-18 19:20:00.000000,INT
Santa Luzia,cidade,Lagoa Santa - MG,9,2026-08-18 19:20:00.000000,INT
Santa Luzia,cidade,São José da Lapa - MG,6,2026-08-18 19:20:00.000000,INT
Santa Luzia,cidade,Pedro Leopoldo - MG,4,2026-08-18 19:20:00.000000,INT
Santa Luzia,cidade,Sabará - MG,2,2026-08-18 19:20:00.000000,INT
Santa Luzia,cidade,Brasília - DF,2,2026-08-18 19:20:00.000000,INT
Santa Luzia,cidade,Contagem - MG,2,2026-08-18 19:20:00.000000,INT
Santa Luzia,cidade,Jaboticatubas - MG,1,2026-08-18 19:20:00.000000,INT
Santa Luzia,cidade,Mateus Leme - MG,1,2026-08-18 19:20:00.000000,INT
Santa Luzia,cidade,Montes Claros - MG,1,2026-08-18 19:20:00.000000,INT
Santa Luzia,cidade,Ribeirão das Neves - MG,1,2026-08-18 19:20:00.000000,INT
Santa Luzia,cidade,Araçaí - MG,1,2026-08-18 19:20:00.000000,INT
São João Evangelista,tipo,Pública Estadual,400,2026-08-18 19:20:00.000000,INT
São João Evangelista,tipo,Privada,30,2026-08-18 19:20:00.000000,INT
São João Evangelista,tipo,Pública Municipal,15,2026-08-18 19:20:00.000000,INT
São João Evangelista,area,Urbana,430,2026-08-18 19:20:00.000000,INT
São João Evangelista,area,Rural,15,2026-08-18 19:20:00.000000,INT
São João Evangelista,cidade,Guanhães - MG,96,2026-08-18 19:20:00.000000,INT
São João Evangelista,cidade,São João Evangelista - MG,77,2026-08-18 19:20:00.000000,INT
São João Evangelista,cidade,Peçanha - MG,31,2026-08-18 19:20:00.000000,INT
São João Evangelista,cidade,Coluna - MG,26,2026-08-18 19:20:00.000000,INT
São João Evangelista,cidade,Virginópolis - MG,22,2026-08-18 19:20:00.000000,INT
São João Evangelista,cidade,Santa Maria do Suaçuí - MG,18,2026-08-18 19:20:00.000000,INT
São João Evangelista,cidade,São Pedro do Suaçuí - MG,16,2026-08-18 19:20:00.000000,INT
São João Evangelista,cidade,Capelinha - MG,15,2026-08-18 19:20:00.000000,INT
São João Evangelista,cidade,São José do Jacuri - MG,11,2026-08-18 19:20:00.000000,INT
São João Evangelista,cidade,Cantagalo - MG,11,2026-08-18 19:20:00.000000,INT
São João Evangelista,cidade,Divinolândia de Minas - MG,9,2026-08-18 19:20:00.000000,INT
São João Evangelista,cidade,Setubinha - MG,8,2026-08-18 19:20:00.000000,INT
São João Evangelista,cidade,Frei Lagonegro - MG,8,2026-08-18 19:20:00.000000,INT
São João Evangelista,cidade,Angelândia - MG,8,2026-08-18 19:20:00.000000,INT
São João Evangelista,cidade,São Sebastião do Maranhão - MG,8,2026-08-18 19:20:00.000000,INT
Todas as unidades,tipo,Pública Estadual,424,2026-08-18 19:20:00.000000,SUB
Todas as unidades,tipo,Privada,68,2026-08-18 19:20:00.000000,SUB
Todas as unidades,tipo,Pública Federal,23,2026-08-18 19:20:00.000000,SUB
Todas as unidades,tipo,Pública Municipal,13,2026-08-18 19:20:00.000000,SUB
Todas as unidades,area,Urbana,520,2026-08-18 19:20:00.000000,SUB
Todas as unidades,area,Rural,8,2026-08-18 19:20:00.000000,SUB
Todas as unidades,cidade,Belo Horizonte - MG,41,2026-08-18 19:20:00.000000,SUB
Todas as unidades,cidade,Conselheiro Lafaiete - MG,37,2026-08-18 19:20:00.000000,SUB
Todas as unidades,cidade,Santa Luzia - MG,36,2026-08-18 19:20:00.000000,SUB
Todas as unidades,cidade,Ouro Preto - MG,31,2026-08-18 19:20:00.000000,SUB
Todas as unidades,cidade,Outra - OU,26,2026-08-18 19:20:00.000000,SUB
Todas as unidades,cidade,Piumhi - MG,23,2026-08-18 19:20:00.000000,SUB
Todas as unidades,cidade,Congonhas - MG,19,2026-08-18 19:20:00.000000,SUB
Todas as unidades,cidade,Ribeirão das Neves - MG,18,2026-08-18 19:20:00.000000,SUB
Todas as unidades,cidade,Governador Valadares - MG,11,2026-08-18 19:20:00.000000,SUB
Todas as unidades,cidade,Ipatinga - MG,10,2026-08-18 19:20:00.000000,SUB
Todas as unidades,cidade,Mariana - MG,10,2026-08-18 19:20:00.000000,SUB
Todas as unidades,cidade,Contagem - MG,7,2026-08-18 19:20:00.000000,SUB
Todas as unidades,cidade,Betim - MG,6,2026-08-18 19:20:00.000000,SUB
Todas as unidades,cidade,Salvador - BA,6,2026-08-18 19:20:00.000000,SUB
Todas as unidades,cidade,Pimenta - MG,6,2026-08-18 19:20:00.000000,SUB
Bambuí,tipo,Pública Estadual,8,2026-08-18 19:20:00.000000,SUB
Bambuí,tipo,Privada,4,2026-08-18 19:20:00.000000,SUB
Bambuí,tipo,Pública Municipal,3,2026-08-18 19:20:00.000000,SUB
Bambuí,area,Urbana,12,2026-08-18 19:20:00.000000,SUB
Bambuí,area,Rural,3,2026-08-18 19:20:00.000000,SUB
Bambuí,cidade,Bambuí - MG,3,2026-08-18 19:20:00.000000,SUB
Bambuí,cidade,Formiga - MG,2,2026-08-18 19:20:00.000000,SUB
Bambuí,cidade,Caraí - MG,1,2026-08-18 19:20:00.000000,SUB
Bambuí,cidade,Oliveira - MG,1,2026-08-18 19:20:00.000000,SUB
Bambuí,cidade,Pimenta - MG,1,2026-08-18 19:20:00.000000,SUB
Bambuí,cidade,Campinas - SP,1,2026-08-18 19:20:00.000000,SUB
Bambuí,cidade,Arcos - MG,1,2026-08-18 19:20:00.000000,SUB
Bambuí,cidade,Belo Horizonte - MG,1,2026-08-18 19:20:00.000000,SUB
Bambuí,cidade,Perdões - MG,1,2026-08-18 19:20:00.000000,SUB
Bambuí,cidade,Santa Rosa da Serra - MG,1,2026-08-18 19:20:00.000000,SUB
Bambuí,cidade,Leme - SP,1,2026-08-18 19:20:00.000000,SUB
Bambuí,cidade,Santa Filomena - PE,1,2026-08-18 19:20:00.000000,SUB
Congonhas,tipo,Pública Estadual,20,2026-08-18 19:20:00.000000,SUB
Congonhas,tipo,Privada,2,2026-08-18 19:20:00.000000,SUB
Congonhas,area,Urbana,22,2026-08-18 19:20:00.000000,SUB
Congonhas,cidade,Congonhas - MG,13,2026-08-18 19:20:00.000000,SUB
Congonhas,cidade,São Brás do Suaçuí - MG,1,2026-08-18 19:20:00.000000,SUB
Congonhas,cidade,Ubiratã - PR,1,2026-08-18 19:20:00.000000,SUB
Congonhas,cidade,Maceió - AL,1,2026-08-18 19:20:00.000000,SUB
Congonhas,cidade,Sabará - MG,1,2026-08-18 19:20:00.000000,SUB
Congonhas,cidade,Barrinha - SP,1,2026-08-18 19:20:00.000000,SUB
Congonhas,cidade,Outra - OU,1,2026-08-18 19:20:00.000000,SUB
Congonhas,cidade,Oriximiná - PA,1,2026-08-18 19:20:00.000000,SUB
Congonhas,cidade,Betim - MG,1,2026-08-18 19:20:00.000000,SUB
Congonhas,cidade,Entre Rios de Minas - MG,1,2026-08-18 19:20:00.000000,SUB
Conselheiro Lafaiete,tipo,Pública Estadual,48,2026-08-18 19:20:00.000000,SUB
Conselheiro Lafaiete,tipo,Pública Municipal,6,2026-08-18 19:20:00.000000,SUB
Conselheiro Lafaiete,tipo,Privada,5,2026-08-18 19:20:00.000000,SUB
Conselheiro Lafaiete,tipo,Pública Federal,1,2026-08-18 19:20:00.000000,SUB
Conselheiro Lafaiete,area,Urbana,60,2026-08-18 19:20:00.000000,SUB
Conselheiro Lafaiete,cidade,Conselheiro Lafaiete - MG,35,2026-08-18 19:20:00.000000,SUB
Conselheiro Lafaiete,cidade,Congonhas - MG,4,2026-08-18 19:20:00.000000,SUB
Conselheiro Lafaiete,cidade,Barbacena - MG,3,2026-08-18 19:20:00.000000,SUB
Conselheiro Lafaiete,cidade,Ouro Branco - MG,2,2026-08-18 19:20:00.000000,SUB
Conselheiro Lafaiete,cidade,Senhora de Oliveira - MG,2,2026-08-18 19:20:00.000000,SUB
Conselheiro Lafaiete,cidade,Outra - OU,2,2026-08-18 19:20:00.000000,SUB
Conselheiro Lafaiete,cidade,Entre Rios de Minas - MG,2,2026-08-18 19:20:00.000000,SUB
Conselheiro Lafaiete,cidade,Patos de Minas - MG,1,2026-08-18 19:20:00.000000,SUB
Conselheiro Lafaiete,cidade,Rio de Janeiro - RJ,1,2026-08-18 19:20:00.000000,SUB
Conselheiro Lafaiete,cidade,Caranaíba - MG,1,2026-08-18 19:20:00.000000,SUB
Conselheiro Lafaiete,cidade,Nova Lima - MG,1,2026-08-18 19:20:00.000000,SUB
Conselheiro Lafaiete,cidade,Ouro Preto - MG,1,2026-08-18 19:20:00.000000,SUB
Conselheiro Lafaiete,cidade,Piranga - MG,1,2026-08-18 19:20:00.000000,SUB
Conselheiro Lafaiete,cidade,Varginha - MG,1,2026-08-18 19:20:00.000000,SUB
Conselheiro Lafaiete,cidade,Mairiporã - SP,1,2026-08-18 19:20:00.000000,SUB
Governador Valadares,tipo,Pública Estadual,17,2026-08-18 19:20:00.000000,SUB
Governador Valadares,tipo,Privada,3,2026-08-18 19:20:00.000000,SUB
Governador Valadares,tipo,Pública Municipal,1,2026-08-18 19:20:00.000000,SUB
Governador Valadares,area,Urbana,21,2026-08-18 19:20:00.000000,SUB
Governador Valadares,cidade,Governador Valadares - MG,10,2026-08-18 19:20:00.000000,SUB
Governador Valadares,cidade,Galiléia - MG,2,2026-08-18 19:20:00.000000,SUB
Governador Valadares,cidade,Outra - OU,2,2026-08-18 19:20:00.000000,SUB
Governador Valadares,cidade,São Paulo - SP,1,2026-08-18 19:20:00.000000,SUB
Governador Valadares,cidade,Resplendor - MG,1,2026-08-18 19:20:00.000000,SUB
Governador Valadares,cidade,São Félix de Minas - MG,1,2026-08-18 19:20:00.000000,SUB
Governador Valadares,cidade,São Mateus - ES,1,2026-08-18 19:20:00.000000,SUB
Governador Valadares,cidade,Itabuna - BA,1,2026-08-18 19:20:00.000000,SUB
Governador Valadares,cidade,Santa Maria do Suaçuí - MG,1,2026-08-18 19:20:00.000000,SUB
Governador Valadares,cidade,São Domingos do Norte - ES,1,2026-08-18 19:20:00.000000,SUB
Ipatinga,tipo,Pública Estadual,29,2026-08-18 19:20:00.000000,SUB
Ipatinga,tipo,Privada,1,2026-08-18 19:20:00.000000,SUB
Ipatinga,tipo,Pública Municipal,1,2026-08-18 19:20:00.000000,SUB
Ipatinga,tipo,Pública Federal,1,2026-08-18 19:20:00.000000,SUB
Ipatinga,area,Urbana,32,2026-08-18 19:20:00.000000,SUB
Ipatinga,cidade,Ipatinga - MG,10,2026-08-18 19:20:00.000000,SUB
Ipatinga,cidade,Timóteo - MG,3,2026-08-18 19:20:00.000000,SUB
Ipatinga,cidade,Santana do Paraíso - MG,3,2026-08-18 19:20:00.000000,SUB
Ipatinga,cidade,Coronel Fabriciano - MG,3,2026-08-18 19:20:00.000000,SUB
Ipatinga,cidade,Iapu - MG,1,2026-08-18 19:20:00.000000,SUB
Ipatinga,cidade,Itaobim - MG,1,2026-08-18 19:20:00.000000,SUB
Ipatinga,cidade,Pingo-d'Água - MG,1,2026-08-18 19:20:00.000000,SUB
Ipatinga,cidade,Outra - OU,1,2026-08-18 19:20:00.000000,SUB
Ipatinga,cidade,Açucena - MG,1,2026-08-18 19:20:00.000000,SUB
Ipatinga,cidade,Belo Horizonte - MG,1,2026-08-18 19:20:00.000000,SUB
Ipatinga,cidade,Carlos Chagas - MG,1,2026-08-18 19:20:00.000000,SUB
Ipatinga,cidade,Dores de Guanhães - MG,1,2026-08-18 19:20:00.000000,SUB
Ipatinga,cidade,Mesquita - MG,1,2026-08-18 19:20:00.000000,SUB
Ipatinga,cidade,São Paulo - SP,1,2026-08-18 19:20:00.000000,SUB
Ipatinga,cidade,Salvador - BA,1,2026-08-18 19:20:00.000000,SUB
Ouro Preto,tipo,Pública Estadual,66,2026-08-18 19:20:00.000000,SUB
Ouro Preto,tipo,Privada,14,2026-08-18 19:20:00.000000,SUB
Ouro Preto,tipo,Pública Federal,3,2026-08-18 19:20:00.000000,SUB
Ouro Preto,tipo,Pública Municipal,1,2026-08-18 19:20:00.000000,SUB
Ouro Preto,area,Urbana,84,2026-08-18 19:20:00.000000,SUB
Ouro Preto,cidade,Ouro Preto - MG,30,2026-08-18 19:20:00.000000,SUB
Ouro Preto,cidade,Mariana - MG,10,2026-08-18 19:20:00.000000,SUB
Ouro Preto,cidade,Outra - OU,4,2026-08-18 19:20:00.000000,SUB
Ouro Preto,cidade,Belo Horizonte - MG,4,2026-08-18 19:20:00.000000,SUB
Ouro Preto,cidade,Catas Altas - MG,3,2026-08-18 19:20:00.000000,SUB
Ouro Preto,cidade,Itabirito - MG,2,2026-08-18 19:20:00.000000,SUB
Ouro Preto,cidade,Muriaé - MG,2,2026-08-18 19:20:00.000000,SUB
Ouro Preto,cidade,Congonhas - MG,2,2026-08-18 19:20:00.000000,SUB
Ouro Preto,cidade,Salvador - BA,2,2026-08-18 19:20:00.000000,SUB
Ouro Preto,cidade,Betim - MG,1,2026-08-18 19:20:00.000000,SUB
Ouro Preto,cidade,Piranga - MG,1,2026-08-18 19:20:00.000000,SUB
Ouro Preto,cidade,Teófilo Otoni - MG,1,2026-08-18 19:20:00.000000,SUB
Ouro Preto,cidade,Conselheiro Lafaiete - MG,1,2026-08-18 19:20:00.000000,SUB
Ouro Preto,cidade,Niterói - RJ,1,2026-08-18 19:20:00.000000,SUB
Ouro Preto,cidade,Tambaú - SP,1,2026-08-18 19:20:00.000000,SUB
Piumhi,tipo,Pública Estadual,35,2026-08-18 19:20:00.000000,SUB
Piumhi,tipo,Privada,5,2026-08-18 19:20:00.000000,SUB
Piumhi,tipo,Pública Federal,3,2026-08-18 19:20:00.000000,SUB
Piumhi,area,Urbana,42,2026-08-18 19:20:00.000000,SUB
Piumhi,area,Rural,1,2026-08-18 19:20:00.000000,SUB
Piumhi,cidade,Piumhi - MG,23,2026-08-18 19:20:00.000000,SUB
Piumhi,cidade,Pimenta - MG,5,2026-08-18 19:20:00.000000,SUB
Piumhi,cidade,Doresópolis - MG,2,2026-08-18 19:20:00.000000,SUB
Piumhi,cidade,São Roque de Minas - MG,2,2026-08-18 19:20:00.000000,SUB
Piumhi,cidade,Franca - SP,2,2026-08-18 19:20:00.000000,SUB
Piumhi,cidade,São Francisco - MG,1,2026-08-18 19:20:00.000000,SUB
Piumhi,cidade,Vargem Bonita - MG,1,2026-08-18 19:20:00.000000,SUB
Piumhi,cidade,Rio Verde - GO,1,2026-08-18 19:20:00.000000,SUB
Piumhi,cidade,Ibicuí - BA,1,2026-08-18 19:20:00.000000,SUB
Piumhi,cidade,Bambuí - MG,1,2026-08-18 19:20:00.000000,SUB
Piumhi,cidade,Outra - OU,1,2026-08-18 19:20:00.000000,SUB
Piumhi,cidade,Icó - CE,1,2026-08-18 19:20:00.000000,SUB
Piumhi,cidade,Arcos - MG,1,2026-08-18 19:20:00.000000,SUB
Piumhi,cidade,Belo Horizonte - MG,1,2026-08-18 19:20:00.000000,SUB
Ribeirão das Neves,tipo,Pública Estadual,130,2026-08-18 19:20:00.000000,SUB
Ribeirão das Neves,tipo,Privada,22,2026-08-18 19:20:00.000000,SUB
Ribeirão das Neves,tipo,Pública Federal,9,2026-08-18 19:20:00.000000,SUB
Ribeirão das Neves,tipo,Pública Municipal,1,2026-08-18 19:20:00.000000,SUB
Ribeirão das Neves,area,Urbana,159,2026-08-18 19:20:00.000000,SUB
Ribeirão das Neves,area,Rural,3,2026-08-18 19:20:00.000000,SUB
Ribeirão das Neves,cidade,Belo Horizonte - MG,18,2026-08-18 19:20:00.000000,SUB
Ribeirão das Neves,cidade,Ribeirão das Neves - MG,17,2026-08-18 19:20:00.000000,SUB
Ribeirão das Neves,cidade,Outra - OU,11,2026-08-18 19:20:00.000000,SUB
Ribeirão das Neves,cidade,Contagem - MG,5,2026-08-18 19:20:00.000000,SUB
Ribeirão das Neves,cidade,Campos dos Goytacazes - RJ,3,2026-08-18 19:20:00.000000,SUB
Ribeirão das Neves,cidade,Salvador - BA,3,2026-08-18 19:20:00.000000,SUB
Ribeirão das Neves,cidade,Betim - MG,2,2026-08-18 19:20:00.000000,SUB
Ribeirão das Neves,cidade,Cataguases - MG,2,2026-08-18 19:20:00.000000,SUB
Ribeirão das Neves,cidade,São Paulo - SP,2,2026-08-18 19:20:00.000000,SUB
Ribeirão das Neves,cidade,Vila Velha - ES,2,2026-08-18 19:20:00.000000,SUB
Ribeirão das Neves,cidade,Volta Redonda - RJ,2,2026-08-18 19:20:00.000000,SUB
Ribeirão das Neves,cidade,Matozinhos - MG,2,2026-08-18 19:20:00.000000,SUB
Ribeirão das Neves,cidade,São Bernardo do Campo - SP,2,2026-08-18 19:20:00.000000,SUB
Ribeirão das Neves,cidade,Vespasiano - MG,2,2026-08-18 19:20:00.000000,SUB
Ribeirão das Neves,cidade,Itaobim - MG,2,2026-08-18 19:20:00.000000,SUB
Santa Luzia,tipo,Pública Estadual,71,2026-08-18 19:20:00.000000,SUB
Santa Luzia,tipo,Privada,12,2026-08-18 19:20:00.000000,SUB
Santa Luzia,tipo,Pública Federal,6,2026-08-18 19:20:00.000000,SUB
Santa Luzia,area,Urbana,88,2026-08-18 19:20:00.000000,SUB
Santa Luzia,area,Rural,1,2026-08-18 19:20:00.000000,SUB
Santa Luzia,cidade,Santa Luzia - MG,35,2026-08-18 19:20:00.000000,SUB
Santa Luzia,cidade,Belo Horizonte - MG,16,2026-08-18 19:20:00.000000,SUB
Santa Luzia,cidade,Outra - OU,4,2026-08-18 19:20:00.000000,SUB
Santa Luzia,cidade,Betim - MG,2,2026-08-18 19:20:00.000000,SUB
Santa Luzia,cidade,Sabará - MG,2,2026-08-18 19:20:00.000000,SUB
Santa Luzia,cidade,Contagem - MG,2,2026-08-18 19:20:00.000000,SUB
Santa Luzia,cidade,Arinos - MG,1,2026-08-18 19:20:00.000000,SUB
Santa Luzia,cidade,Três Marias - MG,1,2026-08-18 19:20:00.000000,SUB
Santa Luzia,cidade,Duque de Caxias - RJ,1,2026-08-18 19:20:00.000000,SUB
Santa Luzia,cidade,Corinto - MG,1,2026-08-18 19:20:00.000000,SUB
Santa Luzia,cidade,Boituva - SP,1,2026-08-18 19:20:00.000000,SUB
Santa Luzia,cidade,Itabira - MG,1,2026-08-18 19:20:00.000000,SUB
Santa Luzia,cidade,São Paulo - SP,1,2026-08-18 19:20:00.000000,SUB
Santa Luzia,cidade,Lavras - MG,1,2026-08-18 19:20:00.000000,SUB
Santa Luzia,cidade,Manaus - AM,1,2026-08-18 19:20:00.000000,SUB
Todas as unidades,tipo,Pública Estadual,1294,2026-08-18 19:20:00.000000,SUP
Todas as unidades,tipo,Pública Federal,253,2026-08-18 19:20:00.000000,SUP
Todas as unidades,tipo,Privada,219,2026-08-18 19:20:00.000000,SUP
Todas as unidades,tipo,Pública Municipal,43,2026-08-18 19:20:00.000000,SUP
Todas as unidades,area,Urbana,1746,2026-08-18 19:20:00.000000,SUP
Todas as unidades,area,Rural,63,2026-08-18 19:20:00.000000,SUP
Todas as unidades,cidade,Belo Horizonte - MG,214,2026-08-18 19:20:00.000000,SUP
Todas as unidades,cidade,Ribeirão das Neves - MG,102,2026-08-18 19:20:00.000000,SUP
Todas as unidades,cidade,Ouro Branco - MG,102,2026-08-18 19:20:00.000000,SUP
Todas as unidades,cidade,Betim - MG,94,2026-08-18 19:20:00.000000,SUP
Todas as unidades,cidade,Arcos - MG,82,2026-08-18 19:20:00.000000,SUP
Todas as unidades,cidade,Bambuí - MG,74,2026-08-18 19:20:00.000000,SUP
Todas as unidades,cidade,Sabará - MG,73,2026-08-18 19:20:00.000000,SUP
Todas as unidades,cidade,Formiga - MG,71,2026-08-18 19:20:00.000000,SUP
Todas as unidades,cidade,Outra - OU,58,2026-08-18 19:20:00.000000,SUP
Todas as unidades,cidade,Santa Luzia - MG,56,2026-08-18 19:20:00.000000,SUP
Todas as unidades,cidade,Congonhas - MG,56,2026-08-18 19:20:00.000000,SUP
Todas as unidades,cidade,Governador Valadares - MG,50,2026-08-18 19:20:00.000000,SUP
Todas as unidades,cidade,Contagem - MG,49,2026-08-18 19:20:00.000000,SUP
Todas as unidades,cidade,Ouro Preto - MG,44,2026-08-18 19:20:00.000000,SUP
Todas as unidades,cidade,Conselheiro Lafaiete - MG,42,2026-08-18 19:20:00.000000,SUP
Arcos,tipo,Pública Estadual,102,2026-08-18 19:20:00.000000,SUP
Arcos,tipo,Privada,19,2026-08-18 19:20:00.000000,SUP
Arcos,tipo,Pública Federal,16,2026-08-18 19:20:00.000000,SUP
Arcos,tipo,Pública Municipal,1,2026-08-18 19:20:00.000000,SUP
Arcos,area,Urbana,133,2026-08-18 19:20:00.000000,SUP
Arcos,area,Rural,5,2026-08-18 19:20:00.000000,SUP
Arcos,cidade,Arcos - MG,63,2026-08-18 19:20:00.000000,SUP
Arcos,cidade,Formiga - MG,13,2026-08-18 19:20:00.000000,SUP
Arcos,cidade,Iguatama - MG,7,2026-08-18 19:20:00.000000,SUP
Arcos,cidade,Lagoa da Prata - MG,6,2026-08-18 19:20:00.000000,SUP
Arcos,cidade,Bambuí - MG,5,2026-08-18 19:20:00.000000,SUP
Arcos,cidade,Belo Horizonte - MG,4,2026-08-18 19:20:00.000000,SUP
Arcos,cidade,Outra - OU,4,2026-08-18 19:20:00.000000,SUP
Arcos,cidade,Piumhi - MG,3,2026-08-18 19:20:00.000000,SUP
Arcos,cidade,Contagem - MG,2,2026-08-18 19:20:00.000000,SUP
Arcos,cidade,Florestal - MG,2,2026-08-18 19:20:00.000000,SUP
Arcos,cidade,Pains - MG,2,2026-08-18 19:20:00.000000,SUP
Arcos,cidade,Rio Paranaíba - MG,1,2026-08-18 19:20:00.000000,SUP
Arcos,cidade,Capitão Enéas - MG,1,2026-08-18 19:20:00.000000,SUP
Arcos,cidade,Santa Luzia - MG,1,2026-08-18 19:20:00.000000,SUP
Arcos,cidade,Divinolândia de Minas - MG,1,2026-08-18 19:20:00.000000,SUP
Bambuí,tipo,Pública Estadual,112,2026-08-18 19:20:00.000000,SUP
Bambuí,tipo,Pública Federal,45,2026-08-18 19:20:00.000000,SUP
Bambuí,tipo,Privada,28,2026-08-18 19:20:00.000000,SUP
Bambuí,tipo,Pública Municipal,5,2026-08-18 19:20:00.000000,SUP
Bambuí,area,Urbana,154,2026-08-18 19:20:00.000000,SUP
Bambuí,area,Rural,36,2026-08-18 19:20:00.000000,SUP
Bambuí,cidade,Bambuí - MG,67,2026-08-18 19:20:00.000000,SUP
Bambuí,cidade,Belo Horizonte - MG,9,2026-08-18 19:20:00.000000,SUP
Bambuí,cidade,Piumhi - MG,9,2026-08-18 19:20:00.000000,SUP
Bambuí,cidade,Divinópolis - MG,7,2026-08-18 19:20:00.000000,SUP
Bambuí,cidade,Arcos - MG,7,2026-08-18 19:20:00.000000,SUP
Bambuí,cidade,Lagoa da Prata - MG,6,2026-08-18 19:20:00.000000,SUP
Bambuí,cidade,Araxá - MG,5,2026-08-18 19:20:00.000000,SUP
Bambuí,cidade,Dores do Indaiá - MG,5,2026-08-18 19:20:00.000000,SUP
Bambuí,cidade,Medeiros - MG,5,2026-08-18 19:20:00.000000,SUP
Bambuí,cidade,Ipatinga - MG,4,2026-08-18 19:20:00.000000,SUP
Bambuí,cidade,Luz - MG,4,2026-08-18 19:20:00.000000,SUP
Bambuí,cidade,Betim - MG,3,2026-08-18 19:20:00.000000,SUP
Bambuí,cidade,Outra - OU,3,2026-08-18 19:20:00.000000,SUP
Bambuí,cidade,Bom Despacho - MG,3,2026-08-18 19:20:00.000000,SUP
Bambuí,cidade,Brasília - DF,2,2026-08-18 19:20:00.000000,SUP
Betim,tipo,Pública Estadual,108,2026-08-18 19:20:00.000000,SUP
Betim,tipo,Pública Federal,33,2026-08-18 19:20:00.000000,SUP
Betim,tipo,Privada,23,2026-08-18 19:20:00.000000,SUP
Betim,tipo,Pública Municipal,5,2026-08-18 19:20:00.000000,SUP
Betim,area,Urbana,165,2026-08-18 19:20:00.000000,SUP
Betim,area,Rural,4,2026-08-18 19:20:00.000000,SUP
Betim,cidade,Betim - MG,82,2026-08-18 19:20:00.000000,SUP
Betim,cidade,Contagem - MG,28,2026-08-18 19:20:00.000000,SUP
Betim,cidade,Belo Horizonte - MG,14,2026-08-18 19:20:00.000000,SUP
Betim,cidade,Outra - OU,9,2026-08-18 19:20:00.000000,SUP
Betim,cidade,Ibirité - MG,6,2026-08-18 19:20:00.000000,SUP
Betim,cidade,Igarapé - MG,3,2026-08-18 19:20:00.000000,SUP
Betim,cidade,Sarzedo - MG,3,2026-08-18 19:20:00.000000,SUP
Betim,cidade,Mateus Leme - MG,2,2026-08-18 19:20:00.000000,SUP
Betim,cidade,São Joaquim de Bicas - MG,2,2026-08-18 19:20:00.000000,SUP
Betim,cidade,Congonhas - MG,1,2026-08-18 19:20:00.000000,SUP
Betim,cidade,Mauá - SP,1,2026-08-18 19:20:00.000000,SUP
Betim,cidade,Esmeraldas - MG,1,2026-08-18 19:20:00.000000,SUP
Betim,cidade,São José dos Campos - SP,1,2026-08-18 19:20:00.000000,SUP
Betim,cidade,Formiga - MG,1,2026-08-18 19:20:00.000000,SUP
Betim,cidade,Governador Valadares - MG,1,2026-08-18 19:20:00.000000,SUP
Congonhas,tipo,Pública Estadual,57,2026-08-18 19:20:00.000000,SUP
Congonhas,tipo,Pública Federal,5,2026-08-18 19:20:00.000000,SUP
Congonhas,tipo,Privada,3,2026-08-18 19:20:00.000000,SUP
Congonhas,tipo,Pública Municipal,1,2026-08-18 19:20:00.000000,SUP
Congonhas,area,Urbana,66,2026-08-18 19:20:00.000000,SUP
Congonhas,cidade,Congonhas - MG,39,2026-08-18 19:20:00.000000,SUP
Congonhas,cidade,Conselheiro Lafaiete - MG,7,2026-08-18 19:20:00.000000,SUP
Congonhas,cidade,Belo Horizonte - MG,4,2026-08-18 19:20:00.000000,SUP
Congonhas,cidade,São Brás do Suaçuí - MG,2,2026-08-18 19:20:00.000000,SUP
Congonhas,cidade,Carandaí - MG,2,2026-08-18 19:20:00.000000,SUP
Congonhas,cidade,Barrinha - SP,1,2026-08-18 19:20:00.000000,SUP
Congonhas,cidade,Belém - PA,1,2026-08-18 19:20:00.000000,SUP
Congonhas,cidade,Belo Vale - MG,1,2026-08-18 19:20:00.000000,SUP
Congonhas,cidade,Curvelo - MG,1,2026-08-18 19:20:00.000000,SUP
Congonhas,cidade,Itaguara - MG,1,2026-08-18 19:20:00.000000,SUP
Congonhas,cidade,Pará de Minas - MG,1,2026-08-18 19:20:00.000000,SUP
Congonhas,cidade,Resende Costa - MG,1,2026-08-18 19:20:00.000000,SUP
Congonhas,cidade,Outra - OU,1,2026-08-18 19:20:00.000000,SUP
Congonhas,cidade,Entre Rios de Minas - MG,1,2026-08-18 19:20:00.000000,SUP
Congonhas,cidade,Ouro Branco - MG,1,2026-08-18 19:20:00.000000,SUP
Formiga,tipo,Pública Estadual,66,2026-08-18 19:20:00.000000,SUP
Formiga,tipo,Pública Federal,19,2026-08-18 19:20:00.000000,SUP
Formiga,tipo,Privada,14,2026-08-18 19:20:00.000000,SUP
Formiga,tipo,Pública Municipal,1,2026-08-18 19:20:00.000000,SUP
Formiga,area,Urbana,98,2026-08-18 19:20:00.000000,SUP
Formiga,area,Rural,2,2026-08-18 19:20:00.000000,SUP
Formiga,cidade,Formiga - MG,55,2026-08-18 19:20:00.000000,SUP
Formiga,cidade,Arcos - MG,12,2026-08-18 19:20:00.000000,SUP
Formiga,cidade,Lagoa da Prata - MG,5,2026-08-18 19:20:00.000000,SUP
Formiga,cidade,Rio de Janeiro - RJ,2,2026-08-18 19:20:00.000000,SUP
Formiga,cidade,Campo Belo - MG,2,2026-08-18 19:20:00.000000,SUP
Formiga,cidade,Córrego Fundo - MG,2,2026-08-18 19:20:00.000000,SUP
Formiga,cidade,São Paulo - SP,2,2026-08-18 19:20:00.000000,SUP
Formiga,cidade,Salvador - BA,2,2026-08-18 19:20:00.000000,SUP
Formiga,cidade,Piumhi - MG,1,2026-08-18 19:20:00.000000,SUP
Formiga,cidade,Belo Horizonte - MG,1,2026-08-18 19:20:00.000000,SUP
Formiga,cidade,Alto Rio Novo - ES,1,2026-08-18 19:20:00.000000,SUP
Formiga,cidade,Capitólio - MG,1,2026-08-18 19:20:00.000000,SUP
Formiga,cidade,Contagem - MG,1,2026-08-18 19:20:00.000000,SUP
Formiga,cidade,Marília - SP,1,2026-08-18 19:20:00.000000,SUP
Formiga,cidade,Divinópolis - MG,1,2026-08-18 19:20:00.000000,SUP
Governador Valadares,tipo,Pública Estadual,79,2026-08-18 19:20:00.000000,SUP
Governador Valadares,tipo,Privada,8,2026-08-18 19:20:00.000000,SUP
Governador Valadares,tipo,Pública Federal,7,2026-08-18 19:20:00.000000,SUP
Governador Valadares,tipo,Pública Municipal,2,2026-08-18 19:20:00.000000,SUP
Governador Valadares,area,Urbana,96,2026-08-18 19:20:00.000000,SUP
Governador Valadares,cidade,Governador Valadares - MG,48,2026-08-18 19:20:00.000000,SUP
Governador Valadares,cidade,Frei Inocêncio - MG,3,2026-08-18 19:20:00.000000,SUP
Governador Valadares,cidade,Coroaci - MG,2,2026-08-18 19:20:00.000000,SUP
Governador Valadares,cidade,São Paulo - SP,2,2026-08-18 19:20:00.000000,SUP
Governador Valadares,cidade,Outra - OU,2,2026-08-18 19:20:00.000000,SUP
Governador Valadares,cidade,Central de Minas - MG,1,2026-08-18 19:20:00.000000,SUP
Governador Valadares,cidade,Boa Vista do Ramos - AM,1,2026-08-18 19:20:00.000000,SUP
Governador Valadares,cidade,Santa Luzia - MG,1,2026-08-18 19:20:00.000000,SUP
Governador Valadares,cidade,Contagem - MG,1,2026-08-18 19:20:00.000000,SUP
Governador Valadares,cidade,Barcarena - PA,1,2026-08-18 19:20:00.000000,SUP
Governador Valadares,cidade,Serro - MG,1,2026-08-18 19:20:00.000000,SUP
Governador Valadares,cidade,Divino das Laranjeiras - MG,1,2026-08-18 19:20:00.000000,SUP
Governador Valadares,cidade,Pium - TO,1,2026-08-18 19:20:00.000000,SUP
Governador Valadares,cidade,Guarapari - ES,1,2026-08-18 19:20:00.000000,SUP
Governador Valadares,cidade,Entre Rios de Minas - MG,1,2026-08-18 19:20:00.000000,SUP
Ibirité,tipo,Pública Estadual,54,2026-08-18 19:20:00.000000,SUP
Ibirité,tipo,Privada,31,2026-08-18 19:20:00.000000,SUP
Ibirité,tipo,Pública Federal,17,2026-08-18 19:20:00.000000,SUP
Ibirité,tipo,Pública Municipal,4,2026-08-18 19:20:00.000000,SUP
Ibirité,area,Urbana,106,2026-08-18 19:20:00.000000,SUP
Ibirité,cidade,Belo Horizonte - MG,37,2026-08-18 19:20:00.000000,SUP
Ibirité,cidade,Ibirité - MG,33,2026-08-18 19:20:00.000000,SUP
Ibirité,cidade,Outra - OU,10,2026-08-18 19:20:00.000000,SUP
Ibirité,cidade,Contagem - MG,7,2026-08-18 19:20:00.000000,SUP
Ibirité,cidade,Betim - MG,4,2026-08-18 19:20:00.000000,SUP
Ibirité,cidade,Sarzedo - MG,3,2026-08-18 19:20:00.000000,SUP
Ibirité,cidade,Urucânia - MG,1,2026-08-18 19:20:00.000000,SUP
Ibirité,cidade,Capim Branco - MG,1,2026-08-18 19:20:00.000000,SUP
Ibirité,cidade,Itabira - MG,1,2026-08-18 19:20:00.000000,SUP
Ibirité,cidade,Juiz de Fora - MG,1,2026-08-18 19:20:00.000000,SUP
Ibirité,cidade,Nepomuceno - MG,1,2026-08-18 19:20:00.000000,SUP
Ibirité,cidade,Pedro Leopoldo - MG,1,2026-08-18 19:20:00.000000,SUP
Ibirité,cidade,Brasília - DF,1,2026-08-18 19:20:00.000000,SUP
Ibirité,cidade,Catuti - MG,1,2026-08-18 19:20:00.000000,SUP
Ibirité,cidade,Joaíma - MG,1,2026-08-18 19:20:00.000000,SUP
Ipatinga,tipo,Pública Estadual,36,2026-08-18 19:20:00.000000,SUP
Ipatinga,tipo,Pública Federal,7,2026-08-18 19:20:00.000000,SUP
Ipatinga,tipo,Privada,5,2026-08-18 19:20:00.000000,SUP
Ipatinga,area,Urbana,48,2026-08-18 19:20:00.000000,SUP
Ipatinga,cidade,Ipatinga - MG,20,2026-08-18 19:20:00.000000,SUP
Ipatinga,cidade,Coronel Fabriciano - MG,5,2026-08-18 19:20:00.000000,SUP
Ipatinga,cidade,Santana do Paraíso - MG,4,2026-08-18 19:20:00.000000,SUP
Ipatinga,cidade,Timóteo - MG,4,2026-08-18 19:20:00.000000,SUP
Ipatinga,cidade,Outra - OU,2,2026-08-18 19:20:00.000000,SUP
Ipatinga,cidade,Iapu - MG,2,2026-08-18 19:20:00.000000,SUP
Ipatinga,cidade,Joanésia - MG,1,2026-08-18 19:20:00.000000,SUP
Ipatinga,cidade,Nova Era - MG,1,2026-08-18 19:20:00.000000,SUP
Ipatinga,cidade,Teófilo Otoni - MG,1,2026-08-18 19:20:00.000000,SUP
Ipatinga,cidade,Barbacena - MG,1,2026-08-18 19:20:00.000000,SUP
Ipatinga,cidade,Betim - MG,1,2026-08-18 19:20:00.000000,SUP
Ipatinga,cidade,João Monlevade - MG,1,2026-08-18 19:20:00.000000,SUP
Ipatinga,cidade,Pingo-d'Água - MG,1,2026-08-18 19:20:00.000000,SUP
Ipatinga,cidade,Santa Rita do Itueto - MG,1,2026-08-18 19:20:00.000000,SUP
Ipatinga,cidade,Santo Antônio dos Lopes - MA,1,2026-08-18 19:20:00.000000,SUP
Itabirito,tipo,Pública Estadual,14,2026-08-18 19:20:00.000000,SUP
Itabirito,tipo,Pública Federal,10,2026-08-18 19:20:00.000000,SUP
Itabirito,tipo,Privada,1,2026-08-18 19:20:00.000000,SUP
Itabirito,area,Urbana,24,2026-08-18 19:20:00.000000,SUP
Itabirito,area,Rural,1,2026-08-18 19:20:00.000000,SUP
Itabirito,cidade,Itabirito - MG,17,2026-08-18 19:20:00.000000,SUP
Itabirito,cidade,Ponte Nova - MG,1,2026-08-18 19:20:00.000000,SUP
Itabirito,cidade,Tutóia - MA,1,2026-08-18 19:20:00.000000,SUP
Itabirito,cidade,Conselheiro Lafaiete - MG,1,2026-08-18 19:20:00.000000,SUP
Itabirito,cidade,Ouro Preto - MG,1,2026-08-18 19:20:00.000000,SUP
Itabirito,cidade,Curionópolis - PA,1,2026-08-18 19:20:00.000000,SUP
Itabirito,cidade,Campo Formoso - BA,1,2026-08-18 19:20:00.000000,SUP
Itabirito,cidade,Contagem - MG,1,2026-08-18 19:20:00.000000,SUP
Itabirito,cidade,Nova Lima - MG,1,2026-08-18 19:20:00.000000,SUP
Ouro Branco,tipo,Pública Estadual,159,2026-08-18 19:20:00.000000,SUP
Ouro Branco,tipo,Pública Federal,31,2026-08-18 19:20:00.000000,SUP
Ouro Branco,tipo,Privada,13,2026-08-18 19:20:00.000000,SUP
Ouro Branco,tipo,Pública Municipal,5,2026-08-18 19:20:00.000000,SUP
Ouro Branco,area,Urbana,207,2026-08-18 19:20:00.000000,SUP
Ouro Branco,area,Rural,1,2026-08-18 19:20:00.000000,SUP
Ouro Branco,cidade,Ouro Branco - MG,100,2026-08-18 19:20:00.000000,SUP
Ouro Branco,cidade,Conselheiro Lafaiete - MG,34,2026-08-18 19:20:00.000000,SUP
Ouro Branco,cidade,Congonhas - MG,15,2026-08-18 19:20:00.000000,SUP
Ouro Branco,cidade,Ouro Preto - MG,5,2026-08-18 19:20:00.000000,SUP
Ouro Branco,cidade,Outra - OU,5,2026-08-18 19:20:00.000000,SUP
Ouro Branco,cidade,Nova Lima - MG,3,2026-08-18 19:20:00.000000,SUP
Ouro Branco,cidade,Belo Horizonte - MG,3,2026-08-18 19:20:00.000000,SUP
Ouro Branco,cidade,São Paulo - SP,2,2026-08-18 19:20:00.000000,SUP
Ouro Branco,cidade,Mariana - MG,2,2026-08-18 19:20:00.000000,SUP
Ouro Branco,cidade,Barbacena - MG,2,2026-08-18 19:20:00.000000,SUP
Ouro Branco,cidade,São Vicente - SP,1,2026-08-18 19:20:00.000000,SUP
Ouro Branco,cidade,Piedade dos Gerais - MG,1,2026-08-18 19:20:00.000000,SUP
Ouro Branco,cidade,Corinto - MG,1,2026-08-18 19:20:00.000000,SUP
Ouro Branco,cidade,Esteio - RS,1,2026-08-18 19:20:00.000000,SUP
Ouro Branco,cidade,Sabará - MG,1,2026-08-18 19:20:00.000000,SUP
Ouro Preto,tipo,Pública Estadual,52,2026-08-18 19:20:00.000000,SUP
Ouro Preto,tipo,Pública Federal,12,2026-08-18 19:20:00.000000,SUP
Ouro Preto,tipo,Privada,6,2026-08-18 19:20:00.000000,SUP
Ouro Preto,area,Urbana,70,2026-08-18 19:20:00.000000,SUP
Ouro Preto,cidade,Ouro Preto - MG,37,2026-08-18 19:20:00.000000,SUP
Ouro Preto,cidade,Mariana - MG,6,2026-08-18 19:20:00.000000,SUP
Ouro Preto,cidade,Belo Horizonte - MG,3,2026-08-18 19:20:00.000000,SUP
Ouro Preto,cidade,São Luís - MA,2,2026-08-18 19:20:00.000000,SUP
Ouro Preto,cidade,Itatiba - SP,1,2026-08-18 19:20:00.000000,SUP
Ouro Preto,cidade,São Gabriel - BA,1,2026-08-18 19:20:00.000000,SUP
Ouro Preto,cidade,São João da Boa Vista - SP,1,2026-08-18 19:20:00.000000,SUP
Ouro Preto,cidade,Congonhas - MG,1,2026-08-18 19:20:00.000000,SUP
Ouro Preto,cidade,Florianópolis - SC,1,2026-08-18 19:20:00.000000,SUP
Ouro Preto,cidade,Rio Casca - MG,1,2026-08-18 19:20:00.000000,SUP
Ouro Preto,cidade,Sabará - MG,1,2026-08-18 19:20:00.000000,SUP
Ouro Preto,cidade,Belém - PA,1,2026-08-18 19:20:00.000000,SUP
Ouro Preto,cidade,Virginópolis - MG,1,2026-08-18 19:20:00.000000,SUP
Ouro Preto,cidade,Santana - AP,1,2026-08-18 19:20:00.000000,SUP
Ouro Preto,cidade,Carapicuíba - SP,1,2026-08-18 19:20:00.000000,SUP
Piumhi,tipo,Pública Estadual,6,2026-08-18 19:20:00.000000,SUP
Piumhi,tipo,Pública Federal,1,2026-08-18 19:20:00.000000,SUP
Piumhi,tipo,Pública Municipal,1,2026-08-18 19:20:00.000000,SUP
Piumhi,area,Urbana,7,2026-08-18 19:20:00.000000,SUP
Piumhi,area,Rural,1,2026-08-18 19:20:00.000000,SUP
Piumhi,cidade,Piumhi - MG,5,2026-08-18 19:20:00.000000,SUP
Piumhi,cidade,Belo Horizonte - MG,1,2026-08-18 19:20:00.000000,SUP
Piumhi,cidade,Lavras - MG,1,2026-08-18 19:20:00.000000,SUP
Piumhi,cidade,São João da Ponte - MG,1,2026-08-18 19:20:00.000000,SUP
Ponte Nova,tipo,Pública Estadual,21,2026-08-18 19:20:00.000000,SUP
Ponte Nova,tipo,Pública Federal,1,2026-08-18 19:20:00.000000,SUP
Ponte Nova,tipo,Privada,1,2026-08-18 19:20:00.000000,SUP
Ponte Nova,area,Urbana,23,2026-08-18 19:20:00.000000,SUP
Ponte Nova,cidade,Ponte Nova - MG,21,2026-08-18 19:20:00.000000,SUP
Ponte Nova,cidade,Ouro Preto - MG,1,2026-08-18 19:20:00.000000,SUP
Ponte Nova,cidade,Santo Antônio do Grama - MG,1,2026-08-18 19:20:00.000000,SUP
Ribeirão das Neves,tipo,Pública Estadual,129,2026-08-18 19:20:00.000000,SUP
Ribeirão das Neves,tipo,Privada,14,2026-08-18 19:20:00.000000,SUP
Ribeirão das Neves,tipo,Pública Federal,7,2026-08-18 19:20:00.000000,SUP
Ribeirão das Neves,tipo,Pública Municipal,3,2026-08-18 19:20:00.000000,SUP
Ribeirão das Neves,area,Urbana,153,2026-08-18 19:20:00.000000,SUP
Ribeirão das Neves,cidade,Ribeirão das Neves - MG,93,2026-08-18 19:20:00.000000,SUP
Ribeirão das Neves,cidade,Belo Horizonte - MG,29,2026-08-18 19:20:00.000000,SUP
Ribeirão das Neves,cidade,Esmeraldas - MG,7,2026-08-18 19:20:00.000000,SUP
Ribeirão das Neves,cidade,Contagem - MG,5,2026-08-18 19:20:00.000000,SUP
Ribeirão das Neves,cidade,Outra - OU,4,2026-08-18 19:20:00.000000,SUP
Ribeirão das Neves,cidade,Sete Lagoas - MG,2,2026-08-18 19:20:00.000000,SUP
Ribeirão das Neves,cidade,Vespasiano - MG,2,2026-08-18 19:20:00.000000,SUP
Ribeirão das Neves,cidade,Formiga - MG,1,2026-08-18 19:20:00.000000,SUP
Ribeirão das Neves,cidade,Montes Claros - MG,1,2026-08-18 19:20:00.000000,SUP
Ribeirão das Neves,cidade,Rio Pomba - MG,1,2026-08-18 19:20:00.000000,SUP
Ribeirão das Neves,cidade,Vitória - ES,1,2026-08-18 19:20:00.000000,SUP
Ribeirão das Neves,cidade,São Luís - MA,1,2026-08-18 19:20:00.000000,SUP
Ribeirão das Neves,cidade,Catas Altas - MG,1,2026-08-18 19:20:00.000000,SUP
Ribeirão das Neves,cidade,Lagoa Santa - MG,1,2026-08-18 19:20:00.000000,SUP
Ribeirão das Neves,cidade,Santa Luzia - MG,1,2026-08-18 19:20:00.000000,SUP
Sabará,tipo,Pública Estadual,123,2026-08-18 19:20:00.000000,SUP
Sabará,tipo,Privada,27,2026-08-18 19:20:00.000000,SUP
Sabará,tipo,Pública Federal,16,2026-08-18 19:20:00.000000,SUP
Sabará,tipo,Pública Municipal,7,2026-08-18 19:20:00.000000,SUP
Sabará,area,Urbana,170,2026-08-18 19:20:00.000000,SUP
Sabará,area,Rural,3,2026-08-18 19:20:00.000000,SUP
Sabará,cidade,Belo Horizonte - MG,70,2026-08-18 19:20:00.000000,SUP
Sabará,cidade,Sabará - MG,67,2026-08-18 19:20:00.000000,SUP
Sabará,cidade,Santa Luzia - MG,5,2026-08-18 19:20:00.000000,SUP
Sabará,cidade,Outra - OU,4,2026-08-18 19:20:00.000000,SUP
Sabará,cidade,Caeté - MG,3,2026-08-18 19:20:00.000000,SUP
Sabará,cidade,Ribeirão das Neves - MG,2,2026-08-18 19:20:00.000000,SUP
Sabará,cidade,Vespasiano - MG,1,2026-08-18 19:20:00.000000,SUP
Sabará,cidade,Niterói - RJ,1,2026-08-18 19:20:00.000000,SUP
Sabará,cidade,Bom Jesus do Galho - MG,1,2026-08-18 19:20:00.000000,SUP
Sabará,cidade,Santo Antônio do Sudoeste - PR,1,2026-08-18 19:20:00.000000,SUP
Sabará,cidade,Contagem - MG,1,2026-08-18 19:20:00.000000,SUP
Sabará,cidade,Janaúba - MG,1,2026-08-18 19:20:00.000000,SUP
Sabará,cidade,Lagoa Santa - MG,1,2026-08-18 19:20:00.000000,SUP
Sabará,cidade,Belém - PA,1,2026-08-18 19:20:00.000000,SUP
Sabará,cidade,Santo Antônio do Grama - MG,1,2026-08-18 19:20:00.000000,SUP
Santa Luzia,tipo,Pública Estadual,95,2026-08-18 19:20:00.000000,SUP
Santa Luzia,tipo,Privada,24,2026-08-18 19:20:00.000000,SUP
Santa Luzia,tipo,Pública Federal,18,2026-08-18 19:20:00.000000,SUP
Santa Luzia,tipo,Pública Municipal,8,2026-08-18 19:20:00.000000,SUP
Santa Luzia,area,Urbana,144,2026-08-18 19:20:00.000000,SUP
Santa Luzia,area,Rural,1,2026-08-18 19:20:00.000000,SUP
Santa Luzia,cidade,Santa Luzia - MG,48,2026-08-18 19:20:00.000000,SUP
Santa Luzia,cidade,Belo Horizonte - MG,36,2026-08-18 19:20:00.000000,SUP
Santa Luzia,cidade,Outra - OU,11,2026-08-18 19:20:00.000000,SUP
Santa Luzia,cidade,Ribeirão das Neves - MG,6,2026-08-18 19:20:00.000000,SUP
Santa Luzia,cidade,Vespasiano - MG,5,2026-08-18 19:20:00.000000,SUP
Santa Luzia,cidade,Sabará - MG,3,2026-08-18 19:20:00.000000,SUP
Santa Luzia,cidade,Sete Lagoas - MG,2,2026-08-18 19:20:00.000000,SUP
Santa Luzia,cidade,Matozinhos - MG,2,2026-08-18 19:20:00.000000,SUP
Santa Luzia,cidade,Araxá - MG,2,2026-08-18 19:20:00.000000,SUP
Santa Luzia,cidade,Betim - MG,2,2026-08-18 19:20:00.000000,SUP
Santa Luzia,cidade,Brasília de Minas - MG,1,2026-08-18 19:20:00.000000,SUP
Santa Luzia,cidade,Sarzedo - MG,1,2026-08-18 19:20:00.000000,SUP
Santa Luzia,cidade,Campos Altos - MG,1,2026-08-18 19:20:00.000000,SUP
Santa Luzia,cidade,Cláudio - MG,1,2026-08-18 19:20:00.000000,SUP
Santa Luzia,cidade,Três Corações - MG,1,2026-08-18 19:20:00.000000,SUP
São João Evangelista,tipo,Pública Estadual,81,2026-08-18 19:20:00.000000,SUP
São João Evangelista,tipo,Pública Federal,8,2026-08-18 19:20:00.000000,SUP
São João Evangelista,tipo,Privada,2,2026-08-18 19:20:00.000000,SUP
São João Evangelista,area,Urbana,82,2026-08-18 19:20:00.000000,SUP
São João Evangelista,area,Rural,9,2026-08-18 19:20:00.000000,SUP
São João Evangelista,cidade,São João Evangelista - MG,27,2026-08-18 19:20:00.000000,SUP
São João Evangelista,cidade,Guanhães - MG,21,2026-08-18 19:20:00.000000,SUP
São João Evangelista,cidade,Peçanha - MG,6,2026-08-18 19:20:00.000000,SUP
São João Evangelista,cidade,Virginópolis - MG,4,2026-08-18 19:20:00.000000,SUP
São João Evangelista,cidade,São Pedro do Suaçuí - MG,3,2026-08-18 19:20:00.000000,SUP
São João Evangelista,cidade,Paulistas - MG,3,2026-08-18 19:20:00.000000,SUP
São João Evangelista,cidade,Aricanduva - MG,2,2026-08-18 19:20:00.000000,SUP
São João Evangelista,cidade,Santa Maria do Suaçuí - MG,2,2026-08-18 19:20:00.000000,SUP
São João Evangelista,cidade,Cantagalo - MG,2,2026-08-18 19:20:00.000000,SUP
São João Evangelista,cidade,Serro - MG,2,2026-08-18 19:20:00.000000,SUP
São João Evangelista,cidade,Dom Joaquim - MG,2,2026-08-18 19:20:00.000000,SUP
São João Evangelista,cidade,Outra - OU,2,2026-08-18 19:20:00.000000,SUP
São João Evangelista,cidade,José Raydan - MG,1,2026-08-18 19:20:00.000000,SUP
São João Evangelista,cidade,Caapiranga - AM,1,2026-08-18 19:20:00.000000,SUP
São João Evangelista,cidade,Santos Dumont - MG,1,2026-08-18 19:20:00.000000,SUP
Todas as unidades,tipo,Pública Estadual,2502,2026-08-18 22:31:00.000000,INT
Todas as unidades,tipo,Pública Municipal,2323,2026-08-18 22:31:00.000000,INT
Todas as unidades,tipo,Privada,1396,2026-08-18 22:31:00.000000,INT
Todas as unidades,tipo,Pública Federal,23,2026-08-18 22:31:00.000000,INT
Todas as unidades,area,Urbana,6191,2026-08-18 22:31:00.000000,INT
Todas as unidades,area,Rural,53,2026-08-18 22:31:00.000000,INT
Todas as unidades,cidade,Belo Horizonte - MG,806,2026-08-18 22:31:00.000000,INT
Todas as unidades,cidade,Betim - MG,495,2026-08-18 22:31:00.000000,INT
Todas as unidades,cidade,Ribeirão das Neves - MG,371,2026-08-18 22:31:00.000000,INT
Todas as unidades,cidade,Contagem - MG,328,2026-08-18 22:31:00.000000,INT
Todas as unidades,cidade,Santa Luzia - MG,289,2026-08-18 22:31:00.000000,INT
Todas as unidades,cidade,Sabará - MG,287,2026-08-18 22:31:00.000000,INT
Todas as unidades,cidade,Conselheiro Lafaiete - MG,259,2026-08-18 22:31:00.000000,INT
Todas as unidades,cidade,Ouro Preto - MG,248,2026-08-18 22:31:00.000000,INT
Todas as unidades,cidade,Ipatinga - MG,245,2026-08-18 22:31:00.000000,INT
Todas as unidades,cidade,Itabirito - MG,237,2026-08-18 22:31:00.000000,INT
Todas as unidades,cidade,Ponte Nova - MG,227,2026-08-18 22:31:00.000000,INT
Todas as unidades,cidade,Governador Valadares - MG,206,2026-08-18 22:31:00.000000,INT
Todas as unidades,cidade,Congonhas - MG,181,2026-08-18 22:31:00.000000,INT
Todas as unidades,cidade,Ibirité - MG,148,2026-08-18 22:31:00.000000,INT
Todas as unidades,cidade,Ouro Branco - MG,147,2026-08-18 22:31:00.000000,INT
Arcos,tipo,Pública Estadual,45,2026-08-18 22:31:00.000000,INT
Arcos,tipo,Privada,23,2026-08-18 22:31:00.000000,INT
Arcos,tipo,Pública Municipal,3,2026-08-18 22:31:00.000000,INT
Arcos,area,Urbana,68,2026-08-18 22:31:00.000000,INT
Arcos,area,Rural,3,2026-08-18 22:31:00.000000,INT
Arcos,cidade,Arcos - MG,65,2026-08-18 22:31:00.000000,INT
Arcos,cidade,Doresópolis - MG,1,2026-08-18 22:31:00.000000,INT
Arcos,cidade,Japaraíba - MG,1,2026-08-18 22:31:00.000000,INT
Arcos,cidade,Acrelândia - AC,1,2026-08-18 22:31:00.000000,INT
Arcos,cidade,Iguatama - MG,1,2026-08-18 22:31:00.000000,INT
Arcos,cidade,Outra - OU,1,2026-08-18 22:31:00.000000,INT
Arcos,cidade,Natal - RN,1,2026-08-18 22:31:00.000000,INT
Bambuí,tipo,Pública Estadual,80,2026-08-18 22:31:00.000000,INT
Bambuí,tipo,Pública Municipal,26,2026-08-18 22:31:00.000000,INT
Bambuí,tipo,Privada,21,2026-08-18 22:31:00.000000,INT
Bambuí,area,Urbana,116,2026-08-18 22:31:00.000000,INT
Bambuí,area,Rural,11,2026-08-18 22:31:00.000000,INT
Bambuí,cidade,Bambuí - MG,51,2026-08-18 22:31:00.000000,INT
Bambuí,cidade,Iguatama - MG,11,2026-08-18 22:31:00.000000,INT
Bambuí,cidade,Medeiros - MG,9,2026-08-18 22:31:00.000000,INT
Bambuí,cidade,Luz - MG,6,2026-08-18 22:31:00.000000,INT
Bambuí,cidade,Campos Altos - MG,5,2026-08-18 22:31:00.000000,INT
Bambuí,cidade,Arcos - MG,4,2026-08-18 22:31:00.000000,INT
Bambuí,cidade,Pompéu - MG,4,2026-08-18 22:31:00.000000,INT
Bambuí,cidade,Piumhi - MG,3,2026-08-18 22:31:00.000000,INT
Bambuí,cidade,Santa Rosa da Serra - MG,3,2026-08-18 22:31:00.000000,INT
Bambuí,cidade,Córrego Danta - MG,3,2026-08-18 22:31:00.000000,INT
Bambuí,cidade,Contagem - MG,2,2026-08-18 22:31:00.000000,INT
Bambuí,cidade,Outra - OU,2,2026-08-18 22:31:00.000000,INT
Bambuí,cidade,Ibiá - MG,2,2026-08-18 22:31:00.000000,INT
Bambuí,cidade,Belo Horizonte - MG,2,2026-08-18 22:31:00.000000,INT
Bambuí,cidade,Araxá - MG,2,2026-08-18 22:31:00.000000,INT
Betim,tipo,Pública Municipal,499,2026-08-18 22:31:00.000000,INT
Betim,tipo,Privada,226,2026-08-18 22:31:00.000000,INT
Betim,tipo,Pública Estadual,143,2026-08-18 22:31:00.000000,INT
Betim,tipo,Pública Federal,3,2026-08-18 22:31:00.000000,INT
Betim,area,Urbana,871,2026-08-18 22:31:00.000000,INT
Betim,cidade,Betim - MG,477,2026-08-18 22:31:00.000000,INT
Betim,cidade,Contagem - MG,262,2026-08-18 22:31:00.000000,INT
Betim,cidade,Belo Horizonte - MG,54,2026-08-18 22:31:00.000000,INT
Betim,cidade,Outra - OU,25,2026-08-18 22:31:00.000000,INT
Betim,cidade,São Joaquim de Bicas - MG,11,2026-08-18 22:31:00.000000,INT
Betim,cidade,Igarapé - MG,10,2026-08-18 22:31:00.000000,INT
Betim,cidade,Juatuba - MG,6,2026-08-18 22:31:00.000000,INT
Betim,cidade,Sarzedo - MG,5,2026-08-18 22:31:00.000000,INT
Betim,cidade,Esmeraldas - MG,4,2026-08-18 22:31:00.000000,INT
Betim,cidade,Nova Lima - MG,3,2026-08-18 22:31:00.000000,INT
Betim,cidade,João Monlevade - MG,1,2026-08-18 22:31:00.000000,INT
Betim,cidade,Mário Campos - MG,1,2026-08-18 22:31:00.000000,INT
Betim,cidade,Ouro Branco - MG,1,2026-08-18 22:31:00.000000,INT
Betim,cidade,Ribeirão das Neves - MG,1,2026-08-18 22:31:00.000000,INT
Betim,cidade,Carangola - MG,1,2026-08-18 22:31:00.000000,INT
Congonhas,tipo,Pública Municipal,157,2026-08-18 22:31:00.000000,INT
Congonhas,tipo,Privada,56,2026-08-18 22:31:00.000000,INT
Congonhas,tipo,Pública Estadual,43,2026-08-18 22:31:00.000000,INT
Congonhas,area,Urbana,256,2026-08-18 22:31:00.000000,INT
Congonhas,cidade,Congonhas - MG,178,2026-08-18 22:31:00.000000,INT
Congonhas,cidade,Jeceaba - MG,22,2026-08-18 22:31:00.000000,INT
Congonhas,cidade,Conselheiro Lafaiete - MG,17,2026-08-18 22:31:00.000000,INT
Congonhas,cidade,São Brás do Suaçuí - MG,10,2026-08-18 22:31:00.000000,INT
Congonhas,cidade,Belo Vale - MG,9,2026-08-18 22:31:00.000000,INT
Congonhas,cidade,Entre Rios de Minas - MG,9,2026-08-18 22:31:00.000000,INT
Congonhas,cidade,Outra - OU,6,2026-08-18 22:31:00.000000,INT
Congonhas,cidade,Barrinha - SP,1,2026-08-18 22:31:00.000000,INT
Congonhas,cidade,Belo Horizonte - MG,1,2026-08-18 22:31:00.000000,INT
Congonhas,cidade,Ouro Branco - MG,1,2026-08-18 22:31:00.000000,INT
Congonhas,cidade,Guarapari - ES,1,2026-08-18 22:31:00.000000,INT
Congonhas,cidade,Barão de Cocais - MG,1,2026-08-18 22:31:00.000000,INT
Conselheiro Lafaiete,tipo,Pública Municipal,95,2026-08-18 22:31:00.000000,INT
Conselheiro Lafaiete,tipo,Pública Estadual,89,2026-08-18 22:31:00.000000,INT
Conselheiro Lafaiete,tipo,Privada,23,2026-08-18 22:31:00.000000,INT
Conselheiro Lafaiete,tipo,Pública Federal,1,2026-08-18 22:31:00.000000,INT
Conselheiro Lafaiete,area,Urbana,207,2026-08-18 22:31:00.000000,INT
Conselheiro Lafaiete,area,Rural,1,2026-08-18 22:31:00.000000,INT
Conselheiro Lafaiete,cidade,Conselheiro Lafaiete - MG,155,2026-08-18 22:31:00.000000,INT
Conselheiro Lafaiete,cidade,Carandaí - MG,22,2026-08-18 22:31:00.000000,INT
Conselheiro Lafaiete,cidade,Catas Altas da Noruega - MG,6,2026-08-18 22:31:00.000000,INT
Conselheiro Lafaiete,cidade,Caranaíba - MG,5,2026-08-18 22:31:00.000000,INT
Conselheiro Lafaiete,cidade,Cristiano Otoni - MG,3,2026-08-18 22:31:00.000000,INT
Conselheiro Lafaiete,cidade,Outra - OU,3,2026-08-18 22:31:00.000000,INT
Conselheiro Lafaiete,cidade,Itaverava - MG,2,2026-08-18 22:31:00.000000,INT
Conselheiro Lafaiete,cidade,Juiz de Fora - MG,2,2026-08-18 22:31:00.000000,INT
Conselheiro Lafaiete,cidade,Jeceaba - MG,2,2026-08-18 22:31:00.000000,INT
Conselheiro Lafaiete,cidade,Queluzito - MG,2,2026-08-18 22:31:00.000000,INT
Conselheiro Lafaiete,cidade,Congonhas - MG,1,2026-08-18 22:31:00.000000,INT
Conselheiro Lafaiete,cidade,Piranga - MG,1,2026-08-18 22:31:00.000000,INT
Conselheiro Lafaiete,cidade,Rio Espera - MG,1,2026-08-18 22:31:00.000000,INT
Conselheiro Lafaiete,cidade,Entre Rios de Minas - MG,1,2026-08-18 22:31:00.000000,INT
Conselheiro Lafaiete,cidade,Ouro Branco - MG,1,2026-08-18 22:31:00.000000,INT
Formiga,tipo,Pública Estadual,73,2026-08-18 22:31:00.000000,INT
Formiga,tipo,Pública Municipal,26,2026-08-18 22:31:00.000000,INT
Formiga,tipo,Privada,12,2026-08-18 22:31:00.000000,INT
Formiga,area,Urbana,109,2026-08-18 22:31:00.000000,INT
Formiga,area,Rural,2,2026-08-18 22:31:00.000000,INT
Formiga,cidade,Formiga - MG,82,2026-08-18 22:31:00.000000,INT
Formiga,cidade,Pains - MG,13,2026-08-18 22:31:00.000000,INT
Formiga,cidade,Córrego Fundo - MG,10,2026-08-18 22:31:00.000000,INT
Formiga,cidade,Barra da Estiva - BA,1,2026-08-18 22:31:00.000000,INT
Formiga,cidade,Campo Belo - MG,1,2026-08-18 22:31:00.000000,INT
Formiga,cidade,Outra - OU,1,2026-08-18 22:31:00.000000,INT
Formiga,cidade,Arcos - MG,1,2026-08-18 22:31:00.000000,INT
Formiga,cidade,Córrego Danta - MG,1,2026-08-18 22:31:00.000000,INT
Formiga,cidade,Divinópolis - MG,1,2026-08-18 22:31:00.000000,INT
Governador Valadares,tipo,Pública Estadual,161,2026-08-18 22:31:00.000000,INT
Governador Valadares,tipo,Privada,108,2026-08-18 22:31:00.000000,INT
Governador Valadares,tipo,Pública Municipal,20,2026-08-18 22:31:00.000000,INT
Governador Valadares,area,Urbana,286,2026-08-18 22:31:00.000000,INT
Governador Valadares,area,Rural,3,2026-08-18 22:31:00.000000,INT
Governador Valadares,cidade,Governador Valadares - MG,205,2026-08-18 22:31:00.000000,INT
Governador Valadares,cidade,Engenheiro Caldas - MG,15,2026-08-18 22:31:00.000000,INT
Governador Valadares,cidade,Frei Inocêncio - MG,14,2026-08-18 22:31:00.000000,INT
Governador Valadares,cidade,Mathias Lobato - MG,10,2026-08-18 22:31:00.000000,INT
Governador Valadares,cidade,Outra - OU,9,2026-08-18 22:31:00.000000,INT
Governador Valadares,cidade,Tarumirim - MG,6,2026-08-18 22:31:00.000000,INT
Governador Valadares,cidade,Jampruca - MG,4,2026-08-18 22:31:00.000000,INT
Governador Valadares,cidade,Sardoá - MG,4,2026-08-18 22:31:00.000000,INT
Governador Valadares,cidade,Itanhomi - MG,3,2026-08-18 22:31:00.000000,INT
Governador Valadares,cidade,Alpercata - MG,2,2026-08-18 22:31:00.000000,INT
Governador Valadares,cidade,São Geraldo da Piedade - MG,2,2026-08-18 22:31:00.000000,INT
Governador Valadares,cidade,Novo Cruzeiro - MG,1,2026-08-18 22:31:00.000000,INT
Governador Valadares,cidade,Aimorés - MG,1,2026-08-18 22:31:00.000000,INT
Governador Valadares,cidade,Santa Rita do Itueto - MG,1,2026-08-18 22:31:00.000000,INT
Governador Valadares,cidade,Campanário - MG,1,2026-08-18 22:31:00.000000,INT
Ibirité,tipo,Pública Municipal,252,2026-08-18 22:31:00.000000,INT
Ibirité,tipo,Privada,148,2026-08-18 22:31:00.000000,INT
Ibirité,tipo,Pública Estadual,106,2026-08-18 22:31:00.000000,INT
Ibirité,area,Urbana,505,2026-08-18 22:31:00.000000,INT
Ibirité,area,Rural,1,2026-08-18 22:31:00.000000,INT
Ibirité,cidade,Belo Horizonte - MG,268,2026-08-18 22:31:00.000000,INT
Ibirité,cidade,Ibirité - MG,145,2026-08-18 22:31:00.000000,INT
Ibirité,cidade,Contagem - MG,44,2026-08-18 22:31:00.000000,INT
Ibirité,cidade,Betim - MG,14,2026-08-18 22:31:00.000000,INT
Ibirité,cidade,Sarzedo - MG,13,2026-08-18 22:31:00.000000,INT
Ibirité,cidade,Outra - OU,10,2026-08-18 22:31:00.000000,INT
Ibirité,cidade,Brumadinho - MG,4,2026-08-18 22:31:00.000000,INT
Ibirité,cidade,Itambacuri - MG,1,2026-08-18 22:31:00.000000,INT
Ibirité,cidade,Nova Serrana - MG,1,2026-08-18 22:31:00.000000,INT
Ibirité,cidade,Ribeirão das Neves - MG,1,2026-08-18 22:31:00.000000,INT
Ibirité,cidade,São Joaquim de Bicas - MG,1,2026-08-18 22:31:00.000000,INT
Ibirité,cidade,Vespasiano - MG,1,2026-08-18 22:31:00.000000,INT
Ibirité,cidade,Mário Campos - MG,1,2026-08-18 22:31:00.000000,INT
Ibirité,cidade,Piedade dos Gerais - MG,1,2026-08-18 22:31:00.000000,INT
Ibirité,cidade,Rio Doce - MG,1,2026-08-18 22:31:00.000000,INT
Ipatinga,tipo,Pública Municipal,150,2026-08-18 22:31:00.000000,INT
Ipatinga,tipo,Pública Estadual,124,2026-08-18 22:31:00.000000,INT
Ipatinga,tipo,Privada,66,2026-08-18 22:31:00.000000,INT
Ipatinga,area,Urbana,338,2026-08-18 22:31:00.000000,INT
Ipatinga,area,Rural,2,2026-08-18 22:31:00.000000,INT
Ipatinga,cidade,Ipatinga - MG,244,2026-08-18 22:31:00.000000,INT
Ipatinga,cidade,Coronel Fabriciano - MG,37,2026-08-18 22:31:00.000000,INT
Ipatinga,cidade,Timóteo - MG,12,2026-08-18 22:31:00.000000,INT
Ipatinga,cidade,Belo Oriente - MG,11,2026-08-18 22:31:00.000000,INT
Ipatinga,cidade,Santana do Paraíso - MG,10,2026-08-18 22:31:00.000000,INT
Ipatinga,cidade,Ipaba - MG,3,2026-08-18 22:31:00.000000,INT
Ipatinga,cidade,Outra - OU,3,2026-08-18 22:31:00.000000,INT
Ipatinga,cidade,Pingo-d'Água - MG,2,2026-08-18 22:31:00.000000,INT
Ipatinga,cidade,São Domingos do Prata - MG,2,2026-08-18 22:31:00.000000,INT
Ipatinga,cidade,Caratinga - MG,2,2026-08-18 22:31:00.000000,INT
Ipatinga,cidade,Dom Cavati - MG,2,2026-08-18 22:31:00.000000,INT
Ipatinga,cidade,Pocrane - MG,1,2026-08-18 22:31:00.000000,INT
Ipatinga,cidade,Abre Campo - MG,1,2026-08-18 22:31:00.000000,INT
Ipatinga,cidade,Bom Jesus do Galho - MG,1,2026-08-18 22:31:00.000000,INT
Ipatinga,cidade,São Geraldo da Piedade - MG,1,2026-08-18 22:31:00.000000,INT
Itabirito,tipo,Pública Municipal,108,2026-08-18 22:31:00.000000,INT
Itabirito,tipo,Pública Estadual,39,2026-08-18 22:31:00.000000,INT
Itabirito,tipo,Privada,19,2026-08-18 22:31:00.000000,INT
Itabirito,tipo,Pública Federal,1,2026-08-18 22:31:00.000000,INT
Itabirito,area,Urbana,167,2026-08-18 22:31:00.000000,INT
Itabirito,cidade,Itabirito - MG,161,2026-08-18 22:31:00.000000,INT
Itabirito,cidade,Ouro Preto - MG,2,2026-08-18 22:31:00.000000,INT
Itabirito,cidade,Nova Lima - MG,1,2026-08-18 22:31:00.000000,INT
Itabirito,cidade,Belo Horizonte - MG,1,2026-08-18 22:31:00.000000,INT
Itabirito,cidade,Mariana - MG,1,2026-08-18 22:31:00.000000,INT
Itabirito,cidade,Ouro Branco - MG,1,2026-08-18 22:31:00.000000,INT
Ouro Branco,tipo,Pública Municipal,126,2026-08-18 22:31:00.000000,INT
Ouro Branco,tipo,Privada,62,2026-08-18 22:31:00.000000,INT
Ouro Branco,tipo,Pública Estadual,62,2026-08-18 22:31:00.000000,INT
Ouro Branco,tipo,Pública Federal,1,2026-08-18 22:31:00.000000,INT
Ouro Branco,area,Urbana,244,2026-08-18 22:31:00.000000,INT
Ouro Branco,area,Rural,7,2026-08-18 22:31:00.000000,INT
Ouro Branco,cidade,Ouro Branco - MG,143,2026-08-18 22:31:00.000000,INT
Ouro Branco,cidade,Conselheiro Lafaiete - MG,85,2026-08-18 22:31:00.000000,INT
Ouro Branco,cidade,Jeceaba - MG,7,2026-08-18 22:31:00.000000,INT
Ouro Branco,cidade,Congonhas - MG,2,2026-08-18 22:31:00.000000,INT
Ouro Branco,cidade,Entre Rios de Minas - MG,2,2026-08-18 22:31:00.000000,INT
Ouro Branco,cidade,Itaverava - MG,2,2026-08-18 22:31:00.000000,INT
Ouro Branco,cidade,Piranga - MG,2,2026-08-18 22:31:00.000000,INT
Ouro Branco,cidade,Caranaíba - MG,2,2026-08-18 22:31:00.000000,INT
Ouro Branco,cidade,Ouro Preto - MG,1,2026-08-18 22:31:00.000000,INT
Ouro Branco,cidade,Macaé - RJ,1,2026-08-18 22:31:00.000000,INT
Ouro Branco,cidade,Brumado - BA,1,2026-08-18 22:31:00.000000,INT
Ouro Branco,cidade,Belo Horizonte - MG,1,2026-08-18 22:31:00.000000,INT
Ouro Branco,cidade,Barão de Cocais - MG,1,2026-08-18 22:31:00.000000,INT
Ouro Branco,cidade,Ipatinga - MG,1,2026-08-18 22:31:00.000000,INT
Ouro Preto,tipo,Pública Municipal,219,2026-08-18 22:31:00.000000,INT
Ouro Preto,tipo,Pública Estadual,171,2026-08-18 22:31:00.000000,INT
Ouro Preto,tipo,Privada,121,2026-08-18 22:31:00.000000,INT
Ouro Preto,tipo,Pública Federal,3,2026-08-18 22:31:00.000000,INT
Ouro Preto,area,Urbana,509,2026-08-18 22:31:00.000000,INT
Ouro Preto,area,Rural,5,2026-08-18 22:31:00.000000,INT
Ouro Preto,cidade,Ouro Preto - MG,245,2026-08-18 22:31:00.000000,INT
Ouro Preto,cidade,Mariana - MG,138,2026-08-18 22:31:00.000000,INT
Ouro Preto,cidade,Itabirito - MG,76,2026-08-18 22:31:00.000000,INT
Ouro Preto,cidade,Santa Bárbara - MG,11,2026-08-18 22:31:00.000000,INT
Ouro Preto,cidade,Outra - OU,10,2026-08-18 22:31:00.000000,INT
Ouro Preto,cidade,Catas Altas - MG,10,2026-08-18 22:31:00.000000,INT
Ouro Preto,cidade,Belo Horizonte - MG,5,2026-08-18 22:31:00.000000,INT
Ouro Preto,cidade,Barão de Cocais - MG,2,2026-08-18 22:31:00.000000,INT
Ouro Preto,cidade,Piranga - MG,2,2026-08-18 22:31:00.000000,INT
Ouro Preto,cidade,Conselheiro Lafaiete - MG,2,2026-08-18 22:31:00.000000,INT
Ouro Preto,cidade,Barbacena - MG,1,2026-08-18 22:31:00.000000,INT
Ouro Preto,cidade,Porto Firme - MG,1,2026-08-18 22:31:00.000000,INT
Ouro Preto,cidade,Caeté - MG,1,2026-08-18 22:31:00.000000,INT
Ouro Preto,cidade,Conceição do Mato Dentro - MG,1,2026-08-18 22:31:00.000000,INT
Ouro Preto,cidade,Contagem - MG,1,2026-08-18 22:31:00.000000,INT
Piumhi,tipo,Pública Estadual,57,2026-08-18 22:31:00.000000,INT
Piumhi,tipo,Privada,25,2026-08-18 22:31:00.000000,INT
Piumhi,tipo,Pública Municipal,3,2026-08-18 22:31:00.000000,INT
Piumhi,area,Urbana,85,2026-08-18 22:31:00.000000,INT
Piumhi,cidade,Piumhi - MG,57,2026-08-18 22:31:00.000000,INT
Piumhi,cidade,Pimenta - MG,16,2026-08-18 22:31:00.000000,INT
Piumhi,cidade,Capitólio - MG,9,2026-08-18 22:31:00.000000,INT
Piumhi,cidade,Doresópolis - MG,3,2026-08-18 22:31:00.000000,INT
Ponte Nova,tipo,Pública Estadual,139,2026-08-18 22:31:00.000000,INT
Ponte Nova,tipo,Pública Municipal,130,2026-08-18 22:31:00.000000,INT
Ponte Nova,tipo,Privada,91,2026-08-18 22:31:00.000000,INT
Ponte Nova,area,Urbana,357,2026-08-18 22:31:00.000000,INT
Ponte Nova,area,Rural,3,2026-08-18 22:31:00.000000,INT
Ponte Nova,cidade,Ponte Nova - MG,227,2026-08-18 22:31:00.000000,INT
Ponte Nova,cidade,Urucânia - MG,20,2026-08-18 22:31:00.000000,INT
Ponte Nova,cidade,Amparo do Serra - MG,15,2026-08-18 22:31:00.000000,INT
Ponte Nova,cidade,Jequeri - MG,15,2026-08-18 22:31:00.000000,INT
Ponte Nova,cidade,Dom Silvério - MG,13,2026-08-18 22:31:00.000000,INT
Ponte Nova,cidade,Raul Soares - MG,10,2026-08-18 22:31:00.000000,INT
Ponte Nova,cidade,Alvinópolis - MG,9,2026-08-18 22:31:00.000000,INT
Ponte Nova,cidade,Rio Casca - MG,9,2026-08-18 22:31:00.000000,INT
Ponte Nova,cidade,Santa Cruz do Escalvado - MG,8,2026-08-18 22:31:00.000000,INT
Ponte Nova,cidade,Oratórios - MG,6,2026-08-18 22:31:00.000000,INT
Ponte Nova,cidade,Outra - OU,5,2026-08-18 22:31:00.000000,INT
Ponte Nova,cidade,Guaraciaba - MG,3,2026-08-18 22:31:00.000000,INT
Ponte Nova,cidade,Rio Doce - MG,3,2026-08-18 22:31:00.000000,INT
Ponte Nova,cidade,Sem-Peixe - MG,2,2026-08-18 22:31:00.000000,INT
Ponte Nova,cidade,Viçosa - MG,2,2026-08-18 22:31:00.000000,INT
Ribeirão das Neves,tipo,Pública Estadual,323,2026-08-18 22:31:00.000000,INT
Ribeirão das Neves,tipo,Pública Municipal,183,2026-08-18 22:31:00.000000,INT
Ribeirão das Neves,tipo,Privada,114,2026-08-18 22:31:00.000000,INT
Ribeirão das Neves,tipo,Pública Federal,3,2026-08-18 22:31:00.000000,INT
Ribeirão das Neves,area,Urbana,623,2026-08-18 22:31:00.000000,INT
Ribeirão das Neves,cidade,Ribeirão das Neves - MG,368,2026-08-18 22:31:00.000000,INT
Ribeirão das Neves,cidade,Belo Horizonte - MG,167,2026-08-18 22:31:00.000000,INT
Ribeirão das Neves,cidade,Esmeraldas - MG,24,2026-08-18 22:31:00.000000,INT
Ribeirão das Neves,cidade,Outra - OU,17,2026-08-18 22:31:00.000000,INT
Ribeirão das Neves,cidade,São José da Lapa - MG,16,2026-08-18 22:31:00.000000,INT
Ribeirão das Neves,cidade,Contagem - MG,15,2026-08-18 22:31:00.000000,INT
Ribeirão das Neves,cidade,Vespasiano - MG,4,2026-08-18 22:31:00.000000,INT
Ribeirão das Neves,cidade,Betim - MG,1,2026-08-18 22:31:00.000000,INT
Ribeirão das Neves,cidade,Conceição do Mato Dentro - MG,1,2026-08-18 22:31:00.000000,INT
Ribeirão das Neves,cidade,Governador Valadares - MG,1,2026-08-18 22:31:00.000000,INT
Ribeirão das Neves,cidade,Itamarandiba - MG,1,2026-08-18 22:31:00.000000,INT
Ribeirão das Neves,cidade,Matozinhos - MG,1,2026-08-18 22:31:00.000000,INT
Ribeirão das Neves,cidade,Pedro Leopoldo - MG,1,2026-08-18 22:31:00.000000,INT
Ribeirão das Neves,cidade,Santa Rita do Itueto - MG,1,2026-08-18 22:31:00.000000,INT
Ribeirão das Neves,cidade,Brumadinho - MG,1,2026-08-18 22:31:00.000000,INT
Sabará,tipo,Pública Estadual,237,2026-08-18 22:31:00.000000,INT
Sabará,tipo,Pública Municipal,157,2026-08-18 22:31:00.000000,INT
Sabará,tipo,Privada,126,2026-08-18 22:31:00.000000,INT
Sabará,tipo,Pública Federal,5,2026-08-18 22:31:00.000000,INT
Sabará,area,Urbana,525,2026-08-18 22:31:00.000000,INT
Sabará,cidade,Sabará - MG,285,2026-08-18 22:31:00.000000,INT
Sabará,cidade,Belo Horizonte - MG,176,2026-08-18 22:31:00.000000,INT
Sabará,cidade,Caeté - MG,40,2026-08-18 22:31:00.000000,INT
Sabará,cidade,Outra - OU,8,2026-08-18 22:31:00.000000,INT
Sabará,cidade,Santa Luzia - MG,6,2026-08-18 22:31:00.000000,INT
Sabará,cidade,Nova Lima - MG,5,2026-08-18 22:31:00.000000,INT
Sabará,cidade,Contagem - MG,2,2026-08-18 22:31:00.000000,INT
Sabará,cidade,Carmópolis de Minas - MG,1,2026-08-18 22:31:00.000000,INT
Sabará,cidade,Jaboticatubas - MG,1,2026-08-18 22:31:00.000000,INT
Sabará,cidade,São José da Lapa - MG,1,2026-08-18 22:31:00.000000,INT
Santa Luzia,tipo,Pública Estadual,196,2026-08-18 22:31:00.000000,INT
Santa Luzia,tipo,Pública Municipal,154,2026-08-18 22:31:00.000000,INT
Santa Luzia,tipo,Privada,125,2026-08-18 22:31:00.000000,INT
Santa Luzia,tipo,Pública Federal,6,2026-08-18 22:31:00.000000,INT
Santa Luzia,area,Urbana,481,2026-08-18 22:31:00.000000,INT
Santa Luzia,cidade,Santa Luzia - MG,283,2026-08-18 22:31:00.000000,INT
Santa Luzia,cidade,Belo Horizonte - MG,128,2026-08-18 22:31:00.000000,INT
Santa Luzia,cidade,Vespasiano - MG,20,2026-08-18 22:31:00.000000,INT
Santa Luzia,cidade,Outra - OU,13,2026-08-18 22:31:00.000000,INT
Santa Luzia,cidade,Lagoa Santa - MG,9,2026-08-18 22:31:00.000000,INT
Santa Luzia,cidade,São José da Lapa - MG,6,2026-08-18 22:31:00.000000,INT
Santa Luzia,cidade,Pedro Leopoldo - MG,4,2026-08-18 22:31:00.000000,INT
Santa Luzia,cidade,Sabará - MG,2,2026-08-18 22:31:00.000000,INT
Santa Luzia,cidade,Brasília - DF,2,2026-08-18 22:31:00.000000,INT
Santa Luzia,cidade,Contagem - MG,2,2026-08-18 22:31:00.000000,INT
Santa Luzia,cidade,Ipanema - MG,1,2026-08-18 22:31:00.000000,INT
Santa Luzia,cidade,Matozinhos - MG,1,2026-08-18 22:31:00.000000,INT
Santa Luzia,cidade,Alvarenga - MG,1,2026-08-18 22:31:00.000000,INT
Santa Luzia,cidade,Caeté - MG,1,2026-08-18 22:31:00.000000,INT
Santa Luzia,cidade,Jaboticatubas - MG,1,2026-08-18 22:31:00.000000,INT
São João Evangelista,tipo,Pública Estadual,414,2026-08-18 22:31:00.000000,INT
São João Evangelista,tipo,Privada,30,2026-08-18 22:31:00.000000,INT
São João Evangelista,tipo,Pública Municipal,15,2026-08-18 22:31:00.000000,INT
São João Evangelista,area,Urbana,444,2026-08-18 22:31:00.000000,INT
São João Evangelista,area,Rural,15,2026-08-18 22:31:00.000000,INT
São João Evangelista,cidade,Guanhães - MG,96,2026-08-18 22:31:00.000000,INT
São João Evangelista,cidade,São João Evangelista - MG,80,2026-08-18 22:31:00.000000,INT
São João Evangelista,cidade,Peçanha - MG,31,2026-08-18 22:31:00.000000,INT
São João Evangelista,cidade,Coluna - MG,26,2026-08-18 22:31:00.000000,INT
São João Evangelista,cidade,Santa Maria do Suaçuí - MG,24,2026-08-18 22:31:00.000000,INT
São João Evangelista,cidade,Virginópolis - MG,23,2026-08-18 22:31:00.000000,INT
São João Evangelista,cidade,São Pedro do Suaçuí - MG,16,2026-08-18 22:31:00.000000,INT
São João Evangelista,cidade,Capelinha - MG,15,2026-08-18 22:31:00.000000,INT
São João Evangelista,cidade,Cantagalo - MG,11,2026-08-18 22:31:00.000000,INT
São João Evangelista,cidade,São José do Jacuri - MG,11,2026-08-18 22:31:00.000000,INT
São João Evangelista,cidade,Divinolândia de Minas - MG,9,2026-08-18 22:31:00.000000,INT
São João Evangelista,cidade,Frei Lagonegro - MG,9,2026-08-18 22:31:00.000000,INT
São João Evangelista,cidade,Dom Joaquim - MG,8,2026-08-18 22:31:00.000000,INT
São João Evangelista,cidade,Angelândia - MG,8,2026-08-18 22:31:00.000000,INT
São João Evangelista,cidade,São Sebastião do Maranhão - MG,8,2026-08-18 22:31:00.000000,INT
Todas as unidades,tipo,Pública Estadual,427,2026-08-18 22:31:00.000000,SUB
Todas as unidades,tipo,Privada,68,2026-08-18 22:31:00.000000,SUB
Todas as unidades,tipo,Pública Federal,23,2026-08-18 22:31:00.000000,SUB
Todas as unidades,tipo,Pública Municipal,13,2026-08-18 22:31:00.000000,SUB
Todas as unidades,area,Urbana,523,2026-08-18 22:31:00.000000,SUB
Todas as unidades,area,Rural,8,2026-08-18 22:31:00.000000,SUB
Todas as unidades,cidade,Belo Horizonte - MG,41,2026-08-18 22:31:00.000000,SUB
Todas as unidades,cidade,Conselheiro Lafaiete - MG,37,2026-08-18 22:31:00.000000,SUB
Todas as unidades,cidade,Santa Luzia - MG,36,2026-08-18 22:31:00.000000,SUB
Todas as unidades,cidade,Ouro Preto - MG,31,2026-08-18 22:31:00.000000,SUB
Todas as unidades,cidade,Outra - OU,26,2026-08-18 22:31:00.000000,SUB
Todas as unidades,cidade,Piumhi - MG,23,2026-08-18 22:31:00.000000,SUB
Todas as unidades,cidade,Congonhas - MG,21,2026-08-18 22:31:00.000000,SUB
Todas as unidades,cidade,Ribeirão das Neves - MG,18,2026-08-18 22:31:00.000000,SUB
Todas as unidades,cidade,Governador Valadares - MG,11,2026-08-18 22:31:00.000000,SUB
Todas as unidades,cidade,Mariana - MG,10,2026-08-18 22:31:00.000000,SUB
Todas as unidades,cidade,Ipatinga - MG,10,2026-08-18 22:31:00.000000,SUB
Todas as unidades,cidade,Contagem - MG,7,2026-08-18 22:31:00.000000,SUB
Todas as unidades,cidade,Pimenta - MG,6,2026-08-18 22:31:00.000000,SUB
Todas as unidades,cidade,Betim - MG,6,2026-08-18 22:31:00.000000,SUB
Todas as unidades,cidade,Salvador - BA,6,2026-08-18 22:31:00.000000,SUB
Bambuí,tipo,Pública Estadual,8,2026-08-18 22:31:00.000000,SUB
Bambuí,tipo,Privada,4,2026-08-18 22:31:00.000000,SUB
Bambuí,tipo,Pública Municipal,3,2026-08-18 22:31:00.000000,SUB
Bambuí,area,Urbana,12,2026-08-18 22:31:00.000000,SUB
Bambuí,area,Rural,3,2026-08-18 22:31:00.000000,SUB
Bambuí,cidade,Bambuí - MG,3,2026-08-18 22:31:00.000000,SUB
Bambuí,cidade,Formiga - MG,2,2026-08-18 22:31:00.000000,SUB
Bambuí,cidade,Santa Filomena - PE,1,2026-08-18 22:31:00.000000,SUB
Bambuí,cidade,Caraí - MG,1,2026-08-18 22:31:00.000000,SUB
Bambuí,cidade,Oliveira - MG,1,2026-08-18 22:31:00.000000,SUB
Bambuí,cidade,Pimenta - MG,1,2026-08-18 22:31:00.000000,SUB
Bambuí,cidade,Campinas - SP,1,2026-08-18 22:31:00.000000,SUB
Bambuí,cidade,Arcos - MG,1,2026-08-18 22:31:00.000000,SUB
Bambuí,cidade,Belo Horizonte - MG,1,2026-08-18 22:31:00.000000,SUB
Bambuí,cidade,Perdões - MG,1,2026-08-18 22:31:00.000000,SUB
Bambuí,cidade,Santa Rosa da Serra - MG,1,2026-08-18 22:31:00.000000,SUB
Bambuí,cidade,Leme - SP,1,2026-08-18 22:31:00.000000,SUB
Congonhas,tipo,Pública Estadual,22,2026-08-18 22:31:00.000000,SUB
Congonhas,tipo,Privada,2,2026-08-18 22:31:00.000000,SUB
Congonhas,area,Urbana,24,2026-08-18 22:31:00.000000,SUB
Congonhas,cidade,Congonhas - MG,15,2026-08-18 22:31:00.000000,SUB
Congonhas,cidade,Oriximiná - PA,1,2026-08-18 22:31:00.000000,SUB
Congonhas,cidade,Betim - MG,1,2026-08-18 22:31:00.000000,SUB
Congonhas,cidade,Entre Rios de Minas - MG,1,2026-08-18 22:31:00.000000,SUB
Congonhas,cidade,São Brás do Suaçuí - MG,1,2026-08-18 22:31:00.000000,SUB
Congonhas,cidade,Ubiratã - PR,1,2026-08-18 22:31:00.000000,SUB
Congonhas,cidade,Maceió - AL,1,2026-08-18 22:31:00.000000,SUB
Congonhas,cidade,Sabará - MG,1,2026-08-18 22:31:00.000000,SUB
Congonhas,cidade,Barrinha - SP,1,2026-08-18 22:31:00.000000,SUB
Congonhas,cidade,Outra - OU,1,2026-08-18 22:31:00.000000,SUB
Conselheiro Lafaiete,tipo,Pública Estadual,48,2026-08-18 22:31:00.000000,SUB
Conselheiro Lafaiete,tipo,Pública Municipal,6,2026-08-18 22:31:00.000000,SUB
Conselheiro Lafaiete,tipo,Privada,5,2026-08-18 22:31:00.000000,SUB
Conselheiro Lafaiete,tipo,Pública Federal,1,2026-08-18 22:31:00.000000,SUB
Conselheiro Lafaiete,area,Urbana,60,2026-08-18 22:31:00.000000,SUB
Conselheiro Lafaiete,cidade,Conselheiro Lafaiete - MG,35,2026-08-18 22:31:00.000000,SUB
Conselheiro Lafaiete,cidade,Congonhas - MG,4,2026-08-18 22:31:00.000000,SUB
Conselheiro Lafaiete,cidade,Barbacena - MG,3,2026-08-18 22:31:00.000000,SUB
Conselheiro Lafaiete,cidade,Entre Rios de Minas - MG,2,2026-08-18 22:31:00.000000,SUB
Conselheiro Lafaiete,cidade,Ouro Branco - MG,2,2026-08-18 22:31:00.000000,SUB
Conselheiro Lafaiete,cidade,Senhora de Oliveira - MG,2,2026-08-18 22:31:00.000000,SUB
Conselheiro Lafaiete,cidade,Outra - OU,2,2026-08-18 22:31:00.000000,SUB
Conselheiro Lafaiete,cidade,Nova Lima - MG,1,2026-08-18 22:31:00.000000,SUB
Conselheiro Lafaiete,cidade,Ouro Preto - MG,1,2026-08-18 22:31:00.000000,SUB
Conselheiro Lafaiete,cidade,Piranga - MG,1,2026-08-18 22:31:00.000000,SUB
Conselheiro Lafaiete,cidade,Varginha - MG,1,2026-08-18 22:31:00.000000,SUB
Conselheiro Lafaiete,cidade,Mairiporã - SP,1,2026-08-18 22:31:00.000000,SUB
Conselheiro Lafaiete,cidade,Carandaí - MG,1,2026-08-18 22:31:00.000000,SUB
Conselheiro Lafaiete,cidade,Guanhães - MG,1,2026-08-18 22:31:00.000000,SUB
Conselheiro Lafaiete,cidade,Patos de Minas - MG,1,2026-08-18 22:31:00.000000,SUB
Governador Valadares,tipo,Pública Estadual,17,2026-08-18 22:31:00.000000,SUB
Governador Valadares,tipo,Privada,3,2026-08-18 22:31:00.000000,SUB
Governador Valadares,tipo,Pública Municipal,1,2026-08-18 22:31:00.000000,SUB
Governador Valadares,area,Urbana,21,2026-08-18 22:31:00.000000,SUB
Governador Valadares,cidade,Governador Valadares - MG,10,2026-08-18 22:31:00.000000,SUB
Governador Valadares,cidade,Outra - OU,2,2026-08-18 22:31:00.000000,SUB
Governador Valadares,cidade,Galiléia - MG,2,2026-08-18 22:31:00.000000,SUB
Governador Valadares,cidade,Itabuna - BA,1,2026-08-18 22:31:00.000000,SUB
Governador Valadares,cidade,Santa Maria do Suaçuí - MG,1,2026-08-18 22:31:00.000000,SUB
Governador Valadares,cidade,São Domingos do Norte - ES,1,2026-08-18 22:31:00.000000,SUB
Governador Valadares,cidade,São Paulo - SP,1,2026-08-18 22:31:00.000000,SUB
Governador Valadares,cidade,Resplendor - MG,1,2026-08-18 22:31:00.000000,SUB
Governador Valadares,cidade,São Félix de Minas - MG,1,2026-08-18 22:31:00.000000,SUB
Governador Valadares,cidade,São Mateus - ES,1,2026-08-18 22:31:00.000000,SUB
Ipatinga,tipo,Pública Estadual,29,2026-08-18 22:31:00.000000,SUB
Ipatinga,tipo,Pública Federal,1,2026-08-18 22:31:00.000000,SUB
Ipatinga,tipo,Privada,1,2026-08-18 22:31:00.000000,SUB
Ipatinga,tipo,Pública Municipal,1,2026-08-18 22:31:00.000000,SUB
Ipatinga,area,Urbana,32,2026-08-18 22:31:00.000000,SUB
Ipatinga,cidade,Ipatinga - MG,10,2026-08-18 22:31:00.000000,SUB
Ipatinga,cidade,Santana do Paraíso - MG,3,2026-08-18 22:31:00.000000,SUB
Ipatinga,cidade,Coronel Fabriciano - MG,3,2026-08-18 22:31:00.000000,SUB
Ipatinga,cidade,Timóteo - MG,3,2026-08-18 22:31:00.000000,SUB
Ipatinga,cidade,Belo Horizonte - MG,1,2026-08-18 22:31:00.000000,SUB
Ipatinga,cidade,Carlos Chagas - MG,1,2026-08-18 22:31:00.000000,SUB
Ipatinga,cidade,Dores de Guanhães - MG,1,2026-08-18 22:31:00.000000,SUB
Ipatinga,cidade,Mesquita - MG,1,2026-08-18 22:31:00.000000,SUB
Ipatinga,cidade,São Paulo - SP,1,2026-08-18 22:31:00.000000,SUB
Ipatinga,cidade,Salvador - BA,1,2026-08-18 22:31:00.000000,SUB
Ipatinga,cidade,Araçuaí - MG,1,2026-08-18 22:31:00.000000,SUB
Ipatinga,cidade,Bom Jesus do Galho - MG,1,2026-08-18 22:31:00.000000,SUB
Ipatinga,cidade,Iapu - MG,1,2026-08-18 22:31:00.000000,SUB
Ipatinga,cidade,Itaobim - MG,1,2026-08-18 22:31:00.000000,SUB
Ipatinga,cidade,Pingo-d'Água - MG,1,2026-08-18 22:31:00.000000,SUB
Ouro Preto,tipo,Pública Estadual,66,2026-08-18 22:31:00.000000,SUB
Ouro Preto,tipo,Privada,14,2026-08-18 22:31:00.000000,SUB
Ouro Preto,tipo,Pública Federal,3,2026-08-18 22:31:00.000000,SUB
Ouro Preto,tipo,Pública Municipal,1,2026-08-18 22:31:00.000000,SUB
Ouro Preto,area,Urbana,84,2026-08-18 22:31:00.000000,SUB
Ouro Preto,cidade,Ouro Preto - MG,30,2026-08-18 22:31:00.000000,SUB
Ouro Preto,cidade,Mariana - MG,10,2026-08-18 22:31:00.000000,SUB
Ouro Preto,cidade,Belo Horizonte - MG,4,2026-08-18 22:31:00.000000,SUB
Ouro Preto,cidade,Outra - OU,4,2026-08-18 22:31:00.000000,SUB
Ouro Preto,cidade,Catas Altas - MG,3,2026-08-18 22:31:00.000000,SUB
Ouro Preto,cidade,Muriaé - MG,2,2026-08-18 22:31:00.000000,SUB
Ouro Preto,cidade,Congonhas - MG,2,2026-08-18 22:31:00.000000,SUB
Ouro Preto,cidade,Salvador - BA,2,2026-08-18 22:31:00.000000,SUB
Ouro Preto,cidade,Itabirito - MG,2,2026-08-18 22:31:00.000000,SUB
Ouro Preto,cidade,Ilhéus - BA,1,2026-08-18 22:31:00.000000,SUB
Ouro Preto,cidade,Santana - BA,1,2026-08-18 22:31:00.000000,SUB
Ouro Preto,cidade,Ouro Branco - MG,1,2026-08-18 22:31:00.000000,SUB
Ouro Preto,cidade,Padre Paraíso - MG,1,2026-08-18 22:31:00.000000,SUB
Ouro Preto,cidade,Carmo do Rio Claro - MG,1,2026-08-18 22:31:00.000000,SUB
Ouro Preto,cidade,Rodeiro - MG,1,2026-08-18 22:31:00.000000,SUB
Piumhi,tipo,Pública Estadual,35,2026-08-18 22:31:00.000000,SUB
Piumhi,tipo,Privada,5,2026-08-18 22:31:00.000000,SUB
Piumhi,tipo,Pública Federal,3,2026-08-18 22:31:00.000000,SUB
Piumhi,area,Urbana,42,2026-08-18 22:31:00.000000,SUB
Piumhi,area,Rural,1,2026-08-18 22:31:00.000000,SUB
Piumhi,cidade,Piumhi - MG,23,2026-08-18 22:31:00.000000,SUB
Piumhi,cidade,Pimenta - MG,5,2026-08-18 22:31:00.000000,SUB
Piumhi,cidade,Doresópolis - MG,2,2026-08-18 22:31:00.000000,SUB
Piumhi,cidade,São Roque de Minas - MG,2,2026-08-18 22:31:00.000000,SUB
Piumhi,cidade,Franca - SP,2,2026-08-18 22:31:00.000000,SUB
Piumhi,cidade,Ibicuí - BA,1,2026-08-18 22:31:00.000000,SUB
Piumhi,cidade,Bambuí - MG,1,2026-08-18 22:31:00.000000,SUB
Piumhi,cidade,Outra - OU,1,2026-08-18 22:31:00.000000,SUB
Piumhi,cidade,Icó - CE,1,2026-08-18 22:31:00.000000,SUB
Piumhi,cidade,Arcos - MG,1,2026-08-18 22:31:00.000000,SUB
Piumhi,cidade,Belo Horizonte - MG,1,2026-08-18 22:31:00.000000,SUB
Piumhi,cidade,São Francisco - MG,1,2026-08-18 22:31:00.000000,SUB
Piumhi,cidade,Vargem Bonita - MG,1,2026-08-18 22:31:00.000000,SUB
Piumhi,cidade,Rio Verde - GO,1,2026-08-18 22:31:00.000000,SUB
Ribeirão das Neves,tipo,Pública Estadual,130,2026-08-18 22:31:00.000000,SUB
Ribeirão das Neves,tipo,Privada,22,2026-08-18 22:31:00.000000,SUB
Ribeirão das Neves,tipo,Pública Federal,9,2026-08-18 22:31:00.000000,SUB
Ribeirão das Neves,tipo,Pública Municipal,1,2026-08-18 22:31:00.000000,SUB
Ribeirão das Neves,area,Urbana,159,2026-08-18 22:31:00.000000,SUB
Ribeirão das Neves,area,Rural,3,2026-08-18 22:31:00.000000,SUB
Ribeirão das Neves,cidade,Belo Horizonte - MG,18,2026-08-18 22:31:00.000000,SUB
Ribeirão das Neves,cidade,Ribeirão das Neves - MG,17,2026-08-18 22:31:00.000000,SUB
Ribeirão das Neves,cidade,Outra - OU,11,2026-08-18 22:31:00.000000,SUB
Ribeirão das Neves,cidade,Contagem - MG,5,2026-08-18 22:31:00.000000,SUB
Ribeirão das Neves,cidade,Salvador - BA,3,2026-08-18 22:31:00.000000,SUB
Ribeirão das Neves,cidade,Campos dos Goytacazes - RJ,3,2026-08-18 22:31:00.000000,SUB
Ribeirão das Neves,cidade,Itaobim - MG,2,2026-08-18 22:31:00.000000,SUB
Ribeirão das Neves,cidade,Betim - MG,2,2026-08-18 22:31:00.000000,SUB
Ribeirão das Neves,cidade,Cataguases - MG,2,2026-08-18 22:31:00.000000,SUB
Ribeirão das Neves,cidade,São Paulo - SP,2,2026-08-18 22:31:00.000000,SUB
Ribeirão das Neves,cidade,Vila Velha - ES,2,2026-08-18 22:31:00.000000,SUB
Ribeirão das Neves,cidade,Volta Redonda - RJ,2,2026-08-18 22:31:00.000000,SUB
Ribeirão das Neves,cidade,Matozinhos - MG,2,2026-08-18 22:31:00.000000,SUB
Ribeirão das Neves,cidade,São Bernardo do Campo - SP,2,2026-08-18 22:31:00.000000,SUB
Ribeirão das Neves,cidade,Vespasiano - MG,2,2026-08-18 22:31:00.000000,SUB
Santa Luzia,tipo,Pública Estadual,72,2026-08-18 22:31:00.000000,SUB
Santa Luzia,tipo,Privada,12,2026-08-18 22:31:00.000000,SUB
Santa Luzia,tipo,Pública Federal,6,2026-08-18 22:31:00.000000,SUB
Santa Luzia,area,Urbana,89,2026-08-18 22:31:00.000000,SUB
Santa Luzia,area,Rural,1,2026-08-18 22:31:00.000000,SUB
Santa Luzia,cidade,Santa Luzia - MG,35,2026-08-18 22:31:00.000000,SUB
Santa Luzia,cidade,Belo Horizonte - MG,16,2026-08-18 22:31:00.000000,SUB
Santa Luzia,cidade,Outra - OU,4,2026-08-18 22:31:00.000000,SUB
Santa Luzia,cidade,Contagem - MG,2,2026-08-18 22:31:00.000000,SUB
Santa Luzia,cidade,Betim - MG,2,2026-08-18 22:31:00.000000,SUB
Santa Luzia,cidade,São Paulo - SP,2,2026-08-18 22:31:00.000000,SUB
Santa Luzia,cidade,Sabará - MG,2,2026-08-18 22:31:00.000000,SUB
Santa Luzia,cidade,Três Corações - MG,1,2026-08-18 22:31:00.000000,SUB
Santa Luzia,cidade,Araruama - RJ,1,2026-08-18 22:31:00.000000,SUB
Santa Luzia,cidade,Niterói - RJ,1,2026-08-18 22:31:00.000000,SUB
Santa Luzia,cidade,Eugenópolis - MG,1,2026-08-18 22:31:00.000000,SUB
Santa Luzia,cidade,Guaratinguetá - SP,1,2026-08-18 22:31:00.000000,SUB
Santa Luzia,cidade,Jequitinhonha - MG,1,2026-08-18 22:31:00.000000,SUB
Santa Luzia,cidade,Santo Inácio - PR,1,2026-08-18 22:31:00.000000,SUB
Santa Luzia,cidade,Pará de Minas - MG,1,2026-08-18 22:31:00.000000,SUB
Todas as unidades,tipo,Pública Estadual,1311,2026-08-18 22:31:00.000000,SUP
Todas as unidades,tipo,Pública Federal,258,2026-08-18 22:31:00.000000,SUP
Todas as unidades,tipo,Privada,220,2026-08-18 22:31:00.000000,SUP
Todas as unidades,tipo,Pública Municipal,43,2026-08-18 22:31:00.000000,SUP
Todas as unidades,area,Urbana,1767,2026-08-18 22:31:00.000000,SUP
Todas as unidades,area,Rural,65,2026-08-18 22:31:00.000000,SUP
Todas as unidades,cidade,Belo Horizonte - MG,215,2026-08-18 22:31:00.000000,SUP
Todas as unidades,cidade,Ribeirão das Neves - MG,105,2026-08-18 22:31:00.000000,SUP
Todas as unidades,cidade,Ouro Branco - MG,103,2026-08-18 22:31:00.000000,SUP
Todas as unidades,cidade,Betim - MG,95,2026-08-18 22:31:00.000000,SUP
Todas as unidades,cidade,Arcos - MG,82,2026-08-18 22:31:00.000000,SUP
Todas as unidades,cidade,Bambuí - MG,76,2026-08-18 22:31:00.000000,SUP
Todas as unidades,cidade,Sabará - MG,73,2026-08-18 22:31:00.000000,SUP
Todas as unidades,cidade,Formiga - MG,72,2026-08-18 22:31:00.000000,SUP
Todas as unidades,cidade,Outra - OU,58,2026-08-18 22:31:00.000000,SUP
Todas as unidades,cidade,Santa Luzia - MG,57,2026-08-18 22:31:00.000000,SUP
Todas as unidades,cidade,Congonhas - MG,56,2026-08-18 22:31:00.000000,SUP
Todas as unidades,cidade,Contagem - MG,51,2026-08-18 22:31:00.000000,SUP
Todas as unidades,cidade,Governador Valadares - MG,50,2026-08-18 22:31:00.000000,SUP
Todas as unidades,cidade,Ouro Preto - MG,44,2026-08-18 22:31:00.000000,SUP
Todas as unidades,cidade,Conselheiro Lafaiete - MG,42,2026-08-18 22:31:00.000000,SUP
Arcos,tipo,Pública Estadual,103,2026-08-18 22:31:00.000000,SUP
Arcos,tipo,Privada,19,2026-08-18 22:31:00.000000,SUP
Arcos,tipo,Pública Federal,16,2026-08-18 22:31:00.000000,SUP
Arcos,tipo,Pública Municipal,1,2026-08-18 22:31:00.000000,SUP
Arcos,area,Urbana,134,2026-08-18 22:31:00.000000,SUP
Arcos,area,Rural,5,2026-08-18 22:31:00.000000,SUP
Arcos,cidade,Arcos - MG,63,2026-08-18 22:31:00.000000,SUP
Arcos,cidade,Formiga - MG,14,2026-08-18 22:31:00.000000,SUP
Arcos,cidade,Iguatama - MG,7,2026-08-18 22:31:00.000000,SUP
Arcos,cidade,Lagoa da Prata - MG,6,2026-08-18 22:31:00.000000,SUP
Arcos,cidade,Bambuí - MG,5,2026-08-18 22:31:00.000000,SUP
Arcos,cidade,Outra - OU,4,2026-08-18 22:31:00.000000,SUP
Arcos,cidade,Belo Horizonte - MG,4,2026-08-18 22:31:00.000000,SUP
Arcos,cidade,Piumhi - MG,3,2026-08-18 22:31:00.000000,SUP
Arcos,cidade,Contagem - MG,2,2026-08-18 22:31:00.000000,SUP
Arcos,cidade,Florestal - MG,2,2026-08-18 22:31:00.000000,SUP
Arcos,cidade,Pains - MG,2,2026-08-18 22:31:00.000000,SUP
Arcos,cidade,Muzambinho - MG,1,2026-08-18 22:31:00.000000,SUP
Arcos,cidade,Almenara - MG,1,2026-08-18 22:31:00.000000,SUP
Arcos,cidade,Passos - MG,1,2026-08-18 22:31:00.000000,SUP
Arcos,cidade,Porteirinha - MG,1,2026-08-18 22:31:00.000000,SUP
Bambuí,tipo,Pública Estadual,114,2026-08-18 22:31:00.000000,SUP
Bambuí,tipo,Pública Federal,47,2026-08-18 22:31:00.000000,SUP
Bambuí,tipo,Privada,28,2026-08-18 22:31:00.000000,SUP
Bambuí,tipo,Pública Municipal,5,2026-08-18 22:31:00.000000,SUP
Bambuí,area,Urbana,156,2026-08-18 22:31:00.000000,SUP
Bambuí,area,Rural,38,2026-08-18 22:31:00.000000,SUP
Bambuí,cidade,Bambuí - MG,69,2026-08-18 22:31:00.000000,SUP
Bambuí,cidade,Belo Horizonte - MG,9,2026-08-18 22:31:00.000000,SUP
Bambuí,cidade,Piumhi - MG,9,2026-08-18 22:31:00.000000,SUP
Bambuí,cidade,Arcos - MG,7,2026-08-18 22:31:00.000000,SUP
Bambuí,cidade,Divinópolis - MG,7,2026-08-18 22:31:00.000000,SUP
Bambuí,cidade,Lagoa da Prata - MG,6,2026-08-18 22:31:00.000000,SUP
Bambuí,cidade,Medeiros - MG,5,2026-08-18 22:31:00.000000,SUP
Bambuí,cidade,Dores do Indaiá - MG,5,2026-08-18 22:31:00.000000,SUP
Bambuí,cidade,Araxá - MG,5,2026-08-18 22:31:00.000000,SUP
Bambuí,cidade,Ipatinga - MG,4,2026-08-18 22:31:00.000000,SUP
Bambuí,cidade,Luz - MG,4,2026-08-18 22:31:00.000000,SUP
Bambuí,cidade,Bom Despacho - MG,3,2026-08-18 22:31:00.000000,SUP
Bambuí,cidade,Outra - OU,3,2026-08-18 22:31:00.000000,SUP
Bambuí,cidade,Betim - MG,3,2026-08-18 22:31:00.000000,SUP
Bambuí,cidade,Martinho Campos - MG,2,2026-08-18 22:31:00.000000,SUP
Betim,tipo,Pública Estadual,111,2026-08-18 22:31:00.000000,SUP
Betim,tipo,Pública Federal,33,2026-08-18 22:31:00.000000,SUP
Betim,tipo,Privada,24,2026-08-18 22:31:00.000000,SUP
Betim,tipo,Pública Municipal,5,2026-08-18 22:31:00.000000,SUP
Betim,area,Urbana,169,2026-08-18 22:31:00.000000,SUP
Betim,area,Rural,4,2026-08-18 22:31:00.000000,SUP
Betim,cidade,Betim - MG,83,2026-08-18 22:31:00.000000,SUP
Betim,cidade,Contagem - MG,29,2026-08-18 22:31:00.000000,SUP
Betim,cidade,Belo Horizonte - MG,15,2026-08-18 22:31:00.000000,SUP
Betim,cidade,Outra - OU,9,2026-08-18 22:31:00.000000,SUP
Betim,cidade,Ibirité - MG,6,2026-08-18 22:31:00.000000,SUP
Betim,cidade,Sarzedo - MG,3,2026-08-18 22:31:00.000000,SUP
Betim,cidade,Igarapé - MG,3,2026-08-18 22:31:00.000000,SUP
Betim,cidade,Mateus Leme - MG,2,2026-08-18 22:31:00.000000,SUP
Betim,cidade,São Joaquim de Bicas - MG,2,2026-08-18 22:31:00.000000,SUP
Betim,cidade,Tocos do Moji - MG,1,2026-08-18 22:31:00.000000,SUP
Betim,cidade,Mauá - SP,1,2026-08-18 22:31:00.000000,SUP
Betim,cidade,Florestal - MG,1,2026-08-18 22:31:00.000000,SUP
Betim,cidade,São José dos Campos - SP,1,2026-08-18 22:31:00.000000,SUP
Betim,cidade,Galiléia - MG,1,2026-08-18 22:31:00.000000,SUP
Betim,cidade,Matões - MA,1,2026-08-18 22:31:00.000000,SUP
Congonhas,tipo,Pública Estadual,57,2026-08-18 22:31:00.000000,SUP
Congonhas,tipo,Pública Federal,5,2026-08-18 22:31:00.000000,SUP
Congonhas,tipo,Privada,3,2026-08-18 22:31:00.000000,SUP
Congonhas,tipo,Pública Municipal,1,2026-08-18 22:31:00.000000,SUP
Congonhas,area,Urbana,66,2026-08-18 22:31:00.000000,SUP
Congonhas,cidade,Congonhas - MG,39,2026-08-18 22:31:00.000000,SUP
Congonhas,cidade,Conselheiro Lafaiete - MG,7,2026-08-18 22:31:00.000000,SUP
Congonhas,cidade,Belo Horizonte - MG,4,2026-08-18 22:31:00.000000,SUP
Congonhas,cidade,São Brás do Suaçuí - MG,2,2026-08-18 22:31:00.000000,SUP
Congonhas,cidade,Carandaí - MG,2,2026-08-18 22:31:00.000000,SUP
Congonhas,cidade,Piranga - MG,1,2026-08-18 22:31:00.000000,SUP
Congonhas,cidade,Santa Bárbara - MG,1,2026-08-18 22:31:00.000000,SUP
Congonhas,cidade,Barrinha - SP,1,2026-08-18 22:31:00.000000,SUP
Congonhas,cidade,Belém - PA,1,2026-08-18 22:31:00.000000,SUP
Congonhas,cidade,Belo Vale - MG,1,2026-08-18 22:31:00.000000,SUP
Congonhas,cidade,Curvelo - MG,1,2026-08-18 22:31:00.000000,SUP
Congonhas,cidade,Itaguara - MG,1,2026-08-18 22:31:00.000000,SUP
Congonhas,cidade,Pará de Minas - MG,1,2026-08-18 22:31:00.000000,SUP
Congonhas,cidade,Resende Costa - MG,1,2026-08-18 22:31:00.000000,SUP
Congonhas,cidade,Outra - OU,1,2026-08-18 22:31:00.000000,SUP
Formiga,tipo,Pública Estadual,66,2026-08-18 22:31:00.000000,SUP
Formiga,tipo,Pública Federal,19,2026-08-18 22:31:00.000000,SUP
Formiga,tipo,Privada,14,2026-08-18 22:31:00.000000,SUP
Formiga,tipo,Pública Municipal,1,2026-08-18 22:31:00.000000,SUP
Formiga,area,Urbana,98,2026-08-18 22:31:00.000000,SUP
Formiga,area,Rural,2,2026-08-18 22:31:00.000000,SUP
Formiga,cidade,Formiga - MG,55,2026-08-18 22:31:00.000000,SUP
Formiga,cidade,Arcos - MG,12,2026-08-18 22:31:00.000000,SUP
Formiga,cidade,Lagoa da Prata - MG,5,2026-08-18 22:31:00.000000,SUP
Formiga,cidade,Salvador - BA,2,2026-08-18 22:31:00.000000,SUP
Formiga,cidade,Rio de Janeiro - RJ,2,2026-08-18 22:31:00.000000,SUP
Formiga,cidade,Campo Belo - MG,2,2026-08-18 22:31:00.000000,SUP
Formiga,cidade,Córrego Fundo - MG,2,2026-08-18 22:31:00.000000,SUP
Formiga,cidade,São Paulo - SP,2,2026-08-18 22:31:00.000000,SUP
Formiga,cidade,Itapecerica - MG,1,2026-08-18 22:31:00.000000,SUP
Formiga,cidade,Oliveira - MG,1,2026-08-18 22:31:00.000000,SUP
Formiga,cidade,Pedra do Indaiá - MG,1,2026-08-18 22:31:00.000000,SUP
Formiga,cidade,Piumhi - MG,1,2026-08-18 22:31:00.000000,SUP
Formiga,cidade,Belo Horizonte - MG,1,2026-08-18 22:31:00.000000,SUP
Formiga,cidade,Alto Rio Novo - ES,1,2026-08-18 22:31:00.000000,SUP
Formiga,cidade,Capitólio - MG,1,2026-08-18 22:31:00.000000,SUP
Governador Valadares,tipo,Pública Estadual,80,2026-08-18 22:31:00.000000,SUP
Governador Valadares,tipo,Privada,8,2026-08-18 22:31:00.000000,SUP
Governador Valadares,tipo,Pública Federal,7,2026-08-18 22:31:00.000000,SUP
Governador Valadares,tipo,Pública Municipal,2,2026-08-18 22:31:00.000000,SUP
Governador Valadares,area,Urbana,97,2026-08-18 22:31:00.000000,SUP
Governador Valadares,cidade,Governador Valadares - MG,48,2026-08-18 22:31:00.000000,SUP
Governador Valadares,cidade,Frei Inocêncio - MG,3,2026-08-18 22:31:00.000000,SUP
Governador Valadares,cidade,Águas Formosas - MG,2,2026-08-18 22:31:00.000000,SUP
Governador Valadares,cidade,Coroaci - MG,2,2026-08-18 22:31:00.000000,SUP
Governador Valadares,cidade,São Paulo - SP,2,2026-08-18 22:31:00.000000,SUP
Governador Valadares,cidade,Outra - OU,2,2026-08-18 22:31:00.000000,SUP
Governador Valadares,cidade,Gonzaga - MG,1,2026-08-18 22:31:00.000000,SUP
Governador Valadares,cidade,Alagoinhas - BA,1,2026-08-18 22:31:00.000000,SUP
Governador Valadares,cidade,Araquari - SC,1,2026-08-18 22:31:00.000000,SUP
Governador Valadares,cidade,Guanhães - MG,1,2026-08-18 22:31:00.000000,SUP
Governador Valadares,cidade,Maracás - BA,1,2026-08-18 22:31:00.000000,SUP
Governador Valadares,cidade,Bom Jesus de Goiás - GO,1,2026-08-18 22:31:00.000000,SUP
Governador Valadares,cidade,Itaobim - MG,1,2026-08-18 22:31:00.000000,SUP
Governador Valadares,cidade,Leopoldina - MG,1,2026-08-18 22:31:00.000000,SUP
Governador Valadares,cidade,Belo Horizonte - MG,1,2026-08-18 22:31:00.000000,SUP
Ibirité,tipo,Pública Estadual,54,2026-08-18 22:31:00.000000,SUP
Ibirité,tipo,Privada,31,2026-08-18 22:31:00.000000,SUP
Ibirité,tipo,Pública Federal,17,2026-08-18 22:31:00.000000,SUP
Ibirité,tipo,Pública Municipal,4,2026-08-18 22:31:00.000000,SUP
Ibirité,area,Urbana,106,2026-08-18 22:31:00.000000,SUP
Ibirité,cidade,Belo Horizonte - MG,37,2026-08-18 22:31:00.000000,SUP
Ibirité,cidade,Ibirité - MG,33,2026-08-18 22:31:00.000000,SUP
Ibirité,cidade,Outra - OU,10,2026-08-18 22:31:00.000000,SUP
Ibirité,cidade,Contagem - MG,7,2026-08-18 22:31:00.000000,SUP
Ibirité,cidade,Betim - MG,4,2026-08-18 22:31:00.000000,SUP
Ibirité,cidade,Sarzedo - MG,3,2026-08-18 22:31:00.000000,SUP
Ibirité,cidade,Joaíma - MG,1,2026-08-18 22:31:00.000000,SUP
Ibirité,cidade,Mato Verde - MG,1,2026-08-18 22:31:00.000000,SUP
Ibirité,cidade,Nova Serrana - MG,1,2026-08-18 22:31:00.000000,SUP
Ibirité,cidade,Ribeirão das Neves - MG,1,2026-08-18 22:31:00.000000,SUP
Ibirité,cidade,Urucânia - MG,1,2026-08-18 22:31:00.000000,SUP
Ibirité,cidade,Capim Branco - MG,1,2026-08-18 22:31:00.000000,SUP
Ibirité,cidade,Itabira - MG,1,2026-08-18 22:31:00.000000,SUP
Ibirité,cidade,Juiz de Fora - MG,1,2026-08-18 22:31:00.000000,SUP
Ibirité,cidade,Nepomuceno - MG,1,2026-08-18 22:31:00.000000,SUP
Ipatinga,tipo,Pública Estadual,37,2026-08-18 22:31:00.000000,SUP
Ipatinga,tipo,Pública Federal,7,2026-08-18 22:31:00.000000,SUP
Ipatinga,tipo,Privada,5,2026-08-18 22:31:00.000000,SUP
Ipatinga,area,Urbana,49,2026-08-18 22:31:00.000000,SUP
Ipatinga,cidade,Ipatinga - MG,21,2026-08-18 22:31:00.000000,SUP
Ipatinga,cidade,Coronel Fabriciano - MG,5,2026-08-18 22:31:00.000000,SUP
Ipatinga,cidade,Timóteo - MG,4,2026-08-18 22:31:00.000000,SUP
Ipatinga,cidade,Santana do Paraíso - MG,4,2026-08-18 22:31:00.000000,SUP
Ipatinga,cidade,Iapu - MG,2,2026-08-18 22:31:00.000000,SUP
Ipatinga,cidade,Outra - OU,2,2026-08-18 22:31:00.000000,SUP
Ipatinga,cidade,Betim - MG,1,2026-08-18 22:31:00.000000,SUP
Ipatinga,cidade,João Monlevade - MG,1,2026-08-18 22:31:00.000000,SUP
Ipatinga,cidade,Pingo-d'Água - MG,1,2026-08-18 22:31:00.000000,SUP
Ipatinga,cidade,Santa Rita do Itueto - MG,1,2026-08-18 22:31:00.000000,SUP
Ipatinga,cidade,Santo Antônio dos Lopes - MA,1,2026-08-18 22:31:00.000000,SUP
Ipatinga,cidade,Belo Horizonte - MG,1,2026-08-18 22:31:00.000000,SUP
Ipatinga,cidade,Caratinga - MG,1,2026-08-18 22:31:00.000000,SUP
Ipatinga,cidade,Joanésia - MG,1,2026-08-18 22:31:00.000000,SUP
Ipatinga,cidade,Nova Era - MG,1,2026-08-18 22:31:00.000000,SUP
Itabirito,tipo,Pública Estadual,14,2026-08-18 22:31:00.000000,SUP
Itabirito,tipo,Pública Federal,12,2026-08-18 22:31:00.000000,SUP
Itabirito,tipo,Privada,1,2026-08-18 22:31:00.000000,SUP
Itabirito,area,Urbana,26,2026-08-18 22:31:00.000000,SUP
Itabirito,area,Rural,1,2026-08-18 22:31:00.000000,SUP
Itabirito,cidade,Itabirito - MG,19,2026-08-18 22:31:00.000000,SUP
Itabirito,cidade,Ouro Preto - MG,1,2026-08-18 22:31:00.000000,SUP
Itabirito,cidade,Curionópolis - PA,1,2026-08-18 22:31:00.000000,SUP
Itabirito,cidade,Campo Formoso - BA,1,2026-08-18 22:31:00.000000,SUP
Itabirito,cidade,Contagem - MG,1,2026-08-18 22:31:00.000000,SUP
Itabirito,cidade,Nova Lima - MG,1,2026-08-18 22:31:00.000000,SUP
Itabirito,cidade,Ponte Nova - MG,1,2026-08-18 22:31:00.000000,SUP
Itabirito,cidade,Tutóia - MA,1,2026-08-18 22:31:00.000000,SUP
Itabirito,cidade,Conselheiro Lafaiete - MG,1,2026-08-18 22:31:00.000000,SUP
Ouro Branco,tipo,Pública Estadual,160,2026-08-18 22:31:00.000000,SUP
Ouro Branco,tipo,Pública Federal,31,2026-08-18 22:31:00.000000,SUP
Ouro Branco,tipo,Privada,13,2026-08-18 22:31:00.000000,SUP
Ouro Branco,tipo,Pública Municipal,5,2026-08-18 22:31:00.000000,SUP
Ouro Branco,area,Urbana,208,2026-08-18 22:31:00.000000,SUP
Ouro Branco,area,Rural,1,2026-08-18 22:31:00.000000,SUP
Ouro Branco,cidade,Ouro Branco - MG,101,2026-08-18 22:31:00.000000,SUP
Ouro Branco,cidade,Conselheiro Lafaiete - MG,34,2026-08-18 22:31:00.000000,SUP
Ouro Branco,cidade,Congonhas - MG,15,2026-08-18 22:31:00.000000,SUP
Ouro Branco,cidade,Ouro Preto - MG,5,2026-08-18 22:31:00.000000,SUP
Ouro Branco,cidade,Outra - OU,5,2026-08-18 22:31:00.000000,SUP
Ouro Branco,cidade,Nova Lima - MG,3,2026-08-18 22:31:00.000000,SUP
Ouro Branco,cidade,Belo Horizonte - MG,3,2026-08-18 22:31:00.000000,SUP
Ouro Branco,cidade,São Paulo - SP,2,2026-08-18 22:31:00.000000,SUP
Ouro Branco,cidade,Mariana - MG,2,2026-08-18 22:31:00.000000,SUP
Ouro Branco,cidade,Barbacena - MG,2,2026-08-18 22:31:00.000000,SUP
Ouro Branco,cidade,São Vicente - SP,1,2026-08-18 22:31:00.000000,SUP
Ouro Branco,cidade,Piedade dos Gerais - MG,1,2026-08-18 22:31:00.000000,SUP
Ouro Branco,cidade,Corinto - MG,1,2026-08-18 22:31:00.000000,SUP
Ouro Branco,cidade,Esteio - RS,1,2026-08-18 22:31:00.000000,SUP
Ouro Branco,cidade,Sabará - MG,1,2026-08-18 22:31:00.000000,SUP
Ouro Preto,tipo,Pública Estadual,52,2026-08-18 22:31:00.000000,SUP
Ouro Preto,tipo,Pública Federal,12,2026-08-18 22:31:00.000000,SUP
Ouro Preto,tipo,Privada,6,2026-08-18 22:31:00.000000,SUP
Ouro Preto,area,Urbana,70,2026-08-18 22:31:00.000000,SUP
Ouro Preto,cidade,Ouro Preto - MG,37,2026-08-18 22:31:00.000000,SUP
Ouro Preto,cidade,Mariana - MG,6,2026-08-18 22:31:00.000000,SUP
Ouro Preto,cidade,Belo Horizonte - MG,3,2026-08-18 22:31:00.000000,SUP
Ouro Preto,cidade,São Luís - MA,2,2026-08-18 22:31:00.000000,SUP
Ouro Preto,cidade,Sabará - MG,1,2026-08-18 22:31:00.000000,SUP
Ouro Preto,cidade,Belém - PA,1,2026-08-18 22:31:00.000000,SUP
Ouro Preto,cidade,Virginópolis - MG,1,2026-08-18 22:31:00.000000,SUP
Ouro Preto,cidade,Santana - AP,1,2026-08-18 22:31:00.000000,SUP
Ouro Preto,cidade,Carapicuíba - SP,1,2026-08-18 22:31:00.000000,SUP
Ouro Preto,cidade,Eunápolis - BA,1,2026-08-18 22:31:00.000000,SUP
Ouro Preto,cidade,São Bernardo do Campo - SP,1,2026-08-18 22:31:00.000000,SUP
Ouro Preto,cidade,São Paulo - SP,1,2026-08-18 22:31:00.000000,SUP
Ouro Preto,cidade,Cruzília - MG,1,2026-08-18 22:31:00.000000,SUP
Ouro Preto,cidade,Ouro Branco - MG,1,2026-08-18 22:31:00.000000,SUP
Ouro Preto,cidade,Padre Paraíso - MG,1,2026-08-18 22:31:00.000000,SUP
Piumhi,tipo,Pública Estadual,7,2026-08-18 22:31:00.000000,SUP
Piumhi,tipo,Pública Federal,1,2026-08-18 22:31:00.000000,SUP
Piumhi,tipo,Pública Municipal,1,2026-08-18 22:31:00.000000,SUP
Piumhi,area,Urbana,8,2026-08-18 22:31:00.000000,SUP
Piumhi,area,Rural,1,2026-08-18 22:31:00.000000,SUP
Piumhi,cidade,Piumhi - MG,6,2026-08-18 22:31:00.000000,SUP
Piumhi,cidade,Lavras - MG,1,2026-08-18 22:31:00.000000,SUP
Piumhi,cidade,São João da Ponte - MG,1,2026-08-18 22:31:00.000000,SUP
Piumhi,cidade,Belo Horizonte - MG,1,2026-08-18 22:31:00.000000,SUP
Ponte Nova,tipo,Pública Estadual,22,2026-08-18 22:31:00.000000,SUP
Ponte Nova,tipo,Privada,1,2026-08-18 22:31:00.000000,SUP
Ponte Nova,tipo,Pública Federal,1,2026-08-18 22:31:00.000000,SUP
Ponte Nova,area,Urbana,24,2026-08-18 22:31:00.000000,SUP
Ponte Nova,cidade,Ponte Nova - MG,22,2026-08-18 22:31:00.000000,SUP
Ponte Nova,cidade,Ouro Preto - MG,1,2026-08-18 22:31:00.000000,SUP
Ponte Nova,cidade,Santo Antônio do Grama - MG,1,2026-08-18 22:31:00.000000,SUP
Ribeirão das Neves,tipo,Pública Estadual,130,2026-08-18 22:31:00.000000,SUP
Ribeirão das Neves,tipo,Privada,14,2026-08-18 22:31:00.000000,SUP
Ribeirão das Neves,tipo,Pública Federal,8,2026-08-18 22:31:00.000000,SUP
Ribeirão das Neves,tipo,Pública Municipal,3,2026-08-18 22:31:00.000000,SUP
Ribeirão das Neves,area,Urbana,155,2026-08-18 22:31:00.000000,SUP
Ribeirão das Neves,cidade,Ribeirão das Neves - MG,94,2026-08-18 22:31:00.000000,SUP
Ribeirão das Neves,cidade,Belo Horizonte - MG,29,2026-08-18 22:31:00.000000,SUP
Ribeirão das Neves,cidade,Esmeraldas - MG,7,2026-08-18 22:31:00.000000,SUP
Ribeirão das Neves,cidade,Contagem - MG,6,2026-08-18 22:31:00.000000,SUP
Ribeirão das Neves,cidade,Outra - OU,4,2026-08-18 22:31:00.000000,SUP
Ribeirão das Neves,cidade,Vespasiano - MG,2,2026-08-18 22:31:00.000000,SUP
Ribeirão das Neves,cidade,Sete Lagoas - MG,2,2026-08-18 22:31:00.000000,SUP
Ribeirão das Neves,cidade,Catas Altas - MG,1,2026-08-18 22:31:00.000000,SUP
Ribeirão das Neves,cidade,Lagoa Santa - MG,1,2026-08-18 22:31:00.000000,SUP
Ribeirão das Neves,cidade,Santa Luzia - MG,1,2026-08-18 22:31:00.000000,SUP
Ribeirão das Neves,cidade,Tangará da Serra - MT,1,2026-08-18 22:31:00.000000,SUP
Ribeirão das Neves,cidade,Eunápolis - BA,1,2026-08-18 22:31:00.000000,SUP
Ribeirão das Neves,cidade,Betim - MG,1,2026-08-18 22:31:00.000000,SUP
Ribeirão das Neves,cidade,Formiga - MG,1,2026-08-18 22:31:00.000000,SUP
Ribeirão das Neves,cidade,Montes Claros - MG,1,2026-08-18 22:31:00.000000,SUP
Sabará,tipo,Pública Estadual,123,2026-08-18 22:31:00.000000,SUP
Sabará,tipo,Privada,27,2026-08-18 22:31:00.000000,SUP
Sabará,tipo,Pública Federal,16,2026-08-18 22:31:00.000000,SUP
Sabará,tipo,Pública Municipal,7,2026-08-18 22:31:00.000000,SUP
Sabará,area,Urbana,170,2026-08-18 22:31:00.000000,SUP
Sabará,area,Rural,3,2026-08-18 22:31:00.000000,SUP
Sabará,cidade,Belo Horizonte - MG,70,2026-08-18 22:31:00.000000,SUP
Sabará,cidade,Sabará - MG,67,2026-08-18 22:31:00.000000,SUP
Sabará,cidade,Santa Luzia - MG,5,2026-08-18 22:31:00.000000,SUP
Sabará,cidade,Outra - OU,4,2026-08-18 22:31:00.000000,SUP
Sabará,cidade,Caeté - MG,3,2026-08-18 22:31:00.000000,SUP
Sabará,cidade,Ribeirão das Neves - MG,2,2026-08-18 22:31:00.000000,SUP
Sabará,cidade,Vitória do Jari - AP,1,2026-08-18 22:31:00.000000,SUP
Sabará,cidade,Timóteo - MG,1,2026-08-18 22:31:00.000000,SUP
Sabará,cidade,Carinhanha - BA,1,2026-08-18 22:31:00.000000,SUP
Sabará,cidade,Cariacica - ES,1,2026-08-18 22:31:00.000000,SUP
Sabará,cidade,Betim - MG,1,2026-08-18 22:31:00.000000,SUP
Sabará,cidade,Hortolândia - SP,1,2026-08-18 22:31:00.000000,SUP
Sabará,cidade,Brasília - DF,1,2026-08-18 22:31:00.000000,SUP
Sabará,cidade,Divinópolis - MG,1,2026-08-18 22:31:00.000000,SUP
Sabará,cidade,Juiz de Fora - MG,1,2026-08-18 22:31:00.000000,SUP
Santa Luzia,tipo,Pública Estadual,98,2026-08-18 22:31:00.000000,SUP
Santa Luzia,tipo,Privada,24,2026-08-18 22:31:00.000000,SUP
Santa Luzia,tipo,Pública Federal,18,2026-08-18 22:31:00.000000,SUP
Santa Luzia,tipo,Pública Municipal,8,2026-08-18 22:31:00.000000,SUP
Santa Luzia,area,Urbana,147,2026-08-18 22:31:00.000000,SUP
Santa Luzia,area,Rural,1,2026-08-18 22:31:00.000000,SUP
Santa Luzia,cidade,Santa Luzia - MG,49,2026-08-18 22:31:00.000000,SUP
Santa Luzia,cidade,Belo Horizonte - MG,36,2026-08-18 22:31:00.000000,SUP
Santa Luzia,cidade,Outra - OU,11,2026-08-18 22:31:00.000000,SUP
Santa Luzia,cidade,Ribeirão das Neves - MG,7,2026-08-18 22:31:00.000000,SUP
Santa Luzia,cidade,Vespasiano - MG,5,2026-08-18 22:31:00.000000,SUP
Santa Luzia,cidade,Sabará - MG,3,2026-08-18 22:31:00.000000,SUP
Santa Luzia,cidade,Matozinhos - MG,2,2026-08-18 22:31:00.000000,SUP
Santa Luzia,cidade,Araxá - MG,2,2026-08-18 22:31:00.000000,SUP
Santa Luzia,cidade,Betim - MG,2,2026-08-18 22:31:00.000000,SUP
Santa Luzia,cidade,Sete Lagoas - MG,2,2026-08-18 22:31:00.000000,SUP
Santa Luzia,cidade,Curvelo - MG,1,2026-08-18 22:31:00.000000,SUP
Santa Luzia,cidade,Manaus - AM,1,2026-08-18 22:31:00.000000,SUP
Santa Luzia,cidade,Viçosa - MG,1,2026-08-18 22:31:00.000000,SUP
Santa Luzia,cidade,Fortaleza - CE,1,2026-08-18 22:31:00.000000,SUP
Santa Luzia,cidade,Boituva - SP,1,2026-08-18 22:31:00.000000,SUP
São João Evangelista,tipo,Pública Estadual,83,2026-08-18 22:31:00.000000,SUP
São João Evangelista,tipo,Pública Federal,8,2026-08-18 22:31:00.000000,SUP
São João Evangelista,tipo,Privada,2,2026-08-18 22:31:00.000000,SUP
São João Evangelista,area,Urbana,84,2026-08-18 22:31:00.000000,SUP
São João Evangelista,area,Rural,9,2026-08-18 22:31:00.000000,SUP
São João Evangelista,cidade,São João Evangelista - MG,27,2026-08-18 22:31:00.000000,SUP
São João Evangelista,cidade,Guanhães - MG,21,2026-08-18 22:31:00.000000,SUP
São João Evangelista,cidade,Peçanha - MG,7,2026-08-18 22:31:00.000000,SUP
São João Evangelista,cidade,Virginópolis - MG,4,2026-08-18 22:31:00.000000,SUP
São João Evangelista,cidade,Paulistas - MG,3,2026-08-18 22:31:00.000000,SUP
São João Evangelista,cidade,São Pedro do Suaçuí - MG,3,2026-08-18 22:31:00.000000,SUP
São João Evangelista,cidade,Dom Joaquim - MG,2,2026-08-18 22:31:00.000000,SUP
São João Evangelista,cidade,Aricanduva - MG,2,2026-08-18 22:31:00.000000,SUP
São João Evangelista,cidade,Santa Maria do Suaçuí - MG,2,2026-08-18 22:31:00.000000,SUP
São João Evangelista,cidade,Serro - MG,2,2026-08-18 22:31:00.000000,SUP
São João Evangelista,cidade,Outra - OU,2,2026-08-18 22:31:00.000000,SUP
São João Evangelista,cidade,Cantagalo - MG,2,2026-08-18 22:31:00.000000,SUP
São João Evangelista,cidade,Capitão Enéas - MG,1,2026-08-18 22:31:00.000000,SUP
São João Evangelista,cidade,Senhora do Porto - MG,1,2026-08-18 22:31:00.000000,SUP
São João Evangelista,cidade,Frei Lagonegro - MG,1,2026-08-18 22:31:00.000000,SUP
Todas as unidades,tipo,Pública Estadual,2508,2026-08-19 07:01:00.000000,INT
Todas as unidades,tipo,Pública Municipal,2329,2026-08-19 07:01:00.000000,INT
Todas as unidades,tipo,Privada,1405,2026-08-19 07:01:00.000000,INT
Todas as unidades,tipo,Pública Federal,23,2026-08-19 07:01:00.000000,INT
Todas as unidades,area,Urbana,6212,2026-08-19 07:01:00.000000,INT
Todas as unidades,area,Rural,53,2026-08-19 07:01:00.000000,INT
Todas as unidades,cidade,Belo Horizonte - MG,811,2026-08-19 07:01:00.000000,INT
Todas as unidades,cidade,Betim - MG,498,2026-08-19 07:01:00.000000,INT
Todas as unidades,cidade,Ribeirão das Neves - MG,376,2026-08-19 07:01:00.000000,INT
Todas as unidades,cidade,Contagem - MG,328,2026-08-19 07:01:00.000000,INT
Todas as unidades,cidade,Santa Luzia - MG,289,2026-08-19 07:01:00.000000,INT
Todas as unidades,cidade,Sabará - MG,287,2026-08-19 07:01:00.000000,INT
Todas as unidades,cidade,Conselheiro Lafaiete - MG,260,2026-08-19 07:01:00.000000,INT
Todas as unidades,cidade,Ouro Preto - MG,248,2026-08-19 07:01:00.000000,INT
Todas as unidades,cidade,Ipatinga - MG,245,2026-08-19 07:01:00.000000,INT
Todas as unidades,cidade,Itabirito - MG,238,2026-08-19 07:01:00.000000,INT
Todas as unidades,cidade,Ponte Nova - MG,227,2026-08-19 07:01:00.000000,INT
Todas as unidades,cidade,Governador Valadares - MG,207,2026-08-19 07:01:00.000000,INT
Todas as unidades,cidade,Congonhas - MG,181,2026-08-19 07:01:00.000000,INT
Todas as unidades,cidade,Ibirité - MG,148,2026-08-19 07:01:00.000000,INT
Todas as unidades,cidade,Ouro Branco - MG,147,2026-08-19 07:01:00.000000,INT
Arcos,tipo,Pública Estadual,45,2026-08-19 07:01:00.000000,INT
Arcos,tipo,Privada,24,2026-08-19 07:01:00.000000,INT
Arcos,tipo,Pública Municipal,3,2026-08-19 07:01:00.000000,INT
Arcos,area,Urbana,69,2026-08-19 07:01:00.000000,INT
Arcos,area,Rural,3,2026-08-19 07:01:00.000000,INT
Arcos,cidade,Arcos - MG,66,2026-08-19 07:01:00.000000,INT
Arcos,cidade,Acrelândia - AC,1,2026-08-19 07:01:00.000000,INT
Arcos,cidade,Iguatama - MG,1,2026-08-19 07:01:00.000000,INT
Arcos,cidade,Outra - OU,1,2026-08-19 07:01:00.000000,INT
Arcos,cidade,Natal - RN,1,2026-08-19 07:01:00.000000,INT
Arcos,cidade,Doresópolis - MG,1,2026-08-19 07:01:00.000000,INT
Arcos,cidade,Japaraíba - MG,1,2026-08-19 07:01:00.000000,INT
Bambuí,tipo,Pública Estadual,80,2026-08-19 07:01:00.000000,INT
Bambuí,tipo,Pública Municipal,26,2026-08-19 07:01:00.000000,INT
Bambuí,tipo,Privada,21,2026-08-19 07:01:00.000000,INT
Bambuí,area,Urbana,116,2026-08-19 07:01:00.000000,INT
Bambuí,area,Rural,11,2026-08-19 07:01:00.000000,INT
Bambuí,cidade,Bambuí - MG,51,2026-08-19 07:01:00.000000,INT
Bambuí,cidade,Iguatama - MG,11,2026-08-19 07:01:00.000000,INT
Bambuí,cidade,Medeiros - MG,9,2026-08-19 07:01:00.000000,INT
Bambuí,cidade,Luz - MG,6,2026-08-19 07:01:00.000000,INT
Bambuí,cidade,Campos Altos - MG,5,2026-08-19 07:01:00.000000,INT
Bambuí,cidade,Arcos - MG,4,2026-08-19 07:01:00.000000,INT
Bambuí,cidade,Pompéu - MG,4,2026-08-19 07:01:00.000000,INT
Bambuí,cidade,Córrego Danta - MG,3,2026-08-19 07:01:00.000000,INT
Bambuí,cidade,Piumhi - MG,3,2026-08-19 07:01:00.000000,INT
Bambuí,cidade,Santa Rosa da Serra - MG,3,2026-08-19 07:01:00.000000,INT
Bambuí,cidade,Outra - OU,2,2026-08-19 07:01:00.000000,INT
Bambuí,cidade,Ibiá - MG,2,2026-08-19 07:01:00.000000,INT
Bambuí,cidade,Belo Horizonte - MG,2,2026-08-19 07:01:00.000000,INT
Bambuí,cidade,Araxá - MG,2,2026-08-19 07:01:00.000000,INT
Bambuí,cidade,Japaraíba - MG,2,2026-08-19 07:01:00.000000,INT
Betim,tipo,Pública Municipal,502,2026-08-19 07:01:00.000000,INT
Betim,tipo,Privada,227,2026-08-19 07:01:00.000000,INT
Betim,tipo,Pública Estadual,143,2026-08-19 07:01:00.000000,INT
Betim,tipo,Pública Federal,3,2026-08-19 07:01:00.000000,INT
Betim,area,Urbana,875,2026-08-19 07:01:00.000000,INT
Betim,cidade,Betim - MG,480,2026-08-19 07:01:00.000000,INT
Betim,cidade,Contagem - MG,262,2026-08-19 07:01:00.000000,INT
Betim,cidade,Belo Horizonte - MG,54,2026-08-19 07:01:00.000000,INT
Betim,cidade,Outra - OU,26,2026-08-19 07:01:00.000000,INT
Betim,cidade,São Joaquim de Bicas - MG,11,2026-08-19 07:01:00.000000,INT
Betim,cidade,Igarapé - MG,10,2026-08-19 07:01:00.000000,INT
Betim,cidade,Juatuba - MG,6,2026-08-19 07:01:00.000000,INT
Betim,cidade,Sarzedo - MG,5,2026-08-19 07:01:00.000000,INT
Betim,cidade,Esmeraldas - MG,4,2026-08-19 07:01:00.000000,INT
Betim,cidade,Nova Lima - MG,3,2026-08-19 07:01:00.000000,INT
Betim,cidade,Paraopeba - MG,1,2026-08-19 07:01:00.000000,INT
Betim,cidade,Santa Bárbara - MG,1,2026-08-19 07:01:00.000000,INT
Betim,cidade,Caeté - MG,1,2026-08-19 07:01:00.000000,INT
Betim,cidade,São José da Lapa - MG,1,2026-08-19 07:01:00.000000,INT
Betim,cidade,Três Marias - MG,1,2026-08-19 07:01:00.000000,INT
Congonhas,tipo,Pública Municipal,157,2026-08-19 07:01:00.000000,INT
Congonhas,tipo,Privada,56,2026-08-19 07:01:00.000000,INT
Congonhas,tipo,Pública Estadual,43,2026-08-19 07:01:00.000000,INT
Congonhas,area,Urbana,256,2026-08-19 07:01:00.000000,INT
Congonhas,cidade,Congonhas - MG,178,2026-08-19 07:01:00.000000,INT
Congonhas,cidade,Jeceaba - MG,22,2026-08-19 07:01:00.000000,INT
Congonhas,cidade,Conselheiro Lafaiete - MG,17,2026-08-19 07:01:00.000000,INT
Congonhas,cidade,São Brás do Suaçuí - MG,10,2026-08-19 07:01:00.000000,INT
Congonhas,cidade,Entre Rios de Minas - MG,9,2026-08-19 07:01:00.000000,INT
Congonhas,cidade,Belo Vale - MG,9,2026-08-19 07:01:00.000000,INT
Congonhas,cidade,Outra - OU,6,2026-08-19 07:01:00.000000,INT
Congonhas,cidade,Belo Horizonte - MG,1,2026-08-19 07:01:00.000000,INT
Congonhas,cidade,Ouro Branco - MG,1,2026-08-19 07:01:00.000000,INT
Congonhas,cidade,Guarapari - ES,1,2026-08-19 07:01:00.000000,INT
Congonhas,cidade,Barão de Cocais - MG,1,2026-08-19 07:01:00.000000,INT
Congonhas,cidade,Barrinha - SP,1,2026-08-19 07:01:00.000000,INT
Conselheiro Lafaiete,tipo,Pública Municipal,95,2026-08-19 07:01:00.000000,INT
Conselheiro Lafaiete,tipo,Pública Estadual,90,2026-08-19 07:01:00.000000,INT
Conselheiro Lafaiete,tipo,Privada,23,2026-08-19 07:01:00.000000,INT
Conselheiro Lafaiete,tipo,Pública Federal,1,2026-08-19 07:01:00.000000,INT
Conselheiro Lafaiete,area,Urbana,208,2026-08-19 07:01:00.000000,INT
Conselheiro Lafaiete,area,Rural,1,2026-08-19 07:01:00.000000,INT
Conselheiro Lafaiete,cidade,Conselheiro Lafaiete - MG,156,2026-08-19 07:01:00.000000,INT
Conselheiro Lafaiete,cidade,Carandaí - MG,22,2026-08-19 07:01:00.000000,INT
Conselheiro Lafaiete,cidade,Catas Altas da Noruega - MG,6,2026-08-19 07:01:00.000000,INT
Conselheiro Lafaiete,cidade,Caranaíba - MG,5,2026-08-19 07:01:00.000000,INT
Conselheiro Lafaiete,cidade,Outra - OU,3,2026-08-19 07:01:00.000000,INT
Conselheiro Lafaiete,cidade,Cristiano Otoni - MG,3,2026-08-19 07:01:00.000000,INT
Conselheiro Lafaiete,cidade,Juiz de Fora - MG,2,2026-08-19 07:01:00.000000,INT
Conselheiro Lafaiete,cidade,Jeceaba - MG,2,2026-08-19 07:01:00.000000,INT
Conselheiro Lafaiete,cidade,Queluzito - MG,2,2026-08-19 07:01:00.000000,INT
Conselheiro Lafaiete,cidade,Itaverava - MG,2,2026-08-19 07:01:00.000000,INT
Conselheiro Lafaiete,cidade,Piranga - MG,1,2026-08-19 07:01:00.000000,INT
Conselheiro Lafaiete,cidade,Rio Espera - MG,1,2026-08-19 07:01:00.000000,INT
Conselheiro Lafaiete,cidade,Entre Rios de Minas - MG,1,2026-08-19 07:01:00.000000,INT
Conselheiro Lafaiete,cidade,Ouro Branco - MG,1,2026-08-19 07:01:00.000000,INT
Conselheiro Lafaiete,cidade,Santana dos Montes - MG,1,2026-08-19 07:01:00.000000,INT
Formiga,tipo,Pública Estadual,73,2026-08-19 07:01:00.000000,INT
Formiga,tipo,Pública Municipal,26,2026-08-19 07:01:00.000000,INT
Formiga,tipo,Privada,12,2026-08-19 07:01:00.000000,INT
Formiga,area,Urbana,109,2026-08-19 07:01:00.000000,INT
Formiga,area,Rural,2,2026-08-19 07:01:00.000000,INT
Formiga,cidade,Formiga - MG,82,2026-08-19 07:01:00.000000,INT
Formiga,cidade,Pains - MG,13,2026-08-19 07:01:00.000000,INT
Formiga,cidade,Córrego Fundo - MG,10,2026-08-19 07:01:00.000000,INT
Formiga,cidade,Arcos - MG,1,2026-08-19 07:01:00.000000,INT
Formiga,cidade,Córrego Danta - MG,1,2026-08-19 07:01:00.000000,INT
Formiga,cidade,Divinópolis - MG,1,2026-08-19 07:01:00.000000,INT
Formiga,cidade,Barra da Estiva - BA,1,2026-08-19 07:01:00.000000,INT
Formiga,cidade,Campo Belo - MG,1,2026-08-19 07:01:00.000000,INT
Formiga,cidade,Outra - OU,1,2026-08-19 07:01:00.000000,INT
Governador Valadares,tipo,Pública Estadual,161,2026-08-19 07:01:00.000000,INT
Governador Valadares,tipo,Privada,110,2026-08-19 07:01:00.000000,INT
Governador Valadares,tipo,Pública Municipal,20,2026-08-19 07:01:00.000000,INT
Governador Valadares,area,Urbana,288,2026-08-19 07:01:00.000000,INT
Governador Valadares,area,Rural,3,2026-08-19 07:01:00.000000,INT
Governador Valadares,cidade,Governador Valadares - MG,206,2026-08-19 07:01:00.000000,INT
Governador Valadares,cidade,Engenheiro Caldas - MG,15,2026-08-19 07:01:00.000000,INT
Governador Valadares,cidade,Frei Inocêncio - MG,14,2026-08-19 07:01:00.000000,INT
Governador Valadares,cidade,Mathias Lobato - MG,10,2026-08-19 07:01:00.000000,INT
Governador Valadares,cidade,Outra - OU,10,2026-08-19 07:01:00.000000,INT
Governador Valadares,cidade,Tarumirim - MG,6,2026-08-19 07:01:00.000000,INT
Governador Valadares,cidade,Sardoá - MG,4,2026-08-19 07:01:00.000000,INT
Governador Valadares,cidade,Jampruca - MG,4,2026-08-19 07:01:00.000000,INT
Governador Valadares,cidade,Itanhomi - MG,3,2026-08-19 07:01:00.000000,INT
Governador Valadares,cidade,Alpercata - MG,2,2026-08-19 07:01:00.000000,INT
Governador Valadares,cidade,São Geraldo da Piedade - MG,2,2026-08-19 07:01:00.000000,INT
Governador Valadares,cidade,Capitão Andrade - MG,1,2026-08-19 07:01:00.000000,INT
Governador Valadares,cidade,Coroaci - MG,1,2026-08-19 07:01:00.000000,INT
Governador Valadares,cidade,Divino das Laranjeiras - MG,1,2026-08-19 07:01:00.000000,INT
Governador Valadares,cidade,Vitória - ES,1,2026-08-19 07:01:00.000000,INT
Ibirité,tipo,Pública Municipal,253,2026-08-19 07:01:00.000000,INT
Ibirité,tipo,Privada,150,2026-08-19 07:01:00.000000,INT
Ibirité,tipo,Pública Estadual,106,2026-08-19 07:01:00.000000,INT
Ibirité,area,Urbana,508,2026-08-19 07:01:00.000000,INT
Ibirité,area,Rural,1,2026-08-19 07:01:00.000000,INT
Ibirité,cidade,Belo Horizonte - MG,270,2026-08-19 07:01:00.000000,INT
Ibirité,cidade,Ibirité - MG,145,2026-08-19 07:01:00.000000,INT
Ibirité,cidade,Contagem - MG,44,2026-08-19 07:01:00.000000,INT
Ibirité,cidade,Betim - MG,14,2026-08-19 07:01:00.000000,INT
Ibirité,cidade,Sarzedo - MG,13,2026-08-19 07:01:00.000000,INT
Ibirité,cidade,Outra - OU,11,2026-08-19 07:01:00.000000,INT
Ibirité,cidade,Brumadinho - MG,4,2026-08-19 07:01:00.000000,INT
Ibirité,cidade,Ribeirão das Neves - MG,1,2026-08-19 07:01:00.000000,INT
Ibirité,cidade,São Joaquim de Bicas - MG,1,2026-08-19 07:01:00.000000,INT
Ibirité,cidade,Vespasiano - MG,1,2026-08-19 07:01:00.000000,INT
Ibirité,cidade,Mário Campos - MG,1,2026-08-19 07:01:00.000000,INT
Ibirité,cidade,Piedade dos Gerais - MG,1,2026-08-19 07:01:00.000000,INT
Ibirité,cidade,Rio Doce - MG,1,2026-08-19 07:01:00.000000,INT
Ibirité,cidade,Itambacuri - MG,1,2026-08-19 07:01:00.000000,INT
Ibirité,cidade,Nova Serrana - MG,1,2026-08-19 07:01:00.000000,INT
Ipatinga,tipo,Pública Municipal,150,2026-08-19 07:01:00.000000,INT
Ipatinga,tipo,Pública Estadual,124,2026-08-19 07:01:00.000000,INT
Ipatinga,tipo,Privada,66,2026-08-19 07:01:00.000000,INT
Ipatinga,area,Urbana,338,2026-08-19 07:01:00.000000,INT
Ipatinga,area,Rural,2,2026-08-19 07:01:00.000000,INT
Ipatinga,cidade,Ipatinga - MG,244,2026-08-19 07:01:00.000000,INT
Ipatinga,cidade,Coronel Fabriciano - MG,37,2026-08-19 07:01:00.000000,INT
Ipatinga,cidade,Timóteo - MG,12,2026-08-19 07:01:00.000000,INT
Ipatinga,cidade,Belo Oriente - MG,11,2026-08-19 07:01:00.000000,INT
Ipatinga,cidade,Santana do Paraíso - MG,10,2026-08-19 07:01:00.000000,INT
Ipatinga,cidade,Outra - OU,3,2026-08-19 07:01:00.000000,INT
Ipatinga,cidade,Ipaba - MG,3,2026-08-19 07:01:00.000000,INT
Ipatinga,cidade,São Domingos do Prata - MG,2,2026-08-19 07:01:00.000000,INT
Ipatinga,cidade,Caratinga - MG,2,2026-08-19 07:01:00.000000,INT
Ipatinga,cidade,Dom Cavati - MG,2,2026-08-19 07:01:00.000000,INT
Ipatinga,cidade,Pingo-d'Água - MG,2,2026-08-19 07:01:00.000000,INT
Ipatinga,cidade,Tarumirim - MG,1,2026-08-19 07:01:00.000000,INT
Ipatinga,cidade,Diamantina - MG,1,2026-08-19 07:01:00.000000,INT
Ipatinga,cidade,Joanésia - MG,1,2026-08-19 07:01:00.000000,INT
Ipatinga,cidade,Naque - MG,1,2026-08-19 07:01:00.000000,INT
Itabirito,tipo,Pública Municipal,109,2026-08-19 07:01:00.000000,INT
Itabirito,tipo,Pública Estadual,39,2026-08-19 07:01:00.000000,INT
Itabirito,tipo,Privada,19,2026-08-19 07:01:00.000000,INT
Itabirito,tipo,Pública Federal,1,2026-08-19 07:01:00.000000,INT
Itabirito,area,Urbana,168,2026-08-19 07:01:00.000000,INT
Itabirito,cidade,Itabirito - MG,162,2026-08-19 07:01:00.000000,INT
Itabirito,cidade,Ouro Preto - MG,2,2026-08-19 07:01:00.000000,INT
Itabirito,cidade,Nova Lima - MG,1,2026-08-19 07:01:00.000000,INT
Itabirito,cidade,Belo Horizonte - MG,1,2026-08-19 07:01:00.000000,INT
Itabirito,cidade,Mariana - MG,1,2026-08-19 07:01:00.000000,INT
Itabirito,cidade,Ouro Branco - MG,1,2026-08-19 07:01:00.000000,INT
Ouro Branco,tipo,Pública Municipal,126,2026-08-19 07:01:00.000000,INT
Ouro Branco,tipo,Privada,62,2026-08-19 07:01:00.000000,INT
Ouro Branco,tipo,Pública Estadual,62,2026-08-19 07:01:00.000000,INT
Ouro Branco,tipo,Pública Federal,1,2026-08-19 07:01:00.000000,INT
Ouro Branco,area,Urbana,244,2026-08-19 07:01:00.000000,INT
Ouro Branco,area,Rural,7,2026-08-19 07:01:00.000000,INT
Ouro Branco,cidade,Ouro Branco - MG,143,2026-08-19 07:01:00.000000,INT
Ouro Branco,cidade,Conselheiro Lafaiete - MG,85,2026-08-19 07:01:00.000000,INT
Ouro Branco,cidade,Jeceaba - MG,7,2026-08-19 07:01:00.000000,INT
Ouro Branco,cidade,Congonhas - MG,2,2026-08-19 07:01:00.000000,INT
Ouro Branco,cidade,Entre Rios de Minas - MG,2,2026-08-19 07:01:00.000000,INT
Ouro Branco,cidade,Itaverava - MG,2,2026-08-19 07:01:00.000000,INT
Ouro Branco,cidade,Piranga - MG,2,2026-08-19 07:01:00.000000,INT
Ouro Branco,cidade,Caranaíba - MG,2,2026-08-19 07:01:00.000000,INT
Ouro Branco,cidade,Ouro Preto - MG,1,2026-08-19 07:01:00.000000,INT
Ouro Branco,cidade,Macaé - RJ,1,2026-08-19 07:01:00.000000,INT
Ouro Branco,cidade,Brumado - BA,1,2026-08-19 07:01:00.000000,INT
Ouro Branco,cidade,Belo Horizonte - MG,1,2026-08-19 07:01:00.000000,INT
Ouro Branco,cidade,Barão de Cocais - MG,1,2026-08-19 07:01:00.000000,INT
Ouro Branco,cidade,Ipatinga - MG,1,2026-08-19 07:01:00.000000,INT
Ouro Preto,tipo,Pública Municipal,219,2026-08-19 07:01:00.000000,INT
Ouro Preto,tipo,Pública Estadual,171,2026-08-19 07:01:00.000000,INT
Ouro Preto,tipo,Privada,121,2026-08-19 07:01:00.000000,INT
Ouro Preto,tipo,Pública Federal,3,2026-08-19 07:01:00.000000,INT
Ouro Preto,area,Urbana,509,2026-08-19 07:01:00.000000,INT
Ouro Preto,area,Rural,5,2026-08-19 07:01:00.000000,INT
Ouro Preto,cidade,Ouro Preto - MG,245,2026-08-19 07:01:00.000000,INT
Ouro Preto,cidade,Mariana - MG,138,2026-08-19 07:01:00.000000,INT
Ouro Preto,cidade,Itabirito - MG,76,2026-08-19 07:01:00.000000,INT
Ouro Preto,cidade,Santa Bárbara - MG,11,2026-08-19 07:01:00.000000,INT
Ouro Preto,cidade,Outra - OU,10,2026-08-19 07:01:00.000000,INT
Ouro Preto,cidade,Catas Altas - MG,10,2026-08-19 07:01:00.000000,INT
Ouro Preto,cidade,Belo Horizonte - MG,5,2026-08-19 07:01:00.000000,INT
Ouro Preto,cidade,Conselheiro Lafaiete - MG,2,2026-08-19 07:01:00.000000,INT
Ouro Preto,cidade,Barão de Cocais - MG,2,2026-08-19 07:01:00.000000,INT
Ouro Preto,cidade,Piranga - MG,2,2026-08-19 07:01:00.000000,INT
Ouro Preto,cidade,Barra Longa - MG,1,2026-08-19 07:01:00.000000,INT
Ouro Preto,cidade,Rio Casca - MG,1,2026-08-19 07:01:00.000000,INT
Ouro Preto,cidade,Betim - MG,1,2026-08-19 07:01:00.000000,INT
Ouro Preto,cidade,Espera Feliz - MG,1,2026-08-19 07:01:00.000000,INT
Ouro Preto,cidade,Itaguara - MG,1,2026-08-19 07:01:00.000000,INT
Piumhi,tipo,Pública Estadual,57,2026-08-19 07:01:00.000000,INT
Piumhi,tipo,Privada,26,2026-08-19 07:01:00.000000,INT
Piumhi,tipo,Pública Municipal,3,2026-08-19 07:01:00.000000,INT
Piumhi,area,Urbana,86,2026-08-19 07:01:00.000000,INT
Piumhi,cidade,Piumhi - MG,58,2026-08-19 07:01:00.000000,INT
Piumhi,cidade,Pimenta - MG,16,2026-08-19 07:01:00.000000,INT
Piumhi,cidade,Capitólio - MG,9,2026-08-19 07:01:00.000000,INT
Piumhi,cidade,Doresópolis - MG,3,2026-08-19 07:01:00.000000,INT
Ponte Nova,tipo,Pública Estadual,139,2026-08-19 07:01:00.000000,INT
Ponte Nova,tipo,Pública Municipal,130,2026-08-19 07:01:00.000000,INT
Ponte Nova,tipo,Privada,91,2026-08-19 07:01:00.000000,INT
Ponte Nova,area,Urbana,357,2026-08-19 07:01:00.000000,INT
Ponte Nova,area,Rural,3,2026-08-19 07:01:00.000000,INT
Ponte Nova,cidade,Ponte Nova - MG,227,2026-08-19 07:01:00.000000,INT
Ponte Nova,cidade,Urucânia - MG,20,2026-08-19 07:01:00.000000,INT
Ponte Nova,cidade,Amparo do Serra - MG,15,2026-08-19 07:01:00.000000,INT
Ponte Nova,cidade,Jequeri - MG,15,2026-08-19 07:01:00.000000,INT
Ponte Nova,cidade,Dom Silvério - MG,13,2026-08-19 07:01:00.000000,INT
Ponte Nova,cidade,Raul Soares - MG,10,2026-08-19 07:01:00.000000,INT
Ponte Nova,cidade,Rio Casca - MG,9,2026-08-19 07:01:00.000000,INT
Ponte Nova,cidade,Alvinópolis - MG,9,2026-08-19 07:01:00.000000,INT
Ponte Nova,cidade,Santa Cruz do Escalvado - MG,8,2026-08-19 07:01:00.000000,INT
Ponte Nova,cidade,Oratórios - MG,6,2026-08-19 07:01:00.000000,INT
Ponte Nova,cidade,Outra - OU,5,2026-08-19 07:01:00.000000,INT
Ponte Nova,cidade,Guaraciaba - MG,3,2026-08-19 07:01:00.000000,INT
Ponte Nova,cidade,Rio Doce - MG,3,2026-08-19 07:01:00.000000,INT
Ponte Nova,cidade,Sem-Peixe - MG,2,2026-08-19 07:01:00.000000,INT
Ponte Nova,cidade,Viçosa - MG,2,2026-08-19 07:01:00.000000,INT
Ribeirão das Neves,tipo,Pública Estadual,328,2026-08-19 07:01:00.000000,INT
Ribeirão das Neves,tipo,Pública Municipal,183,2026-08-19 07:01:00.000000,INT
Ribeirão das Neves,tipo,Privada,116,2026-08-19 07:01:00.000000,INT
Ribeirão das Neves,tipo,Pública Federal,3,2026-08-19 07:01:00.000000,INT
Ribeirão das Neves,area,Urbana,630,2026-08-19 07:01:00.000000,INT
Ribeirão das Neves,cidade,Ribeirão das Neves - MG,373,2026-08-19 07:01:00.000000,INT
Ribeirão das Neves,cidade,Belo Horizonte - MG,169,2026-08-19 07:01:00.000000,INT
Ribeirão das Neves,cidade,Esmeraldas - MG,24,2026-08-19 07:01:00.000000,INT
Ribeirão das Neves,cidade,Outra - OU,17,2026-08-19 07:01:00.000000,INT
Ribeirão das Neves,cidade,São José da Lapa - MG,16,2026-08-19 07:01:00.000000,INT
Ribeirão das Neves,cidade,Contagem - MG,15,2026-08-19 07:01:00.000000,INT
Ribeirão das Neves,cidade,Vespasiano - MG,4,2026-08-19 07:01:00.000000,INT
Ribeirão das Neves,cidade,Itamarandiba - MG,1,2026-08-19 07:01:00.000000,INT
Ribeirão das Neves,cidade,Matozinhos - MG,1,2026-08-19 07:01:00.000000,INT
Ribeirão das Neves,cidade,Pedro Leopoldo - MG,1,2026-08-19 07:01:00.000000,INT
Ribeirão das Neves,cidade,Santa Rita do Itueto - MG,1,2026-08-19 07:01:00.000000,INT
Ribeirão das Neves,cidade,Brumadinho - MG,1,2026-08-19 07:01:00.000000,INT
Ribeirão das Neves,cidade,Confins - MG,1,2026-08-19 07:01:00.000000,INT
Ribeirão das Neves,cidade,Ibirité - MG,1,2026-08-19 07:01:00.000000,INT
Ribeirão das Neves,cidade,Lagoa Santa - MG,1,2026-08-19 07:01:00.000000,INT
Sabará,tipo,Pública Estadual,237,2026-08-19 07:01:00.000000,INT
Sabará,tipo,Pública Municipal,157,2026-08-19 07:01:00.000000,INT
Sabará,tipo,Privada,126,2026-08-19 07:01:00.000000,INT
Sabará,tipo,Pública Federal,5,2026-08-19 07:01:00.000000,INT
Sabará,area,Urbana,525,2026-08-19 07:01:00.000000,INT
Sabará,cidade,Sabará - MG,285,2026-08-19 07:01:00.000000,INT
Sabará,cidade,Belo Horizonte - MG,176,2026-08-19 07:01:00.000000,INT
Sabará,cidade,Caeté - MG,40,2026-08-19 07:01:00.000000,INT
Sabará,cidade,Outra - OU,8,2026-08-19 07:01:00.000000,INT
Sabará,cidade,Santa Luzia - MG,6,2026-08-19 07:01:00.000000,INT
Sabará,cidade,Nova Lima - MG,5,2026-08-19 07:01:00.000000,INT
Sabará,cidade,Contagem - MG,2,2026-08-19 07:01:00.000000,INT
Sabará,cidade,Carmópolis de Minas - MG,1,2026-08-19 07:01:00.000000,INT
Sabará,cidade,Jaboticatubas - MG,1,2026-08-19 07:01:00.000000,INT
Sabará,cidade,São José da Lapa - MG,1,2026-08-19 07:01:00.000000,INT
Santa Luzia,tipo,Pública Estadual,196,2026-08-19 07:01:00.000000,INT
Santa Luzia,tipo,Pública Municipal,155,2026-08-19 07:01:00.000000,INT
Santa Luzia,tipo,Privada,125,2026-08-19 07:01:00.000000,INT
Santa Luzia,tipo,Pública Federal,6,2026-08-19 07:01:00.000000,INT
Santa Luzia,area,Urbana,482,2026-08-19 07:01:00.000000,INT
Santa Luzia,cidade,Santa Luzia - MG,283,2026-08-19 07:01:00.000000,INT
Santa Luzia,cidade,Belo Horizonte - MG,129,2026-08-19 07:01:00.000000,INT
Santa Luzia,cidade,Vespasiano - MG,20,2026-08-19 07:01:00.000000,INT
Santa Luzia,cidade,Outra - OU,13,2026-08-19 07:01:00.000000,INT
Santa Luzia,cidade,Lagoa Santa - MG,9,2026-08-19 07:01:00.000000,INT
Santa Luzia,cidade,São José da Lapa - MG,6,2026-08-19 07:01:00.000000,INT
Santa Luzia,cidade,Pedro Leopoldo - MG,4,2026-08-19 07:01:00.000000,INT
Santa Luzia,cidade,Brasília - DF,2,2026-08-19 07:01:00.000000,INT
Santa Luzia,cidade,Contagem - MG,2,2026-08-19 07:01:00.000000,INT
Santa Luzia,cidade,Sabará - MG,2,2026-08-19 07:01:00.000000,INT
Santa Luzia,cidade,Alvarenga - MG,1,2026-08-19 07:01:00.000000,INT
Santa Luzia,cidade,Caeté - MG,1,2026-08-19 07:01:00.000000,INT
Santa Luzia,cidade,Jaboticatubas - MG,1,2026-08-19 07:01:00.000000,INT
Santa Luzia,cidade,Mateus Leme - MG,1,2026-08-19 07:01:00.000000,INT
Santa Luzia,cidade,Montes Claros - MG,1,2026-08-19 07:01:00.000000,INT
São João Evangelista,tipo,Pública Estadual,414,2026-08-19 07:01:00.000000,INT
São João Evangelista,tipo,Privada,30,2026-08-19 07:01:00.000000,INT
São João Evangelista,tipo,Pública Municipal,15,2026-08-19 07:01:00.000000,INT
São João Evangelista,area,Urbana,444,2026-08-19 07:01:00.000000,INT
São João Evangelista,area,Rural,15,2026-08-19 07:01:00.000000,INT
São João Evangelista,cidade,Guanhães - MG,96,2026-08-19 07:01:00.000000,INT
São João Evangelista,cidade,São João Evangelista - MG,80,2026-08-19 07:01:00.000000,INT
São João Evangelista,cidade,Peçanha - MG,31,2026-08-19 07:01:00.000000,INT
São João Evangelista,cidade,Coluna - MG,26,2026-08-19 07:01:00.000000,INT
São João Evangelista,cidade,Santa Maria do Suaçuí - MG,24,2026-08-19 07:01:00.000000,INT
São João Evangelista,cidade,Virginópolis - MG,23,2026-08-19 07:01:00.000000,INT
São João Evangelista,cidade,São Pedro do Suaçuí - MG,16,2026-08-19 07:01:00.000000,INT
São João Evangelista,cidade,Capelinha - MG,15,2026-08-19 07:01:00.000000,INT
São João Evangelista,cidade,Cantagalo - MG,11,2026-08-19 07:01:00.000000,INT
São João Evangelista,cidade,São José do Jacuri - MG,11,2026-08-19 07:01:00.000000,INT
São João Evangelista,cidade,Divinolândia de Minas - MG,9,2026-08-19 07:01:00.000000,INT
São João Evangelista,cidade,Frei Lagonegro - MG,9,2026-08-19 07:01:00.000000,INT
São João Evangelista,cidade,Dom Joaquim - MG,8,2026-08-19 07:01:00.000000,INT
São João Evangelista,cidade,Angelândia - MG,8,2026-08-19 07:01:00.000000,INT
São João Evangelista,cidade,São Sebastião do Maranhão - MG,8,2026-08-19 07:01:00.000000,INT
Todas as unidades,tipo,Pública Estadual,429,2026-08-19 07:01:00.000000,SUB
Todas as unidades,tipo,Privada,68,2026-08-19 07:01:00.000000,SUB
Todas as unidades,tipo,Pública Federal,23,2026-08-19 07:01:00.000000,SUB
Todas as unidades,tipo,Pública Municipal,13,2026-08-19 07:01:00.000000,SUB
Todas as unidades,area,Urbana,525,2026-08-19 07:01:00.000000,SUB
Todas as unidades,area,Rural,8,2026-08-19 07:01:00.000000,SUB
Todas as unidades,cidade,Belo Horizonte - MG,41,2026-08-19 07:01:00.000000,SUB
Todas as unidades,cidade,Conselheiro Lafaiete - MG,37,2026-08-19 07:01:00.000000,SUB
Todas as unidades,cidade,Santa Luzia - MG,36,2026-08-19 07:01:00.000000,SUB
Todas as unidades,cidade,Ouro Preto - MG,31,2026-08-19 07:01:00.000000,SUB
Todas as unidades,cidade,Outra - OU,26,2026-08-19 07:01:00.000000,SUB
Todas as unidades,cidade,Piumhi - MG,23,2026-08-19 07:01:00.000000,SUB
Todas as unidades,cidade,Congonhas - MG,21,2026-08-19 07:01:00.000000,SUB
Todas as unidades,cidade,Ribeirão das Neves - MG,18,2026-08-19 07:01:00.000000,SUB
Todas as unidades,cidade,Governador Valadares - MG,11,2026-08-19 07:01:00.000000,SUB
Todas as unidades,cidade,Ipatinga - MG,10,2026-08-19 07:01:00.000000,SUB
Todas as unidades,cidade,Mariana - MG,10,2026-08-19 07:01:00.000000,SUB
Todas as unidades,cidade,Contagem - MG,7,2026-08-19 07:01:00.000000,SUB
Todas as unidades,cidade,Betim - MG,6,2026-08-19 07:01:00.000000,SUB
Todas as unidades,cidade,Salvador - BA,6,2026-08-19 07:01:00.000000,SUB
Todas as unidades,cidade,Pimenta - MG,6,2026-08-19 07:01:00.000000,SUB
Bambuí,tipo,Pública Estadual,8,2026-08-19 07:01:00.000000,SUB
Bambuí,tipo,Privada,4,2026-08-19 07:01:00.000000,SUB
Bambuí,tipo,Pública Municipal,3,2026-08-19 07:01:00.000000,SUB
Bambuí,area,Urbana,12,2026-08-19 07:01:00.000000,SUB
Bambuí,area,Rural,3,2026-08-19 07:01:00.000000,SUB
Bambuí,cidade,Bambuí - MG,3,2026-08-19 07:01:00.000000,SUB
Bambuí,cidade,Formiga - MG,2,2026-08-19 07:01:00.000000,SUB
Bambuí,cidade,Arcos - MG,1,2026-08-19 07:01:00.000000,SUB
Bambuí,cidade,Belo Horizonte - MG,1,2026-08-19 07:01:00.000000,SUB
Bambuí,cidade,Perdões - MG,1,2026-08-19 07:01:00.000000,SUB
Bambuí,cidade,Santa Rosa da Serra - MG,1,2026-08-19 07:01:00.000000,SUB
Bambuí,cidade,Leme - SP,1,2026-08-19 07:01:00.000000,SUB
Bambuí,cidade,Santa Filomena - PE,1,2026-08-19 07:01:00.000000,SUB
Bambuí,cidade,Caraí - MG,1,2026-08-19 07:01:00.000000,SUB
Bambuí,cidade,Oliveira - MG,1,2026-08-19 07:01:00.000000,SUB
Bambuí,cidade,Pimenta - MG,1,2026-08-19 07:01:00.000000,SUB
Bambuí,cidade,Campinas - SP,1,2026-08-19 07:01:00.000000,SUB
Congonhas,tipo,Pública Estadual,22,2026-08-19 07:01:00.000000,SUB
Congonhas,tipo,Privada,2,2026-08-19 07:01:00.000000,SUB
Congonhas,area,Urbana,24,2026-08-19 07:01:00.000000,SUB
Congonhas,cidade,Congonhas - MG,15,2026-08-19 07:01:00.000000,SUB
Congonhas,cidade,Oriximiná - PA,1,2026-08-19 07:01:00.000000,SUB
Congonhas,cidade,Betim - MG,1,2026-08-19 07:01:00.000000,SUB
Congonhas,cidade,Entre Rios de Minas - MG,1,2026-08-19 07:01:00.000000,SUB
Congonhas,cidade,São Brás do Suaçuí - MG,1,2026-08-19 07:01:00.000000,SUB
Congonhas,cidade,Ubiratã - PR,1,2026-08-19 07:01:00.000000,SUB
Congonhas,cidade,Maceió - AL,1,2026-08-19 07:01:00.000000,SUB
Congonhas,cidade,Sabará - MG,1,2026-08-19 07:01:00.000000,SUB
Congonhas,cidade,Barrinha - SP,1,2026-08-19 07:01:00.000000,SUB
Congonhas,cidade,Outra - OU,1,2026-08-19 07:01:00.000000,SUB
Conselheiro Lafaiete,tipo,Pública Estadual,48,2026-08-19 07:01:00.000000,SUB
Conselheiro Lafaiete,tipo,Pública Municipal,6,2026-08-19 07:01:00.000000,SUB
Conselheiro Lafaiete,tipo,Privada,5,2026-08-19 07:01:00.000000,SUB
Conselheiro Lafaiete,tipo,Pública Federal,1,2026-08-19 07:01:00.000000,SUB
Conselheiro Lafaiete,area,Urbana,60,2026-08-19 07:01:00.000000,SUB
Conselheiro Lafaiete,cidade,Conselheiro Lafaiete - MG,35,2026-08-19 07:01:00.000000,SUB
Conselheiro Lafaiete,cidade,Congonhas - MG,4,2026-08-19 07:01:00.000000,SUB
Conselheiro Lafaiete,cidade,Barbacena - MG,3,2026-08-19 07:01:00.000000,SUB
Conselheiro Lafaiete,cidade,Entre Rios de Minas - MG,2,2026-08-19 07:01:00.000000,SUB
Conselheiro Lafaiete,cidade,Ouro Branco - MG,2,2026-08-19 07:01:00.000000,SUB
Conselheiro Lafaiete,cidade,Senhora de Oliveira - MG,2,2026-08-19 07:01:00.000000,SUB
Conselheiro Lafaiete,cidade,Outra - OU,2,2026-08-19 07:01:00.000000,SUB
Conselheiro Lafaiete,cidade,Nova Lima - MG,1,2026-08-19 07:01:00.000000,SUB
Conselheiro Lafaiete,cidade,Ouro Preto - MG,1,2026-08-19 07:01:00.000000,SUB
Conselheiro Lafaiete,cidade,Piranga - MG,1,2026-08-19 07:01:00.000000,SUB
Conselheiro Lafaiete,cidade,Varginha - MG,1,2026-08-19 07:01:00.000000,SUB
Conselheiro Lafaiete,cidade,Mairiporã - SP,1,2026-08-19 07:01:00.000000,SUB
Conselheiro Lafaiete,cidade,Carandaí - MG,1,2026-08-19 07:01:00.000000,SUB
Conselheiro Lafaiete,cidade,Guanhães - MG,1,2026-08-19 07:01:00.000000,SUB
Conselheiro Lafaiete,cidade,Patos de Minas - MG,1,2026-08-19 07:01:00.000000,SUB
Governador Valadares,tipo,Pública Estadual,17,2026-08-19 07:01:00.000000,SUB
Governador Valadares,tipo,Privada,3,2026-08-19 07:01:00.000000,SUB
Governador Valadares,tipo,Pública Municipal,1,2026-08-19 07:01:00.000000,SUB
Governador Valadares,area,Urbana,21,2026-08-19 07:01:00.000000,SUB
Governador Valadares,cidade,Governador Valadares - MG,10,2026-08-19 07:01:00.000000,SUB
Governador Valadares,cidade,Outra - OU,2,2026-08-19 07:01:00.000000,SUB
Governador Valadares,cidade,Galiléia - MG,2,2026-08-19 07:01:00.000000,SUB
Governador Valadares,cidade,Resplendor - MG,1,2026-08-19 07:01:00.000000,SUB
Governador Valadares,cidade,São Félix de Minas - MG,1,2026-08-19 07:01:00.000000,SUB
Governador Valadares,cidade,São Mateus - ES,1,2026-08-19 07:01:00.000000,SUB
Governador Valadares,cidade,Itabuna - BA,1,2026-08-19 07:01:00.000000,SUB
Governador Valadares,cidade,Santa Maria do Suaçuí - MG,1,2026-08-19 07:01:00.000000,SUB
Governador Valadares,cidade,São Domingos do Norte - ES,1,2026-08-19 07:01:00.000000,SUB
Governador Valadares,cidade,São Paulo - SP,1,2026-08-19 07:01:00.000000,SUB
Ipatinga,tipo,Pública Estadual,29,2026-08-19 07:01:00.000000,SUB
Ipatinga,tipo,Pública Municipal,1,2026-08-19 07:01:00.000000,SUB
Ipatinga,tipo,Pública Federal,1,2026-08-19 07:01:00.000000,SUB
Ipatinga,tipo,Privada,1,2026-08-19 07:01:00.000000,SUB
Ipatinga,area,Urbana,32,2026-08-19 07:01:00.000000,SUB
Ipatinga,cidade,Ipatinga - MG,10,2026-08-19 07:01:00.000000,SUB
Ipatinga,cidade,Timóteo - MG,3,2026-08-19 07:01:00.000000,SUB
Ipatinga,cidade,Santana do Paraíso - MG,3,2026-08-19 07:01:00.000000,SUB
Ipatinga,cidade,Coronel Fabriciano - MG,3,2026-08-19 07:01:00.000000,SUB
Ipatinga,cidade,Outra - OU,1,2026-08-19 07:01:00.000000,SUB
Ipatinga,cidade,Açucena - MG,1,2026-08-19 07:01:00.000000,SUB
Ipatinga,cidade,Belo Horizonte - MG,1,2026-08-19 07:01:00.000000,SUB
Ipatinga,cidade,Carlos Chagas - MG,1,2026-08-19 07:01:00.000000,SUB
Ipatinga,cidade,Dores de Guanhães - MG,1,2026-08-19 07:01:00.000000,SUB
Ipatinga,cidade,Mesquita - MG,1,2026-08-19 07:01:00.000000,SUB
Ipatinga,cidade,São Paulo - SP,1,2026-08-19 07:01:00.000000,SUB
Ipatinga,cidade,Salvador - BA,1,2026-08-19 07:01:00.000000,SUB
Ipatinga,cidade,Araçuaí - MG,1,2026-08-19 07:01:00.000000,SUB
Ipatinga,cidade,Bom Jesus do Galho - MG,1,2026-08-19 07:01:00.000000,SUB
Ipatinga,cidade,Iapu - MG,1,2026-08-19 07:01:00.000000,SUB
Ouro Preto,tipo,Pública Estadual,66,2026-08-19 07:01:00.000000,SUB
Ouro Preto,tipo,Privada,14,2026-08-19 07:01:00.000000,SUB
Ouro Preto,tipo,Pública Federal,3,2026-08-19 07:01:00.000000,SUB
Ouro Preto,tipo,Pública Municipal,1,2026-08-19 07:01:00.000000,SUB
Ouro Preto,area,Urbana,84,2026-08-19 07:01:00.000000,SUB
Ouro Preto,cidade,Ouro Preto - MG,30,2026-08-19 07:01:00.000000,SUB
Ouro Preto,cidade,Mariana - MG,10,2026-08-19 07:01:00.000000,SUB
Ouro Preto,cidade,Outra - OU,4,2026-08-19 07:01:00.000000,SUB
Ouro Preto,cidade,Belo Horizonte - MG,4,2026-08-19 07:01:00.000000,SUB
Ouro Preto,cidade,Catas Altas - MG,3,2026-08-19 07:01:00.000000,SUB
Ouro Preto,cidade,Itabirito - MG,2,2026-08-19 07:01:00.000000,SUB
Ouro Preto,cidade,Muriaé - MG,2,2026-08-19 07:01:00.000000,SUB
Ouro Preto,cidade,Congonhas - MG,2,2026-08-19 07:01:00.000000,SUB
Ouro Preto,cidade,Salvador - BA,2,2026-08-19 07:01:00.000000,SUB
Ouro Preto,cidade,Niterói - RJ,1,2026-08-19 07:01:00.000000,SUB
Ouro Preto,cidade,Tambaú - SP,1,2026-08-19 07:01:00.000000,SUB
Ouro Preto,cidade,João Monlevade - MG,1,2026-08-19 07:01:00.000000,SUB
Ouro Preto,cidade,Laranjal do Jari - AP,1,2026-08-19 07:01:00.000000,SUB
Ouro Preto,cidade,Ilhéus - BA,1,2026-08-19 07:01:00.000000,SUB
Ouro Preto,cidade,Santana - BA,1,2026-08-19 07:01:00.000000,SUB
Piumhi,tipo,Pública Estadual,35,2026-08-19 07:01:00.000000,SUB
Piumhi,tipo,Privada,5,2026-08-19 07:01:00.000000,SUB
Piumhi,tipo,Pública Federal,3,2026-08-19 07:01:00.000000,SUB
Piumhi,area,Urbana,42,2026-08-19 07:01:00.000000,SUB
Piumhi,area,Rural,1,2026-08-19 07:01:00.000000,SUB
Piumhi,cidade,Piumhi - MG,23,2026-08-19 07:01:00.000000,SUB
Piumhi,cidade,Pimenta - MG,5,2026-08-19 07:01:00.000000,SUB
Piumhi,cidade,Franca - SP,2,2026-08-19 07:01:00.000000,SUB
Piumhi,cidade,Doresópolis - MG,2,2026-08-19 07:01:00.000000,SUB
Piumhi,cidade,São Roque de Minas - MG,2,2026-08-19 07:01:00.000000,SUB
Piumhi,cidade,Outra - OU,1,2026-08-19 07:01:00.000000,SUB
Piumhi,cidade,Icó - CE,1,2026-08-19 07:01:00.000000,SUB
Piumhi,cidade,Arcos - MG,1,2026-08-19 07:01:00.000000,SUB
Piumhi,cidade,Belo Horizonte - MG,1,2026-08-19 07:01:00.000000,SUB
Piumhi,cidade,São Francisco - MG,1,2026-08-19 07:01:00.000000,SUB
Piumhi,cidade,Vargem Bonita - MG,1,2026-08-19 07:01:00.000000,SUB
Piumhi,cidade,Rio Verde - GO,1,2026-08-19 07:01:00.000000,SUB
Piumhi,cidade,Ibicuí - BA,1,2026-08-19 07:01:00.000000,SUB
Piumhi,cidade,Bambuí - MG,1,2026-08-19 07:01:00.000000,SUB
Ribeirão das Neves,tipo,Pública Estadual,131,2026-08-19 07:01:00.000000,SUB
Ribeirão das Neves,tipo,Privada,22,2026-08-19 07:01:00.000000,SUB
Ribeirão das Neves,tipo,Pública Federal,9,2026-08-19 07:01:00.000000,SUB
Ribeirão das Neves,tipo,Pública Municipal,1,2026-08-19 07:01:00.000000,SUB
Ribeirão das Neves,area,Urbana,160,2026-08-19 07:01:00.000000,SUB
Ribeirão das Neves,area,Rural,3,2026-08-19 07:01:00.000000,SUB
Ribeirão das Neves,cidade,Belo Horizonte - MG,18,2026-08-19 07:01:00.000000,SUB
Ribeirão das Neves,cidade,Ribeirão das Neves - MG,17,2026-08-19 07:01:00.000000,SUB
Ribeirão das Neves,cidade,Outra - OU,11,2026-08-19 07:01:00.000000,SUB
Ribeirão das Neves,cidade,Contagem - MG,5,2026-08-19 07:01:00.000000,SUB
Ribeirão das Neves,cidade,Salvador - BA,3,2026-08-19 07:01:00.000000,SUB
Ribeirão das Neves,cidade,Campos dos Goytacazes - RJ,3,2026-08-19 07:01:00.000000,SUB
Ribeirão das Neves,cidade,São Paulo - SP,2,2026-08-19 07:01:00.000000,SUB
Ribeirão das Neves,cidade,Vila Velha - ES,2,2026-08-19 07:01:00.000000,SUB
Ribeirão das Neves,cidade,Betim - MG,2,2026-08-19 07:01:00.000000,SUB
Ribeirão das Neves,cidade,Volta Redonda - RJ,2,2026-08-19 07:01:00.000000,SUB
Ribeirão das Neves,cidade,Cataguases - MG,2,2026-08-19 07:01:00.000000,SUB
Ribeirão das Neves,cidade,Matozinhos - MG,2,2026-08-19 07:01:00.000000,SUB
Ribeirão das Neves,cidade,São Bernardo do Campo - SP,2,2026-08-19 07:01:00.000000,SUB
Ribeirão das Neves,cidade,Vespasiano - MG,2,2026-08-19 07:01:00.000000,SUB
Ribeirão das Neves,cidade,Itaobim - MG,2,2026-08-19 07:01:00.000000,SUB
Santa Luzia,tipo,Pública Estadual,73,2026-08-19 07:01:00.000000,SUB
Santa Luzia,tipo,Privada,12,2026-08-19 07:01:00.000000,SUB
Santa Luzia,tipo,Pública Federal,6,2026-08-19 07:01:00.000000,SUB
Santa Luzia,area,Urbana,90,2026-08-19 07:01:00.000000,SUB
Santa Luzia,area,Rural,1,2026-08-19 07:01:00.000000,SUB
Santa Luzia,cidade,Santa Luzia - MG,35,2026-08-19 07:01:00.000000,SUB
Santa Luzia,cidade,Belo Horizonte - MG,16,2026-08-19 07:01:00.000000,SUB
Santa Luzia,cidade,Outra - OU,4,2026-08-19 07:01:00.000000,SUB
Santa Luzia,cidade,Sabará - MG,2,2026-08-19 07:01:00.000000,SUB
Santa Luzia,cidade,Contagem - MG,2,2026-08-19 07:01:00.000000,SUB
Santa Luzia,cidade,São Paulo - SP,2,2026-08-19 07:01:00.000000,SUB
Santa Luzia,cidade,Betim - MG,2,2026-08-19 07:01:00.000000,SUB
Santa Luzia,cidade,Corinto - MG,1,2026-08-19 07:01:00.000000,SUB
Santa Luzia,cidade,Niterói - RJ,1,2026-08-19 07:01:00.000000,SUB
Santa Luzia,cidade,Itabira - MG,1,2026-08-19 07:01:00.000000,SUB
Santa Luzia,cidade,Guaratinguetá - SP,1,2026-08-19 07:01:00.000000,SUB
Santa Luzia,cidade,Lavras - MG,1,2026-08-19 07:01:00.000000,SUB
Santa Luzia,cidade,Manaus - AM,1,2026-08-19 07:01:00.000000,SUB
Santa Luzia,cidade,Santo Inácio - PR,1,2026-08-19 07:01:00.000000,SUB
Santa Luzia,cidade,Queluzito - MG,1,2026-08-19 07:01:00.000000,SUB
Todas as unidades,tipo,Pública Estadual,1316,2026-08-19 07:01:00.000000,SUP
Todas as unidades,tipo,Pública Federal,259,2026-08-19 07:01:00.000000,SUP
Todas as unidades,tipo,Privada,220,2026-08-19 07:01:00.000000,SUP
Todas as unidades,tipo,Pública Municipal,43,2026-08-19 07:01:00.000000,SUP
Todas as unidades,area,Urbana,1773,2026-08-19 07:01:00.000000,SUP
Todas as unidades,area,Rural,65,2026-08-19 07:01:00.000000,SUP
Todas as unidades,cidade,Belo Horizonte - MG,216,2026-08-19 07:01:00.000000,SUP
Todas as unidades,cidade,Ribeirão das Neves - MG,106,2026-08-19 07:01:00.000000,SUP
Todas as unidades,cidade,Ouro Branco - MG,103,2026-08-19 07:01:00.000000,SUP
Todas as unidades,cidade,Betim - MG,96,2026-08-19 07:01:00.000000,SUP
Todas as unidades,cidade,Arcos - MG,82,2026-08-19 07:01:00.000000,SUP
Todas as unidades,cidade,Bambuí - MG,76,2026-08-19 07:01:00.000000,SUP
Todas as unidades,cidade,Sabará - MG,73,2026-08-19 07:01:00.000000,SUP
Todas as unidades,cidade,Formiga - MG,73,2026-08-19 07:01:00.000000,SUP
Todas as unidades,cidade,Outra - OU,58,2026-08-19 07:01:00.000000,SUP
Todas as unidades,cidade,Santa Luzia - MG,57,2026-08-19 07:01:00.000000,SUP
Todas as unidades,cidade,Congonhas - MG,56,2026-08-19 07:01:00.000000,SUP
Todas as unidades,cidade,Contagem - MG,51,2026-08-19 07:01:00.000000,SUP
Todas as unidades,cidade,Governador Valadares - MG,51,2026-08-19 07:01:00.000000,SUP
Todas as unidades,cidade,Ouro Preto - MG,44,2026-08-19 07:01:00.000000,SUP
Todas as unidades,cidade,Conselheiro Lafaiete - MG,42,2026-08-19 07:01:00.000000,SUP
Arcos,tipo,Pública Estadual,103,2026-08-19 07:01:00.000000,SUP
Arcos,tipo,Privada,19,2026-08-19 07:01:00.000000,SUP
Arcos,tipo,Pública Federal,16,2026-08-19 07:01:00.000000,SUP
Arcos,tipo,Pública Municipal,1,2026-08-19 07:01:00.000000,SUP
Arcos,area,Urbana,134,2026-08-19 07:01:00.000000,SUP
Arcos,area,Rural,5,2026-08-19 07:01:00.000000,SUP
Arcos,cidade,Arcos - MG,63,2026-08-19 07:01:00.000000,SUP
Arcos,cidade,Formiga - MG,14,2026-08-19 07:01:00.000000,SUP
Arcos,cidade,Iguatama - MG,7,2026-08-19 07:01:00.000000,SUP
Arcos,cidade,Lagoa da Prata - MG,6,2026-08-19 07:01:00.000000,SUP
Arcos,cidade,Bambuí - MG,5,2026-08-19 07:01:00.000000,SUP
Arcos,cidade,Outra - OU,4,2026-08-19 07:01:00.000000,SUP
Arcos,cidade,Belo Horizonte - MG,4,2026-08-19 07:01:00.000000,SUP
Arcos,cidade,Piumhi - MG,3,2026-08-19 07:01:00.000000,SUP
Arcos,cidade,Pains - MG,2,2026-08-19 07:01:00.000000,SUP
Arcos,cidade,Contagem - MG,2,2026-08-19 07:01:00.000000,SUP
Arcos,cidade,Florestal - MG,2,2026-08-19 07:01:00.000000,SUP
Arcos,cidade,Porto Velho - RO,1,2026-08-19 07:01:00.000000,SUP
Arcos,cidade,Uberaba - MG,1,2026-08-19 07:01:00.000000,SUP
Arcos,cidade,São Gabriel da Cachoeira - AM,1,2026-08-19 07:01:00.000000,SUP
Arcos,cidade,Nova Iguaçu - RJ,1,2026-08-19 07:01:00.000000,SUP
Bambuí,tipo,Pública Estadual,114,2026-08-19 07:01:00.000000,SUP
Bambuí,tipo,Pública Federal,47,2026-08-19 07:01:00.000000,SUP
Bambuí,tipo,Privada,28,2026-08-19 07:01:00.000000,SUP
Bambuí,tipo,Pública Municipal,5,2026-08-19 07:01:00.000000,SUP
Bambuí,area,Urbana,156,2026-08-19 07:01:00.000000,SUP
Bambuí,area,Rural,38,2026-08-19 07:01:00.000000,SUP
Bambuí,cidade,Bambuí - MG,69,2026-08-19 07:01:00.000000,SUP
Bambuí,cidade,Belo Horizonte - MG,9,2026-08-19 07:01:00.000000,SUP
Bambuí,cidade,Piumhi - MG,9,2026-08-19 07:01:00.000000,SUP
Bambuí,cidade,Arcos - MG,7,2026-08-19 07:01:00.000000,SUP
Bambuí,cidade,Divinópolis - MG,7,2026-08-19 07:01:00.000000,SUP
Bambuí,cidade,Lagoa da Prata - MG,6,2026-08-19 07:01:00.000000,SUP
Bambuí,cidade,Medeiros - MG,5,2026-08-19 07:01:00.000000,SUP
Bambuí,cidade,Dores do Indaiá - MG,5,2026-08-19 07:01:00.000000,SUP
Bambuí,cidade,Araxá - MG,5,2026-08-19 07:01:00.000000,SUP
Bambuí,cidade,Ipatinga - MG,4,2026-08-19 07:01:00.000000,SUP
Bambuí,cidade,Luz - MG,4,2026-08-19 07:01:00.000000,SUP
Bambuí,cidade,Bom Despacho - MG,3,2026-08-19 07:01:00.000000,SUP
Bambuí,cidade,Outra - OU,3,2026-08-19 07:01:00.000000,SUP
Bambuí,cidade,Betim - MG,3,2026-08-19 07:01:00.000000,SUP
Bambuí,cidade,Martinho Campos - MG,2,2026-08-19 07:01:00.000000,SUP
Betim,tipo,Pública Estadual,111,2026-08-19 07:01:00.000000,SUP
Betim,tipo,Pública Federal,33,2026-08-19 07:01:00.000000,SUP
Betim,tipo,Privada,24,2026-08-19 07:01:00.000000,SUP
Betim,tipo,Pública Municipal,5,2026-08-19 07:01:00.000000,SUP
Betim,area,Urbana,169,2026-08-19 07:01:00.000000,SUP
Betim,area,Rural,4,2026-08-19 07:01:00.000000,SUP
Betim,cidade,Betim - MG,83,2026-08-19 07:01:00.000000,SUP
Betim,cidade,Contagem - MG,29,2026-08-19 07:01:00.000000,SUP
Betim,cidade,Belo Horizonte - MG,15,2026-08-19 07:01:00.000000,SUP
Betim,cidade,Outra - OU,9,2026-08-19 07:01:00.000000,SUP
Betim,cidade,Ibirité - MG,6,2026-08-19 07:01:00.000000,SUP
Betim,cidade,Igarapé - MG,3,2026-08-19 07:01:00.000000,SUP
Betim,cidade,Sarzedo - MG,3,2026-08-19 07:01:00.000000,SUP
Betim,cidade,São Joaquim de Bicas - MG,2,2026-08-19 07:01:00.000000,SUP
Betim,cidade,Mateus Leme - MG,2,2026-08-19 07:01:00.000000,SUP
Betim,cidade,Esmeraldas - MG,1,2026-08-19 07:01:00.000000,SUP
Betim,cidade,Santa Bárbara d'Oeste - SP,1,2026-08-19 07:01:00.000000,SUP
Betim,cidade,Formiga - MG,1,2026-08-19 07:01:00.000000,SUP
Betim,cidade,Sumaré - SP,1,2026-08-19 07:01:00.000000,SUP
Betim,cidade,Governador Valadares - MG,1,2026-08-19 07:01:00.000000,SUP
Betim,cidade,São Domingos do Capim - PA,1,2026-08-19 07:01:00.000000,SUP
Congonhas,tipo,Pública Estadual,57,2026-08-19 07:01:00.000000,SUP
Congonhas,tipo,Pública Federal,5,2026-08-19 07:01:00.000000,SUP
Congonhas,tipo,Privada,3,2026-08-19 07:01:00.000000,SUP
Congonhas,tipo,Pública Municipal,1,2026-08-19 07:01:00.000000,SUP
Congonhas,area,Urbana,66,2026-08-19 07:01:00.000000,SUP
Congonhas,cidade,Congonhas - MG,39,2026-08-19 07:01:00.000000,SUP
Congonhas,cidade,Conselheiro Lafaiete - MG,7,2026-08-19 07:01:00.000000,SUP
Congonhas,cidade,Belo Horizonte - MG,4,2026-08-19 07:01:00.000000,SUP
Congonhas,cidade,São Brás do Suaçuí - MG,2,2026-08-19 07:01:00.000000,SUP
Congonhas,cidade,Carandaí - MG,2,2026-08-19 07:01:00.000000,SUP
Congonhas,cidade,Piranga - MG,1,2026-08-19 07:01:00.000000,SUP
Congonhas,cidade,Santa Bárbara - MG,1,2026-08-19 07:01:00.000000,SUP
Congonhas,cidade,Barrinha - SP,1,2026-08-19 07:01:00.000000,SUP
Congonhas,cidade,Belém - PA,1,2026-08-19 07:01:00.000000,SUP
Congonhas,cidade,Belo Vale - MG,1,2026-08-19 07:01:00.000000,SUP
Congonhas,cidade,Curvelo - MG,1,2026-08-19 07:01:00.000000,SUP
Congonhas,cidade,Itaguara - MG,1,2026-08-19 07:01:00.000000,SUP
Congonhas,cidade,Pará de Minas - MG,1,2026-08-19 07:01:00.000000,SUP
Congonhas,cidade,Resende Costa - MG,1,2026-08-19 07:01:00.000000,SUP
Congonhas,cidade,Outra - OU,1,2026-08-19 07:01:00.000000,SUP
Formiga,tipo,Pública Estadual,66,2026-08-19 07:01:00.000000,SUP
Formiga,tipo,Pública Federal,20,2026-08-19 07:01:00.000000,SUP
Formiga,tipo,Privada,14,2026-08-19 07:01:00.000000,SUP
Formiga,tipo,Pública Municipal,1,2026-08-19 07:01:00.000000,SUP
Formiga,area,Urbana,99,2026-08-19 07:01:00.000000,SUP
Formiga,area,Rural,2,2026-08-19 07:01:00.000000,SUP
Formiga,cidade,Formiga - MG,56,2026-08-19 07:01:00.000000,SUP
Formiga,cidade,Arcos - MG,12,2026-08-19 07:01:00.000000,SUP
Formiga,cidade,Lagoa da Prata - MG,5,2026-08-19 07:01:00.000000,SUP
Formiga,cidade,Campo Belo - MG,2,2026-08-19 07:01:00.000000,SUP
Formiga,cidade,Córrego Fundo - MG,2,2026-08-19 07:01:00.000000,SUP
Formiga,cidade,São Paulo - SP,2,2026-08-19 07:01:00.000000,SUP
Formiga,cidade,Salvador - BA,2,2026-08-19 07:01:00.000000,SUP
Formiga,cidade,Rio de Janeiro - RJ,2,2026-08-19 07:01:00.000000,SUP
Formiga,cidade,São João Evangelista - MG,1,2026-08-19 07:01:00.000000,SUP
Formiga,cidade,Guarapari - ES,1,2026-08-19 07:01:00.000000,SUP
Formiga,cidade,Cláudio - MG,1,2026-08-19 07:01:00.000000,SUP
Formiga,cidade,Franca - SP,1,2026-08-19 07:01:00.000000,SUP
Formiga,cidade,Itapecerica - MG,1,2026-08-19 07:01:00.000000,SUP
Formiga,cidade,Oliveira - MG,1,2026-08-19 07:01:00.000000,SUP
Formiga,cidade,Pedra do Indaiá - MG,1,2026-08-19 07:01:00.000000,SUP
Governador Valadares,tipo,Pública Estadual,81,2026-08-19 07:01:00.000000,SUP
Governador Valadares,tipo,Privada,8,2026-08-19 07:01:00.000000,SUP
Governador Valadares,tipo,Pública Federal,7,2026-08-19 07:01:00.000000,SUP
Governador Valadares,tipo,Pública Municipal,2,2026-08-19 07:01:00.000000,SUP
Governador Valadares,area,Urbana,98,2026-08-19 07:01:00.000000,SUP
Governador Valadares,cidade,Governador Valadares - MG,49,2026-08-19 07:01:00.000000,SUP
Governador Valadares,cidade,Frei Inocêncio - MG,3,2026-08-19 07:01:00.000000,SUP
Governador Valadares,cidade,São Paulo - SP,2,2026-08-19 07:01:00.000000,SUP
Governador Valadares,cidade,Outra - OU,2,2026-08-19 07:01:00.000000,SUP
Governador Valadares,cidade,Águas Formosas - MG,2,2026-08-19 07:01:00.000000,SUP
Governador Valadares,cidade,Coroaci - MG,2,2026-08-19 07:01:00.000000,SUP
Governador Valadares,cidade,Bujaru - PA,1,2026-08-19 07:01:00.000000,SUP
Governador Valadares,cidade,Teófilo Otoni - MG,1,2026-08-19 07:01:00.000000,SUP
Governador Valadares,cidade,Divinolândia de Minas - MG,1,2026-08-19 07:01:00.000000,SUP
Governador Valadares,cidade,Palmas - TO,1,2026-08-19 07:01:00.000000,SUP
Governador Valadares,cidade,Magé - RJ,1,2026-08-19 07:01:00.000000,SUP
Governador Valadares,cidade,Natal - RN,1,2026-08-19 07:01:00.000000,SUP
Governador Valadares,cidade,Canarana - BA,1,2026-08-19 07:01:00.000000,SUP
Governador Valadares,cidade,Matupá - MT,1,2026-08-19 07:01:00.000000,SUP
Governador Valadares,cidade,Ipatinga - MG,1,2026-08-19 07:01:00.000000,SUP
Ibirité,tipo,Pública Estadual,55,2026-08-19 07:01:00.000000,SUP
Ibirité,tipo,Privada,31,2026-08-19 07:01:00.000000,SUP
Ibirité,tipo,Pública Federal,17,2026-08-19 07:01:00.000000,SUP
Ibirité,tipo,Pública Municipal,4,2026-08-19 07:01:00.000000,SUP
Ibirité,area,Urbana,107,2026-08-19 07:01:00.000000,SUP
Ibirité,cidade,Belo Horizonte - MG,37,2026-08-19 07:01:00.000000,SUP
Ibirité,cidade,Ibirité - MG,33,2026-08-19 07:01:00.000000,SUP
Ibirité,cidade,Outra - OU,10,2026-08-19 07:01:00.000000,SUP
Ibirité,cidade,Contagem - MG,7,2026-08-19 07:01:00.000000,SUP
Ibirité,cidade,Betim - MG,5,2026-08-19 07:01:00.000000,SUP
Ibirité,cidade,Sarzedo - MG,3,2026-08-19 07:01:00.000000,SUP
Ibirité,cidade,Brasília - DF,1,2026-08-19 07:01:00.000000,SUP
Ibirité,cidade,Catuti - MG,1,2026-08-19 07:01:00.000000,SUP
Ibirité,cidade,Joaíma - MG,1,2026-08-19 07:01:00.000000,SUP
Ibirité,cidade,Mato Verde - MG,1,2026-08-19 07:01:00.000000,SUP
Ibirité,cidade,Nova Serrana - MG,1,2026-08-19 07:01:00.000000,SUP
Ibirité,cidade,Ribeirão das Neves - MG,1,2026-08-19 07:01:00.000000,SUP
Ibirité,cidade,Urucânia - MG,1,2026-08-19 07:01:00.000000,SUP
Ibirité,cidade,Capim Branco - MG,1,2026-08-19 07:01:00.000000,SUP
Ibirité,cidade,Itabira - MG,1,2026-08-19 07:01:00.000000,SUP
Ipatinga,tipo,Pública Estadual,37,2026-08-19 07:01:00.000000,SUP
Ipatinga,tipo,Pública Federal,7,2026-08-19 07:01:00.000000,SUP
Ipatinga,tipo,Privada,5,2026-08-19 07:01:00.000000,SUP
Ipatinga,area,Urbana,49,2026-08-19 07:01:00.000000,SUP
Ipatinga,cidade,Ipatinga - MG,21,2026-08-19 07:01:00.000000,SUP
Ipatinga,cidade,Coronel Fabriciano - MG,5,2026-08-19 07:01:00.000000,SUP
Ipatinga,cidade,Timóteo - MG,4,2026-08-19 07:01:00.000000,SUP
Ipatinga,cidade,Santana do Paraíso - MG,4,2026-08-19 07:01:00.000000,SUP
Ipatinga,cidade,Iapu - MG,2,2026-08-19 07:01:00.000000,SUP
Ipatinga,cidade,Outra - OU,2,2026-08-19 07:01:00.000000,SUP
Ipatinga,cidade,Barbacena - MG,1,2026-08-19 07:01:00.000000,SUP
Ipatinga,cidade,Betim - MG,1,2026-08-19 07:01:00.000000,SUP
Ipatinga,cidade,João Monlevade - MG,1,2026-08-19 07:01:00.000000,SUP
Ipatinga,cidade,Pingo-d'Água - MG,1,2026-08-19 07:01:00.000000,SUP
Ipatinga,cidade,Santa Rita do Itueto - MG,1,2026-08-19 07:01:00.000000,SUP
Ipatinga,cidade,Santo Antônio dos Lopes - MA,1,2026-08-19 07:01:00.000000,SUP
Ipatinga,cidade,Belo Horizonte - MG,1,2026-08-19 07:01:00.000000,SUP
Ipatinga,cidade,Caratinga - MG,1,2026-08-19 07:01:00.000000,SUP
Ipatinga,cidade,Joanésia - MG,1,2026-08-19 07:01:00.000000,SUP
Itabirito,tipo,Pública Estadual,14,2026-08-19 07:01:00.000000,SUP
Itabirito,tipo,Pública Federal,12,2026-08-19 07:01:00.000000,SUP
Itabirito,tipo,Privada,1,2026-08-19 07:01:00.000000,SUP
Itabirito,area,Urbana,26,2026-08-19 07:01:00.000000,SUP
Itabirito,area,Rural,1,2026-08-19 07:01:00.000000,SUP
Itabirito,cidade,Itabirito - MG,19,2026-08-19 07:01:00.000000,SUP
Itabirito,cidade,Conselheiro Lafaiete - MG,1,2026-08-19 07:01:00.000000,SUP
Itabirito,cidade,Ouro Preto - MG,1,2026-08-19 07:01:00.000000,SUP
Itabirito,cidade,Curionópolis - PA,1,2026-08-19 07:01:00.000000,SUP
Itabirito,cidade,Campo Formoso - BA,1,2026-08-19 07:01:00.000000,SUP
Itabirito,cidade,Contagem - MG,1,2026-08-19 07:01:00.000000,SUP
Itabirito,cidade,Nova Lima - MG,1,2026-08-19 07:01:00.000000,SUP
Itabirito,cidade,Ponte Nova - MG,1,2026-08-19 07:01:00.000000,SUP
Itabirito,cidade,Tutóia - MA,1,2026-08-19 07:01:00.000000,SUP
Ouro Branco,tipo,Pública Estadual,160,2026-08-19 07:01:00.000000,SUP
Ouro Branco,tipo,Pública Federal,31,2026-08-19 07:01:00.000000,SUP
Ouro Branco,tipo,Privada,13,2026-08-19 07:01:00.000000,SUP
Ouro Branco,tipo,Pública Municipal,5,2026-08-19 07:01:00.000000,SUP
Ouro Branco,area,Urbana,208,2026-08-19 07:01:00.000000,SUP
Ouro Branco,area,Rural,1,2026-08-19 07:01:00.000000,SUP
Ouro Branco,cidade,Ouro Branco - MG,101,2026-08-19 07:01:00.000000,SUP
Ouro Branco,cidade,Conselheiro Lafaiete - MG,34,2026-08-19 07:01:00.000000,SUP
Ouro Branco,cidade,Congonhas - MG,15,2026-08-19 07:01:00.000000,SUP
Ouro Branco,cidade,Ouro Preto - MG,5,2026-08-19 07:01:00.000000,SUP
Ouro Branco,cidade,Outra - OU,5,2026-08-19 07:01:00.000000,SUP
Ouro Branco,cidade,Nova Lima - MG,3,2026-08-19 07:01:00.000000,SUP
Ouro Branco,cidade,Belo Horizonte - MG,3,2026-08-19 07:01:00.000000,SUP
Ouro Branco,cidade,Barbacena - MG,2,2026-08-19 07:01:00.000000,SUP
Ouro Branco,cidade,São Paulo - SP,2,2026-08-19 07:01:00.000000,SUP
Ouro Branco,cidade,Mariana - MG,2,2026-08-19 07:01:00.000000,SUP
Ouro Branco,cidade,Caranaíba - MG,1,2026-08-19 07:01:00.000000,SUP
Ouro Branco,cidade,São Sebastião - SP,1,2026-08-19 07:01:00.000000,SUP
Ouro Branco,cidade,Pedra Azul - MG,1,2026-08-19 07:01:00.000000,SUP
Ouro Branco,cidade,Umuarama - PR,1,2026-08-19 07:01:00.000000,SUP
Ouro Branco,cidade,Piranga - MG,1,2026-08-19 07:01:00.000000,SUP
Ouro Preto,tipo,Pública Estadual,52,2026-08-19 07:01:00.000000,SUP
Ouro Preto,tipo,Pública Federal,12,2026-08-19 07:01:00.000000,SUP
Ouro Preto,tipo,Privada,6,2026-08-19 07:01:00.000000,SUP
Ouro Preto,area,Urbana,70,2026-08-19 07:01:00.000000,SUP
Ouro Preto,cidade,Ouro Preto - MG,37,2026-08-19 07:01:00.000000,SUP
Ouro Preto,cidade,Mariana - MG,6,2026-08-19 07:01:00.000000,SUP
Ouro Preto,cidade,Belo Horizonte - MG,3,2026-08-19 07:01:00.000000,SUP
Ouro Preto,cidade,São Luís - MA,2,2026-08-19 07:01:00.000000,SUP
Ouro Preto,cidade,Ouro Branco - MG,1,2026-08-19 07:01:00.000000,SUP
Ouro Preto,cidade,Padre Paraíso - MG,1,2026-08-19 07:01:00.000000,SUP
Ouro Preto,cidade,Rio Piracicaba - MG,1,2026-08-19 07:01:00.000000,SUP
Ouro Preto,cidade,Porto Velho - RO,1,2026-08-19 07:01:00.000000,SUP
Ouro Preto,cidade,São João del Rei - MG,1,2026-08-19 07:01:00.000000,SUP
Ouro Preto,cidade,Laranjal do Jari - AP,1,2026-08-19 07:01:00.000000,SUP
Ouro Preto,cidade,Três Rios - RJ,1,2026-08-19 07:01:00.000000,SUP
Ouro Preto,cidade,Itatiba - SP,1,2026-08-19 07:01:00.000000,SUP
Ouro Preto,cidade,São Gabriel - BA,1,2026-08-19 07:01:00.000000,SUP
Ouro Preto,cidade,São João da Boa Vista - SP,1,2026-08-19 07:01:00.000000,SUP
Ouro Preto,cidade,Congonhas - MG,1,2026-08-19 07:01:00.000000,SUP
Piumhi,tipo,Pública Estadual,7,2026-08-19 07:01:00.000000,SUP
Piumhi,tipo,Pública Municipal,1,2026-08-19 07:01:00.000000,SUP
Piumhi,tipo,Pública Federal,1,2026-08-19 07:01:00.000000,SUP
Piumhi,area,Urbana,8,2026-08-19 07:01:00.000000,SUP
Piumhi,area,Rural,1,2026-08-19 07:01:00.000000,SUP
Piumhi,cidade,Piumhi - MG,6,2026-08-19 07:01:00.000000,SUP
Piumhi,cidade,Lavras - MG,1,2026-08-19 07:01:00.000000,SUP
Piumhi,cidade,São João da Ponte - MG,1,2026-08-19 07:01:00.000000,SUP
Piumhi,cidade,Belo Horizonte - MG,1,2026-08-19 07:01:00.000000,SUP
Ponte Nova,tipo,Pública Estadual,22,2026-08-19 07:01:00.000000,SUP
Ponte Nova,tipo,Privada,1,2026-08-19 07:01:00.000000,SUP
Ponte Nova,tipo,Pública Federal,1,2026-08-19 07:01:00.000000,SUP
Ponte Nova,area,Urbana,24,2026-08-19 07:01:00.000000,SUP
Ponte Nova,cidade,Ponte Nova - MG,22,2026-08-19 07:01:00.000000,SUP
Ponte Nova,cidade,Ouro Preto - MG,1,2026-08-19 07:01:00.000000,SUP
Ponte Nova,cidade,Santo Antônio do Grama - MG,1,2026-08-19 07:01:00.000000,SUP
Ribeirão das Neves,tipo,Pública Estadual,132,2026-08-19 07:01:00.000000,SUP
Ribeirão das Neves,tipo,Privada,14,2026-08-19 07:01:00.000000,SUP
Ribeirão das Neves,tipo,Pública Federal,8,2026-08-19 07:01:00.000000,SUP
Ribeirão das Neves,tipo,Pública Municipal,3,2026-08-19 07:01:00.000000,SUP
Ribeirão das Neves,area,Urbana,157,2026-08-19 07:01:00.000000,SUP
Ribeirão das Neves,cidade,Ribeirão das Neves - MG,95,2026-08-19 07:01:00.000000,SUP
Ribeirão das Neves,cidade,Belo Horizonte - MG,30,2026-08-19 07:01:00.000000,SUP
Ribeirão das Neves,cidade,Esmeraldas - MG,7,2026-08-19 07:01:00.000000,SUP
Ribeirão das Neves,cidade,Contagem - MG,6,2026-08-19 07:01:00.000000,SUP
Ribeirão das Neves,cidade,Outra - OU,4,2026-08-19 07:01:00.000000,SUP
Ribeirão das Neves,cidade,Sete Lagoas - MG,2,2026-08-19 07:01:00.000000,SUP
Ribeirão das Neves,cidade,Vespasiano - MG,2,2026-08-19 07:01:00.000000,SUP
Ribeirão das Neves,cidade,Betim - MG,1,2026-08-19 07:01:00.000000,SUP
Ribeirão das Neves,cidade,Formiga - MG,1,2026-08-19 07:01:00.000000,SUP
Ribeirão das Neves,cidade,Montes Claros - MG,1,2026-08-19 07:01:00.000000,SUP
Ribeirão das Neves,cidade,Rio Pomba - MG,1,2026-08-19 07:01:00.000000,SUP
Ribeirão das Neves,cidade,Vitória - ES,1,2026-08-19 07:01:00.000000,SUP
Ribeirão das Neves,cidade,São Luís - MA,1,2026-08-19 07:01:00.000000,SUP
Ribeirão das Neves,cidade,Catas Altas - MG,1,2026-08-19 07:01:00.000000,SUP
Ribeirão das Neves,cidade,Lagoa Santa - MG,1,2026-08-19 07:01:00.000000,SUP
Sabará,tipo,Pública Estadual,123,2026-08-19 07:01:00.000000,SUP
Sabará,tipo,Privada,27,2026-08-19 07:01:00.000000,SUP
Sabará,tipo,Pública Federal,16,2026-08-19 07:01:00.000000,SUP
Sabará,tipo,Pública Municipal,7,2026-08-19 07:01:00.000000,SUP
Sabará,area,Urbana,170,2026-08-19 07:01:00.000000,SUP
Sabará,area,Rural,3,2026-08-19 07:01:00.000000,SUP
Sabará,cidade,Belo Horizonte - MG,70,2026-08-19 07:01:00.000000,SUP
Sabará,cidade,Sabará - MG,67,2026-08-19 07:01:00.000000,SUP
Sabará,cidade,Santa Luzia - MG,5,2026-08-19 07:01:00.000000,SUP
Sabará,cidade,Outra - OU,4,2026-08-19 07:01:00.000000,SUP
Sabará,cidade,Caeté - MG,3,2026-08-19 07:01:00.000000,SUP
Sabará,cidade,Ribeirão das Neves - MG,2,2026-08-19 07:01:00.000000,SUP
Sabará,cidade,Brasília - DF,1,2026-08-19 07:01:00.000000,SUP
Sabará,cidade,Divinópolis - MG,1,2026-08-19 07:01:00.000000,SUP
Sabará,cidade,Juiz de Fora - MG,1,2026-08-19 07:01:00.000000,SUP
Sabará,cidade,Barcarena - PA,1,2026-08-19 07:01:00.000000,SUP
Sabará,cidade,Uruará - PA,1,2026-08-19 07:01:00.000000,SUP
Sabará,cidade,São Pedro dos Ferros - MG,1,2026-08-19 07:01:00.000000,SUP
Sabará,cidade,Canavieiras - BA,1,2026-08-19 07:01:00.000000,SUP
Sabará,cidade,Vespasiano - MG,1,2026-08-19 07:01:00.000000,SUP
Sabará,cidade,Niterói - RJ,1,2026-08-19 07:01:00.000000,SUP
Santa Luzia,tipo,Pública Estadual,99,2026-08-19 07:01:00.000000,SUP
Santa Luzia,tipo,Privada,24,2026-08-19 07:01:00.000000,SUP
Santa Luzia,tipo,Pública Federal,18,2026-08-19 07:01:00.000000,SUP
Santa Luzia,tipo,Pública Municipal,8,2026-08-19 07:01:00.000000,SUP
Santa Luzia,area,Urbana,148,2026-08-19 07:01:00.000000,SUP
Santa Luzia,area,Rural,1,2026-08-19 07:01:00.000000,SUP
Santa Luzia,cidade,Santa Luzia - MG,49,2026-08-19 07:01:00.000000,SUP
Santa Luzia,cidade,Belo Horizonte - MG,36,2026-08-19 07:01:00.000000,SUP
Santa Luzia,cidade,Outra - OU,11,2026-08-19 07:01:00.000000,SUP
Santa Luzia,cidade,Ribeirão das Neves - MG,7,2026-08-19 07:01:00.000000,SUP
Santa Luzia,cidade,Vespasiano - MG,5,2026-08-19 07:01:00.000000,SUP
Santa Luzia,cidade,Sabará - MG,3,2026-08-19 07:01:00.000000,SUP
Santa Luzia,cidade,Sete Lagoas - MG,2,2026-08-19 07:01:00.000000,SUP
Santa Luzia,cidade,Matozinhos - MG,2,2026-08-19 07:01:00.000000,SUP
Santa Luzia,cidade,Araxá - MG,2,2026-08-19 07:01:00.000000,SUP
Santa Luzia,cidade,Betim - MG,2,2026-08-19 07:01:00.000000,SUP
Santa Luzia,cidade,Caeté - MG,1,2026-08-19 07:01:00.000000,SUP
Santa Luzia,cidade,Serra Azul de Minas - MG,1,2026-08-19 07:01:00.000000,SUP
Santa Luzia,cidade,Capelinha - MG,1,2026-08-19 07:01:00.000000,SUP
Santa Luzia,cidade,Teófilo Otoni - MG,1,2026-08-19 07:01:00.000000,SUP
Santa Luzia,cidade,Contagem - MG,1,2026-08-19 07:01:00.000000,SUP
São João Evangelista,tipo,Pública Estadual,83,2026-08-19 07:01:00.000000,SUP
São João Evangelista,tipo,Pública Federal,8,2026-08-19 07:01:00.000000,SUP
São João Evangelista,tipo,Privada,2,2026-08-19 07:01:00.000000,SUP
São João Evangelista,area,Urbana,84,2026-08-19 07:01:00.000000,SUP
São João Evangelista,area,Rural,9,2026-08-19 07:01:00.000000,SUP
São João Evangelista,cidade,São João Evangelista - MG,27,2026-08-19 07:01:00.000000,SUP
São João Evangelista,cidade,Guanhães - MG,21,2026-08-19 07:01:00.000000,SUP
São João Evangelista,cidade,Peçanha - MG,7,2026-08-19 07:01:00.000000,SUP
São João Evangelista,cidade,Virginópolis - MG,4,2026-08-19 07:01:00.000000,SUP
São João Evangelista,cidade,Paulistas - MG,3,2026-08-19 07:01:00.000000,SUP
São João Evangelista,cidade,São Pedro do Suaçuí - MG,3,2026-08-19 07:01:00.000000,SUP
São João Evangelista,cidade,Aricanduva - MG,2,2026-08-19 07:01:00.000000,SUP
São João Evangelista,cidade,Santa Maria do Suaçuí - MG,2,2026-08-19 07:01:00.000000,SUP
São João Evangelista,cidade,Serro - MG,2,2026-08-19 07:01:00.000000,SUP
São João Evangelista,cidade,Outra - OU,2,2026-08-19 07:01:00.000000,SUP
São João Evangelista,cidade,Cantagalo - MG,2,2026-08-19 07:01:00.000000,SUP
São João Evangelista,cidade,Dom Joaquim - MG,2,2026-08-19 07:01:00.000000,SUP
São João Evangelista,cidade,Frei Lagonegro - MG,1,2026-08-19 07:01:00.000000,SUP
São João Evangelista,cidade,José Raydan - MG,1,2026-08-19 07:01:00.000000,SUP
São João Evangelista,cidade,Caapiranga - AM,1,2026-08-19 07:01:00.000000,SUP
Todas as unidades,tipo,Pública Estadual,2544,2026-08-19 12:02:00.000000,INT
Todas as unidades,tipo,Pública Municipal,2371,2026-08-19 12:02:00.000000,INT
Todas as unidades,tipo,Privada,1407,2026-08-19 12:02:00.000000,INT
Todas as unidades,tipo,Pública Federal,24,2026-08-19 12:02:00.000000,INT
Todas as unidades,area,Urbana,6291,2026-08-19 12:02:00.000000,INT
Todas as unidades,area,Rural,55,2026-08-19 12:02:00.000000,INT
Todas as unidades,cidade,Belo Horizonte - MG,819,2026-08-19 12:02:00.000000,INT
Todas as unidades,cidade,Betim - MG,503,2026-08-19 12:02:00.000000,INT
Todas as unidades,cidade,Ribeirão das Neves - MG,379,2026-08-19 12:02:00.000000,INT
Todas as unidades,cidade,Contagem - MG,332,2026-08-19 12:02:00.000000,INT
Todas as unidades,cidade,Santa Luzia - MG,293,2026-08-19 12:02:00.000000,INT
Todas as unidades,cidade,Sabará - MG,289,2026-08-19 12:02:00.000000,INT
Todas as unidades,cidade,Conselheiro Lafaiete - MG,260,2026-08-19 12:02:00.000000,INT
Todas as unidades,cidade,Ouro Preto - MG,251,2026-08-19 12:02:00.000000,INT
Todas as unidades,cidade,Ipatinga - MG,245,2026-08-19 12:02:00.000000,INT
Todas as unidades,cidade,Itabirito - MG,241,2026-08-19 12:02:00.000000,INT
Todas as unidades,cidade,Ponte Nova - MG,229,2026-08-19 12:02:00.000000,INT
Todas as unidades,cidade,Governador Valadares - MG,212,2026-08-19 12:02:00.000000,INT
Todas as unidades,cidade,Congonhas - MG,183,2026-08-19 12:02:00.000000,INT
Todas as unidades,cidade,Ibirité - MG,151,2026-08-19 12:02:00.000000,INT
Todas as unidades,cidade,Ouro Branco - MG,148,2026-08-19 12:02:00.000000,INT
Arcos,tipo,Pública Estadual,45,2026-08-19 12:02:00.000000,INT
Arcos,tipo,Privada,24,2026-08-19 12:02:00.000000,INT
Arcos,tipo,Pública Municipal,3,2026-08-19 12:02:00.000000,INT
Arcos,area,Urbana,69,2026-08-19 12:02:00.000000,INT
Arcos,area,Rural,3,2026-08-19 12:02:00.000000,INT
Arcos,cidade,Arcos - MG,66,2026-08-19 12:02:00.000000,INT
Arcos,cidade,Doresópolis - MG,1,2026-08-19 12:02:00.000000,INT
Arcos,cidade,Japaraíba - MG,1,2026-08-19 12:02:00.000000,INT
Arcos,cidade,Acrelândia - AC,1,2026-08-19 12:02:00.000000,INT
Arcos,cidade,Iguatama - MG,1,2026-08-19 12:02:00.000000,INT
Arcos,cidade,Outra - OU,1,2026-08-19 12:02:00.000000,INT
Arcos,cidade,Natal - RN,1,2026-08-19 12:02:00.000000,INT
Bambuí,tipo,Pública Estadual,81,2026-08-19 12:02:00.000000,INT
Bambuí,tipo,Pública Municipal,26,2026-08-19 12:02:00.000000,INT
Bambuí,tipo,Privada,21,2026-08-19 12:02:00.000000,INT
Bambuí,area,Urbana,117,2026-08-19 12:02:00.000000,INT
Bambuí,area,Rural,11,2026-08-19 12:02:00.000000,INT
Bambuí,cidade,Bambuí - MG,51,2026-08-19 12:02:00.000000,INT
Bambuí,cidade,Iguatama - MG,11,2026-08-19 12:02:00.000000,INT
Bambuí,cidade,Medeiros - MG,9,2026-08-19 12:02:00.000000,INT
Bambuí,cidade,Luz - MG,6,2026-08-19 12:02:00.000000,INT
Bambuí,cidade,Campos Altos - MG,5,2026-08-19 12:02:00.000000,INT
Bambuí,cidade,Pompéu - MG,4,2026-08-19 12:02:00.000000,INT
Bambuí,cidade,Arcos - MG,4,2026-08-19 12:02:00.000000,INT
Bambuí,cidade,Santa Rosa da Serra - MG,3,2026-08-19 12:02:00.000000,INT
Bambuí,cidade,Córrego Danta - MG,3,2026-08-19 12:02:00.000000,INT
Bambuí,cidade,Piumhi - MG,3,2026-08-19 12:02:00.000000,INT
Bambuí,cidade,Contagem - MG,2,2026-08-19 12:02:00.000000,INT
Bambuí,cidade,Outra - OU,2,2026-08-19 12:02:00.000000,INT
Bambuí,cidade,Ibiá - MG,2,2026-08-19 12:02:00.000000,INT
Bambuí,cidade,Araxá - MG,2,2026-08-19 12:02:00.000000,INT
Bambuí,cidade,Japaraíba - MG,2,2026-08-19 12:02:00.000000,INT
Betim,tipo,Pública Municipal,509,2026-08-19 12:02:00.000000,INT
Betim,tipo,Privada,228,2026-08-19 12:02:00.000000,INT
Betim,tipo,Pública Estadual,145,2026-08-19 12:02:00.000000,INT
Betim,tipo,Pública Federal,3,2026-08-19 12:02:00.000000,INT
Betim,area,Urbana,885,2026-08-19 12:02:00.000000,INT
Betim,cidade,Betim - MG,486,2026-08-19 12:02:00.000000,INT
Betim,cidade,Contagem - MG,265,2026-08-19 12:02:00.000000,INT
Betim,cidade,Belo Horizonte - MG,54,2026-08-19 12:02:00.000000,INT
Betim,cidade,Outra - OU,26,2026-08-19 12:02:00.000000,INT
Betim,cidade,São Joaquim de Bicas - MG,11,2026-08-19 12:02:00.000000,INT
Betim,cidade,Igarapé - MG,10,2026-08-19 12:02:00.000000,INT
Betim,cidade,Juatuba - MG,6,2026-08-19 12:02:00.000000,INT
Betim,cidade,Sarzedo - MG,5,2026-08-19 12:02:00.000000,INT
Betim,cidade,Esmeraldas - MG,5,2026-08-19 12:02:00.000000,INT
Betim,cidade,Nova Lima - MG,3,2026-08-19 12:02:00.000000,INT
Betim,cidade,Paraopeba - MG,1,2026-08-19 12:02:00.000000,INT
Betim,cidade,Santa Bárbara - MG,1,2026-08-19 12:02:00.000000,INT
Betim,cidade,Caeté - MG,1,2026-08-19 12:02:00.000000,INT
Betim,cidade,São José da Lapa - MG,1,2026-08-19 12:02:00.000000,INT
Betim,cidade,Três Marias - MG,1,2026-08-19 12:02:00.000000,INT
Congonhas,tipo,Pública Municipal,161,2026-08-19 12:02:00.000000,INT
Congonhas,tipo,Privada,56,2026-08-19 12:02:00.000000,INT
Congonhas,tipo,Pública Estadual,43,2026-08-19 12:02:00.000000,INT
Congonhas,area,Urbana,260,2026-08-19 12:02:00.000000,INT
Congonhas,cidade,Congonhas - MG,180,2026-08-19 12:02:00.000000,INT
Congonhas,cidade,Jeceaba - MG,24,2026-08-19 12:02:00.000000,INT
Congonhas,cidade,Conselheiro Lafaiete - MG,17,2026-08-19 12:02:00.000000,INT
Congonhas,cidade,São Brás do Suaçuí - MG,10,2026-08-19 12:02:00.000000,INT
Congonhas,cidade,Entre Rios de Minas - MG,9,2026-08-19 12:02:00.000000,INT
Congonhas,cidade,Belo Vale - MG,9,2026-08-19 12:02:00.000000,INT
Congonhas,cidade,Outra - OU,6,2026-08-19 12:02:00.000000,INT
Congonhas,cidade,Barrinha - SP,1,2026-08-19 12:02:00.000000,INT
Congonhas,cidade,Belo Horizonte - MG,1,2026-08-19 12:02:00.000000,INT
Congonhas,cidade,Ouro Branco - MG,1,2026-08-19 12:02:00.000000,INT
Congonhas,cidade,Guarapari - ES,1,2026-08-19 12:02:00.000000,INT
Congonhas,cidade,Barão de Cocais - MG,1,2026-08-19 12:02:00.000000,INT
Conselheiro Lafaiete,tipo,Pública Municipal,95,2026-08-19 12:02:00.000000,INT
Conselheiro Lafaiete,tipo,Pública Estadual,92,2026-08-19 12:02:00.000000,INT
Conselheiro Lafaiete,tipo,Privada,23,2026-08-19 12:02:00.000000,INT
Conselheiro Lafaiete,tipo,Pública Federal,1,2026-08-19 12:02:00.000000,INT
Conselheiro Lafaiete,area,Urbana,210,2026-08-19 12:02:00.000000,INT
Conselheiro Lafaiete,area,Rural,1,2026-08-19 12:02:00.000000,INT
Conselheiro Lafaiete,cidade,Conselheiro Lafaiete - MG,157,2026-08-19 12:02:00.000000,INT
Conselheiro Lafaiete,cidade,Carandaí - MG,22,2026-08-19 12:02:00.000000,INT
Conselheiro Lafaiete,cidade,Catas Altas da Noruega - MG,6,2026-08-19 12:02:00.000000,INT
Conselheiro Lafaiete,cidade,Caranaíba - MG,5,2026-08-19 12:02:00.000000,INT
Conselheiro Lafaiete,cidade,Outra - OU,3,2026-08-19 12:02:00.000000,INT
Conselheiro Lafaiete,cidade,Queluzito - MG,3,2026-08-19 12:02:00.000000,INT
Conselheiro Lafaiete,cidade,Cristiano Otoni - MG,3,2026-08-19 12:02:00.000000,INT
Conselheiro Lafaiete,cidade,Juiz de Fora - MG,2,2026-08-19 12:02:00.000000,INT
Conselheiro Lafaiete,cidade,Jeceaba - MG,2,2026-08-19 12:02:00.000000,INT
Conselheiro Lafaiete,cidade,Itaverava - MG,2,2026-08-19 12:02:00.000000,INT
Conselheiro Lafaiete,cidade,Piranga - MG,1,2026-08-19 12:02:00.000000,INT
Conselheiro Lafaiete,cidade,Rio Espera - MG,1,2026-08-19 12:02:00.000000,INT
Conselheiro Lafaiete,cidade,Entre Rios de Minas - MG,1,2026-08-19 12:02:00.000000,INT
Conselheiro Lafaiete,cidade,Ouro Branco - MG,1,2026-08-19 12:02:00.000000,INT
Conselheiro Lafaiete,cidade,Santana dos Montes - MG,1,2026-08-19 12:02:00.000000,INT
Formiga,tipo,Pública Estadual,75,2026-08-19 12:02:00.000000,INT
Formiga,tipo,Pública Municipal,26,2026-08-19 12:02:00.000000,INT
Formiga,tipo,Privada,12,2026-08-19 12:02:00.000000,INT
Formiga,area,Urbana,111,2026-08-19 12:02:00.000000,INT
Formiga,area,Rural,2,2026-08-19 12:02:00.000000,INT
Formiga,cidade,Formiga - MG,82,2026-08-19 12:02:00.000000,INT
Formiga,cidade,Pains - MG,15,2026-08-19 12:02:00.000000,INT
Formiga,cidade,Córrego Fundo - MG,10,2026-08-19 12:02:00.000000,INT
Formiga,cidade,Barra da Estiva - BA,1,2026-08-19 12:02:00.000000,INT
Formiga,cidade,Campo Belo - MG,1,2026-08-19 12:02:00.000000,INT
Formiga,cidade,Outra - OU,1,2026-08-19 12:02:00.000000,INT
Formiga,cidade,Arcos - MG,1,2026-08-19 12:02:00.000000,INT
Formiga,cidade,Córrego Danta - MG,1,2026-08-19 12:02:00.000000,INT
Formiga,cidade,Divinópolis - MG,1,2026-08-19 12:02:00.000000,INT
Governador Valadares,tipo,Pública Estadual,165,2026-08-19 12:02:00.000000,INT
Governador Valadares,tipo,Privada,111,2026-08-19 12:02:00.000000,INT
Governador Valadares,tipo,Pública Municipal,21,2026-08-19 12:02:00.000000,INT
Governador Valadares,area,Urbana,294,2026-08-19 12:02:00.000000,INT
Governador Valadares,area,Rural,3,2026-08-19 12:02:00.000000,INT
Governador Valadares,cidade,Governador Valadares - MG,211,2026-08-19 12:02:00.000000,INT
Governador Valadares,cidade,Engenheiro Caldas - MG,15,2026-08-19 12:02:00.000000,INT
Governador Valadares,cidade,Frei Inocêncio - MG,14,2026-08-19 12:02:00.000000,INT
Governador Valadares,cidade,Mathias Lobato - MG,11,2026-08-19 12:02:00.000000,INT
Governador Valadares,cidade,Outra - OU,10,2026-08-19 12:02:00.000000,INT
Governador Valadares,cidade,Tarumirim - MG,6,2026-08-19 12:02:00.000000,INT
Governador Valadares,cidade,Jampruca - MG,4,2026-08-19 12:02:00.000000,INT
Governador Valadares,cidade,Sardoá - MG,4,2026-08-19 12:02:00.000000,INT
Governador Valadares,cidade,Itanhomi - MG,3,2026-08-19 12:02:00.000000,INT
Governador Valadares,cidade,Alpercata - MG,2,2026-08-19 12:02:00.000000,INT
Governador Valadares,cidade,São Geraldo da Piedade - MG,2,2026-08-19 12:02:00.000000,INT
Governador Valadares,cidade,Novo Cruzeiro - MG,1,2026-08-19 12:02:00.000000,INT
Governador Valadares,cidade,Aimorés - MG,1,2026-08-19 12:02:00.000000,INT
Governador Valadares,cidade,Santa Rita do Itueto - MG,1,2026-08-19 12:02:00.000000,INT
Governador Valadares,cidade,Campanário - MG,1,2026-08-19 12:02:00.000000,INT
Ibirité,tipo,Pública Municipal,260,2026-08-19 12:02:00.000000,INT
Ibirité,tipo,Privada,150,2026-08-19 12:02:00.000000,INT
Ibirité,tipo,Pública Estadual,106,2026-08-19 12:02:00.000000,INT
Ibirité,area,Urbana,515,2026-08-19 12:02:00.000000,INT
Ibirité,area,Rural,1,2026-08-19 12:02:00.000000,INT
Ibirité,cidade,Belo Horizonte - MG,273,2026-08-19 12:02:00.000000,INT
Ibirité,cidade,Ibirité - MG,148,2026-08-19 12:02:00.000000,INT
Ibirité,cidade,Contagem - MG,45,2026-08-19 12:02:00.000000,INT
Ibirité,cidade,Betim - MG,14,2026-08-19 12:02:00.000000,INT
Ibirité,cidade,Sarzedo - MG,13,2026-08-19 12:02:00.000000,INT
Ibirité,cidade,Outra - OU,11,2026-08-19 12:02:00.000000,INT
Ibirité,cidade,Brumadinho - MG,4,2026-08-19 12:02:00.000000,INT
Ibirité,cidade,Itambacuri - MG,1,2026-08-19 12:02:00.000000,INT
Ibirité,cidade,Nova Serrana - MG,1,2026-08-19 12:02:00.000000,INT
Ibirité,cidade,Ribeirão das Neves - MG,1,2026-08-19 12:02:00.000000,INT
Ibirité,cidade,São Joaquim de Bicas - MG,1,2026-08-19 12:02:00.000000,INT
Ibirité,cidade,Vespasiano - MG,1,2026-08-19 12:02:00.000000,INT
Ibirité,cidade,Mário Campos - MG,1,2026-08-19 12:02:00.000000,INT
Ibirité,cidade,Piedade dos Gerais - MG,1,2026-08-19 12:02:00.000000,INT
Ibirité,cidade,Rio Doce - MG,1,2026-08-19 12:02:00.000000,INT
Ipatinga,tipo,Pública Municipal,150,2026-08-19 12:02:00.000000,INT
Ipatinga,tipo,Pública Estadual,127,2026-08-19 12:02:00.000000,INT
Ipatinga,tipo,Privada,66,2026-08-19 12:02:00.000000,INT
Ipatinga,area,Urbana,341,2026-08-19 12:02:00.000000,INT
Ipatinga,area,Rural,2,2026-08-19 12:02:00.000000,INT
Ipatinga,cidade,Ipatinga - MG,244,2026-08-19 12:02:00.000000,INT
Ipatinga,cidade,Coronel Fabriciano - MG,37,2026-08-19 12:02:00.000000,INT
Ipatinga,cidade,Timóteo - MG,12,2026-08-19 12:02:00.000000,INT
Ipatinga,cidade,Belo Oriente - MG,11,2026-08-19 12:02:00.000000,INT
Ipatinga,cidade,Santana do Paraíso - MG,10,2026-08-19 12:02:00.000000,INT
Ipatinga,cidade,São Domingos do Prata - MG,5,2026-08-19 12:02:00.000000,INT
Ipatinga,cidade,Ipaba - MG,3,2026-08-19 12:02:00.000000,INT
Ipatinga,cidade,Outra - OU,3,2026-08-19 12:02:00.000000,INT
Ipatinga,cidade,Pingo-d'Água - MG,2,2026-08-19 12:02:00.000000,INT
Ipatinga,cidade,Caratinga - MG,2,2026-08-19 12:02:00.000000,INT
Ipatinga,cidade,Dom Cavati - MG,2,2026-08-19 12:02:00.000000,INT
Ipatinga,cidade,São Geraldo da Piedade - MG,1,2026-08-19 12:02:00.000000,INT
Ipatinga,cidade,Dionísio - MG,1,2026-08-19 12:02:00.000000,INT
Ipatinga,cidade,Joaíma - MG,1,2026-08-19 12:02:00.000000,INT
Ipatinga,cidade,Mesquita - MG,1,2026-08-19 12:02:00.000000,INT
Itabirito,tipo,Pública Municipal,110,2026-08-19 12:02:00.000000,INT
Itabirito,tipo,Pública Estadual,39,2026-08-19 12:02:00.000000,INT
Itabirito,tipo,Privada,19,2026-08-19 12:02:00.000000,INT
Itabirito,tipo,Pública Federal,1,2026-08-19 12:02:00.000000,INT
Itabirito,area,Urbana,169,2026-08-19 12:02:00.000000,INT
Itabirito,cidade,Itabirito - MG,163,2026-08-19 12:02:00.000000,INT
Itabirito,cidade,Ouro Preto - MG,2,2026-08-19 12:02:00.000000,INT
Itabirito,cidade,Belo Horizonte - MG,1,2026-08-19 12:02:00.000000,INT
Itabirito,cidade,Mariana - MG,1,2026-08-19 12:02:00.000000,INT
Itabirito,cidade,Ouro Branco - MG,1,2026-08-19 12:02:00.000000,INT
Itabirito,cidade,Nova Lima - MG,1,2026-08-19 12:02:00.000000,INT
Ouro Branco,tipo,Pública Municipal,127,2026-08-19 12:02:00.000000,INT
Ouro Branco,tipo,Privada,62,2026-08-19 12:02:00.000000,INT
Ouro Branco,tipo,Pública Estadual,62,2026-08-19 12:02:00.000000,INT
Ouro Branco,tipo,Pública Federal,1,2026-08-19 12:02:00.000000,INT
Ouro Branco,area,Urbana,245,2026-08-19 12:02:00.000000,INT
Ouro Branco,area,Rural,7,2026-08-19 12:02:00.000000,INT
Ouro Branco,cidade,Ouro Branco - MG,144,2026-08-19 12:02:00.000000,INT
Ouro Branco,cidade,Conselheiro Lafaiete - MG,85,2026-08-19 12:02:00.000000,INT
Ouro Branco,cidade,Jeceaba - MG,7,2026-08-19 12:02:00.000000,INT
Ouro Branco,cidade,Congonhas - MG,2,2026-08-19 12:02:00.000000,INT
Ouro Branco,cidade,Entre Rios de Minas - MG,2,2026-08-19 12:02:00.000000,INT
Ouro Branco,cidade,Itaverava - MG,2,2026-08-19 12:02:00.000000,INT
Ouro Branco,cidade,Piranga - MG,2,2026-08-19 12:02:00.000000,INT
Ouro Branco,cidade,Caranaíba - MG,2,2026-08-19 12:02:00.000000,INT
Ouro Branco,cidade,Ouro Preto - MG,1,2026-08-19 12:02:00.000000,INT
Ouro Branco,cidade,Macaé - RJ,1,2026-08-19 12:02:00.000000,INT
Ouro Branco,cidade,Brumado - BA,1,2026-08-19 12:02:00.000000,INT
Ouro Branco,cidade,Belo Horizonte - MG,1,2026-08-19 12:02:00.000000,INT
Ouro Branco,cidade,Barão de Cocais - MG,1,2026-08-19 12:02:00.000000,INT
Ouro Branco,cidade,Ipatinga - MG,1,2026-08-19 12:02:00.000000,INT
Ouro Preto,tipo,Pública Municipal,226,2026-08-19 12:02:00.000000,INT
Ouro Preto,tipo,Pública Estadual,171,2026-08-19 12:02:00.000000,INT
Ouro Preto,tipo,Privada,121,2026-08-19 12:02:00.000000,INT
Ouro Preto,tipo,Pública Federal,3,2026-08-19 12:02:00.000000,INT
Ouro Preto,area,Urbana,514,2026-08-19 12:02:00.000000,INT
Ouro Preto,area,Rural,7,2026-08-19 12:02:00.000000,INT
Ouro Preto,cidade,Ouro Preto - MG,248,2026-08-19 12:02:00.000000,INT
Ouro Preto,cidade,Mariana - MG,140,2026-08-19 12:02:00.000000,INT
Ouro Preto,cidade,Itabirito - MG,78,2026-08-19 12:02:00.000000,INT
Ouro Preto,cidade,Santa Bárbara - MG,11,2026-08-19 12:02:00.000000,INT
Ouro Preto,cidade,Outra - OU,10,2026-08-19 12:02:00.000000,INT
Ouro Preto,cidade,Catas Altas - MG,10,2026-08-19 12:02:00.000000,INT
Ouro Preto,cidade,Belo Horizonte - MG,5,2026-08-19 12:02:00.000000,INT
Ouro Preto,cidade,Conselheiro Lafaiete - MG,2,2026-08-19 12:02:00.000000,INT
Ouro Preto,cidade,Barão de Cocais - MG,2,2026-08-19 12:02:00.000000,INT
Ouro Preto,cidade,Piranga - MG,2,2026-08-19 12:02:00.000000,INT
Ouro Preto,cidade,Barra Longa - MG,1,2026-08-19 12:02:00.000000,INT
Ouro Preto,cidade,Rio Casca - MG,1,2026-08-19 12:02:00.000000,INT
Ouro Preto,cidade,Betim - MG,1,2026-08-19 12:02:00.000000,INT
Ouro Preto,cidade,Espera Feliz - MG,1,2026-08-19 12:02:00.000000,INT
Ouro Preto,cidade,Itaguara - MG,1,2026-08-19 12:02:00.000000,INT
Piumhi,tipo,Pública Estadual,57,2026-08-19 12:02:00.000000,INT
Piumhi,tipo,Privada,26,2026-08-19 12:02:00.000000,INT
Piumhi,tipo,Pública Municipal,3,2026-08-19 12:02:00.000000,INT
Piumhi,area,Urbana,86,2026-08-19 12:02:00.000000,INT
Piumhi,cidade,Piumhi - MG,58,2026-08-19 12:02:00.000000,INT
Piumhi,cidade,Pimenta - MG,16,2026-08-19 12:02:00.000000,INT
Piumhi,cidade,Capitólio - MG,9,2026-08-19 12:02:00.000000,INT
Piumhi,cidade,Doresópolis - MG,3,2026-08-19 12:02:00.000000,INT
Ponte Nova,tipo,Pública Estadual,140,2026-08-19 12:02:00.000000,INT
Ponte Nova,tipo,Pública Municipal,132,2026-08-19 12:02:00.000000,INT
Ponte Nova,tipo,Privada,91,2026-08-19 12:02:00.000000,INT
Ponte Nova,area,Urbana,360,2026-08-19 12:02:00.000000,INT
Ponte Nova,area,Rural,3,2026-08-19 12:02:00.000000,INT
Ponte Nova,cidade,Ponte Nova - MG,229,2026-08-19 12:02:00.000000,INT
Ponte Nova,cidade,Urucânia - MG,20,2026-08-19 12:02:00.000000,INT
Ponte Nova,cidade,Amparo do Serra - MG,15,2026-08-19 12:02:00.000000,INT
Ponte Nova,cidade,Jequeri - MG,15,2026-08-19 12:02:00.000000,INT
Ponte Nova,cidade,Dom Silvério - MG,13,2026-08-19 12:02:00.000000,INT
Ponte Nova,cidade,Raul Soares - MG,10,2026-08-19 12:02:00.000000,INT
Ponte Nova,cidade,Alvinópolis - MG,9,2026-08-19 12:02:00.000000,INT
Ponte Nova,cidade,Rio Casca - MG,9,2026-08-19 12:02:00.000000,INT
Ponte Nova,cidade,Santa Cruz do Escalvado - MG,8,2026-08-19 12:02:00.000000,INT
Ponte Nova,cidade,Oratórios - MG,6,2026-08-19 12:02:00.000000,INT
Ponte Nova,cidade,Outra - OU,5,2026-08-19 12:02:00.000000,INT
Ponte Nova,cidade,Rio Doce - MG,3,2026-08-19 12:02:00.000000,INT
Ponte Nova,cidade,Piedade de Ponte Nova - MG,3,2026-08-19 12:02:00.000000,INT
Ponte Nova,cidade,Guaraciaba - MG,3,2026-08-19 12:02:00.000000,INT
Ponte Nova,cidade,Sem-Peixe - MG,2,2026-08-19 12:02:00.000000,INT
Ribeirão das Neves,tipo,Pública Estadual,329,2026-08-19 12:02:00.000000,INT
Ribeirão das Neves,tipo,Pública Municipal,187,2026-08-19 12:02:00.000000,INT
Ribeirão das Neves,tipo,Privada,116,2026-08-19 12:02:00.000000,INT
Ribeirão das Neves,tipo,Pública Federal,4,2026-08-19 12:02:00.000000,INT
Ribeirão das Neves,area,Urbana,636,2026-08-19 12:02:00.000000,INT
Ribeirão das Neves,cidade,Ribeirão das Neves - MG,376,2026-08-19 12:02:00.000000,INT
Ribeirão das Neves,cidade,Belo Horizonte - MG,169,2026-08-19 12:02:00.000000,INT
Ribeirão das Neves,cidade,Esmeraldas - MG,25,2026-08-19 12:02:00.000000,INT
Ribeirão das Neves,cidade,São José da Lapa - MG,18,2026-08-19 12:02:00.000000,INT
Ribeirão das Neves,cidade,Outra - OU,17,2026-08-19 12:02:00.000000,INT
Ribeirão das Neves,cidade,Contagem - MG,15,2026-08-19 12:02:00.000000,INT
Ribeirão das Neves,cidade,Vespasiano - MG,4,2026-08-19 12:02:00.000000,INT
Ribeirão das Neves,cidade,Confins - MG,1,2026-08-19 12:02:00.000000,INT
Ribeirão das Neves,cidade,Ibirité - MG,1,2026-08-19 12:02:00.000000,INT
Ribeirão das Neves,cidade,Lagoa Santa - MG,1,2026-08-19 12:02:00.000000,INT
Ribeirão das Neves,cidade,Montes Claros - MG,1,2026-08-19 12:02:00.000000,INT
Ribeirão das Neves,cidade,Betim - MG,1,2026-08-19 12:02:00.000000,INT
Ribeirão das Neves,cidade,Conceição do Mato Dentro - MG,1,2026-08-19 12:02:00.000000,INT
Ribeirão das Neves,cidade,Governador Valadares - MG,1,2026-08-19 12:02:00.000000,INT
Ribeirão das Neves,cidade,Itamarandiba - MG,1,2026-08-19 12:02:00.000000,INT
Sabará,tipo,Pública Estadual,237,2026-08-19 12:02:00.000000,INT
Sabará,tipo,Pública Municipal,162,2026-08-19 12:02:00.000000,INT
Sabará,tipo,Privada,126,2026-08-19 12:02:00.000000,INT
Sabará,tipo,Pública Federal,5,2026-08-19 12:02:00.000000,INT
Sabará,area,Urbana,530,2026-08-19 12:02:00.000000,INT
Sabará,cidade,Sabará - MG,287,2026-08-19 12:02:00.000000,INT
Sabará,cidade,Belo Horizonte - MG,179,2026-08-19 12:02:00.000000,INT
Sabará,cidade,Caeté - MG,40,2026-08-19 12:02:00.000000,INT
Sabará,cidade,Outra - OU,8,2026-08-19 12:02:00.000000,INT
Sabará,cidade,Santa Luzia - MG,6,2026-08-19 12:02:00.000000,INT
Sabará,cidade,Nova Lima - MG,5,2026-08-19 12:02:00.000000,INT
Sabará,cidade,Contagem - MG,2,2026-08-19 12:02:00.000000,INT
Sabará,cidade,Carmópolis de Minas - MG,1,2026-08-19 12:02:00.000000,INT
Sabará,cidade,Jaboticatubas - MG,1,2026-08-19 12:02:00.000000,INT
Sabará,cidade,São José da Lapa - MG,1,2026-08-19 12:02:00.000000,INT
Santa Luzia,tipo,Pública Estadual,199,2026-08-19 12:02:00.000000,INT
Santa Luzia,tipo,Pública Municipal,156,2026-08-19 12:02:00.000000,INT
Santa Luzia,tipo,Privada,125,2026-08-19 12:02:00.000000,INT
Santa Luzia,tipo,Pública Federal,6,2026-08-19 12:02:00.000000,INT
Santa Luzia,area,Urbana,486,2026-08-19 12:02:00.000000,INT
Santa Luzia,cidade,Santa Luzia - MG,287,2026-08-19 12:02:00.000000,INT
Santa Luzia,cidade,Belo Horizonte - MG,130,2026-08-19 12:02:00.000000,INT
Santa Luzia,cidade,Vespasiano - MG,20,2026-08-19 12:02:00.000000,INT
Santa Luzia,cidade,Outra - OU,13,2026-08-19 12:02:00.000000,INT
Santa Luzia,cidade,Lagoa Santa - MG,9,2026-08-19 12:02:00.000000,INT
Santa Luzia,cidade,São José da Lapa - MG,6,2026-08-19 12:02:00.000000,INT
Santa Luzia,cidade,Pedro Leopoldo - MG,4,2026-08-19 12:02:00.000000,INT
Santa Luzia,cidade,Sabará - MG,2,2026-08-19 12:02:00.000000,INT
Santa Luzia,cidade,Brasília - DF,2,2026-08-19 12:02:00.000000,INT
Santa Luzia,cidade,Contagem - MG,2,2026-08-19 12:02:00.000000,INT
Santa Luzia,cidade,Matozinhos - MG,1,2026-08-19 12:02:00.000000,INT
Santa Luzia,cidade,Camaçari - BA,1,2026-08-19 12:02:00.000000,INT
Santa Luzia,cidade,Araçaí - MG,1,2026-08-19 12:02:00.000000,INT
Santa Luzia,cidade,Caeté - MG,1,2026-08-19 12:02:00.000000,INT
Santa Luzia,cidade,Jaboticatubas - MG,1,2026-08-19 12:02:00.000000,INT
São João Evangelista,tipo,Pública Estadual,432,2026-08-19 12:02:00.000000,INT
São João Evangelista,tipo,Privada,30,2026-08-19 12:02:00.000000,INT
São João Evangelista,tipo,Pública Municipal,17,2026-08-19 12:02:00.000000,INT
São João Evangelista,area,Urbana,464,2026-08-19 12:02:00.000000,INT
São João Evangelista,area,Rural,15,2026-08-19 12:02:00.000000,INT
São João Evangelista,cidade,Guanhães - MG,102,2026-08-19 12:02:00.000000,INT
São João Evangelista,cidade,São João Evangelista - MG,81,2026-08-19 12:02:00.000000,INT
São João Evangelista,cidade,Peçanha - MG,37,2026-08-19 12:02:00.000000,INT
São João Evangelista,cidade,Coluna - MG,26,2026-08-19 12:02:00.000000,INT
São João Evangelista,cidade,Santa Maria do Suaçuí - MG,25,2026-08-19 12:02:00.000000,INT
São João Evangelista,cidade,Virginópolis - MG,23,2026-08-19 12:02:00.000000,INT
São João Evangelista,cidade,São Pedro do Suaçuí - MG,17,2026-08-19 12:02:00.000000,INT
São João Evangelista,cidade,Capelinha - MG,15,2026-08-19 12:02:00.000000,INT
São João Evangelista,cidade,Cantagalo - MG,11,2026-08-19 12:02:00.000000,INT
São João Evangelista,cidade,São José do Jacuri - MG,11,2026-08-19 12:02:00.000000,INT
São João Evangelista,cidade,Divinolândia de Minas - MG,9,2026-08-19 12:02:00.000000,INT
São João Evangelista,cidade,Frei Lagonegro - MG,9,2026-08-19 12:02:00.000000,INT
São João Evangelista,cidade,Setubinha - MG,8,2026-08-19 12:02:00.000000,INT
São João Evangelista,cidade,Dom Joaquim - MG,8,2026-08-19 12:02:00.000000,INT
São João Evangelista,cidade,Angelândia - MG,8,2026-08-19 12:02:00.000000,INT
Todas as unidades,tipo,Pública Estadual,436,2026-08-19 12:02:00.000000,SUB
Todas as unidades,tipo,Privada,68,2026-08-19 12:02:00.000000,SUB
Todas as unidades,tipo,Pública Federal,23,2026-08-19 12:02:00.000000,SUB
Todas as unidades,tipo,Pública Municipal,13,2026-08-19 12:02:00.000000,SUB
Todas as unidades,area,Urbana,532,2026-08-19 12:02:00.000000,SUB
Todas as unidades,area,Rural,8,2026-08-19 12:02:00.000000,SUB
Todas as unidades,cidade,Belo Horizonte - MG,42,2026-08-19 12:02:00.000000,SUB
Todas as unidades,cidade,Conselheiro Lafaiete - MG,38,2026-08-19 12:02:00.000000,SUB
Todas as unidades,cidade,Santa Luzia - MG,36,2026-08-19 12:02:00.000000,SUB
Todas as unidades,cidade,Ouro Preto - MG,33,2026-08-19 12:02:00.000000,SUB
Todas as unidades,cidade,Outra - OU,26,2026-08-19 12:02:00.000000,SUB
Todas as unidades,cidade,Piumhi - MG,24,2026-08-19 12:02:00.000000,SUB
Todas as unidades,cidade,Congonhas - MG,21,2026-08-19 12:02:00.000000,SUB
Todas as unidades,cidade,Ribeirão das Neves - MG,18,2026-08-19 12:02:00.000000,SUB
Todas as unidades,cidade,Governador Valadares - MG,11,2026-08-19 12:02:00.000000,SUB
Todas as unidades,cidade,Ipatinga - MG,10,2026-08-19 12:02:00.000000,SUB
Todas as unidades,cidade,Mariana - MG,10,2026-08-19 12:02:00.000000,SUB
Todas as unidades,cidade,Contagem - MG,7,2026-08-19 12:02:00.000000,SUB
Todas as unidades,cidade,Betim - MG,6,2026-08-19 12:02:00.000000,SUB
Todas as unidades,cidade,Pimenta - MG,6,2026-08-19 12:02:00.000000,SUB
Todas as unidades,cidade,Salvador - BA,6,2026-08-19 12:02:00.000000,SUB
Bambuí,tipo,Pública Estadual,8,2026-08-19 12:02:00.000000,SUB
Bambuí,tipo,Privada,4,2026-08-19 12:02:00.000000,SUB
Bambuí,tipo,Pública Municipal,3,2026-08-19 12:02:00.000000,SUB
Bambuí,area,Urbana,12,2026-08-19 12:02:00.000000,SUB
Bambuí,area,Rural,3,2026-08-19 12:02:00.000000,SUB
Bambuí,cidade,Bambuí - MG,3,2026-08-19 12:02:00.000000,SUB
Bambuí,cidade,Formiga - MG,2,2026-08-19 12:02:00.000000,SUB
Bambuí,cidade,Caraí - MG,1,2026-08-19 12:02:00.000000,SUB
Bambuí,cidade,Oliveira - MG,1,2026-08-19 12:02:00.000000,SUB
Bambuí,cidade,Pimenta - MG,1,2026-08-19 12:02:00.000000,SUB
Bambuí,cidade,Campinas - SP,1,2026-08-19 12:02:00.000000,SUB
Bambuí,cidade,Arcos - MG,1,2026-08-19 12:02:00.000000,SUB
Bambuí,cidade,Belo Horizonte - MG,1,2026-08-19 12:02:00.000000,SUB
Bambuí,cidade,Perdões - MG,1,2026-08-19 12:02:00.000000,SUB
Bambuí,cidade,Santa Rosa da Serra - MG,1,2026-08-19 12:02:00.000000,SUB
Bambuí,cidade,Leme - SP,1,2026-08-19 12:02:00.000000,SUB
Bambuí,cidade,Santa Filomena - PE,1,2026-08-19 12:02:00.000000,SUB
Congonhas,tipo,Pública Estadual,23,2026-08-19 12:02:00.000000,SUB
Congonhas,tipo,Privada,2,2026-08-19 12:02:00.000000,SUB
Congonhas,area,Urbana,25,2026-08-19 12:02:00.000000,SUB
Congonhas,cidade,Congonhas - MG,15,2026-08-19 12:02:00.000000,SUB
Congonhas,cidade,Ubiratã - PR,1,2026-08-19 12:02:00.000000,SUB
Congonhas,cidade,Oriximiná - PA,1,2026-08-19 12:02:00.000000,SUB
Congonhas,cidade,Betim - MG,1,2026-08-19 12:02:00.000000,SUB
Congonhas,cidade,Entre Rios de Minas - MG,1,2026-08-19 12:02:00.000000,SUB
Congonhas,cidade,Sabará - MG,1,2026-08-19 12:02:00.000000,SUB
Congonhas,cidade,Barrinha - SP,1,2026-08-19 12:02:00.000000,SUB
Congonhas,cidade,Outra - OU,1,2026-08-19 12:02:00.000000,SUB
Congonhas,cidade,Maceió - AL,1,2026-08-19 12:02:00.000000,SUB
Congonhas,cidade,Ouro Preto - MG,1,2026-08-19 12:02:00.000000,SUB
Congonhas,cidade,São Brás do Suaçuí - MG,1,2026-08-19 12:02:00.000000,SUB
Conselheiro Lafaiete,tipo,Pública Estadual,49,2026-08-19 12:02:00.000000,SUB
Conselheiro Lafaiete,tipo,Pública Municipal,6,2026-08-19 12:02:00.000000,SUB
Conselheiro Lafaiete,tipo,Privada,5,2026-08-19 12:02:00.000000,SUB
Conselheiro Lafaiete,tipo,Pública Federal,1,2026-08-19 12:02:00.000000,SUB
Conselheiro Lafaiete,area,Urbana,61,2026-08-19 12:02:00.000000,SUB
Conselheiro Lafaiete,cidade,Conselheiro Lafaiete - MG,36,2026-08-19 12:02:00.000000,SUB
Conselheiro Lafaiete,cidade,Congonhas - MG,4,2026-08-19 12:02:00.000000,SUB
Conselheiro Lafaiete,cidade,Barbacena - MG,3,2026-08-19 12:02:00.000000,SUB
Conselheiro Lafaiete,cidade,Ouro Branco - MG,2,2026-08-19 12:02:00.000000,SUB
Conselheiro Lafaiete,cidade,Senhora de Oliveira - MG,2,2026-08-19 12:02:00.000000,SUB
Conselheiro Lafaiete,cidade,Outra - OU,2,2026-08-19 12:02:00.000000,SUB
Conselheiro Lafaiete,cidade,Entre Rios de Minas - MG,2,2026-08-19 12:02:00.000000,SUB
Conselheiro Lafaiete,cidade,Guanhães - MG,1,2026-08-19 12:02:00.000000,SUB
Conselheiro Lafaiete,cidade,Patos de Minas - MG,1,2026-08-19 12:02:00.000000,SUB
Conselheiro Lafaiete,cidade,Rio de Janeiro - RJ,1,2026-08-19 12:02:00.000000,SUB
Conselheiro Lafaiete,cidade,Caranaíba - MG,1,2026-08-19 12:02:00.000000,SUB
Conselheiro Lafaiete,cidade,Nova Lima - MG,1,2026-08-19 12:02:00.000000,SUB
Conselheiro Lafaiete,cidade,Ouro Preto - MG,1,2026-08-19 12:02:00.000000,SUB
Conselheiro Lafaiete,cidade,Piranga - MG,1,2026-08-19 12:02:00.000000,SUB
Conselheiro Lafaiete,cidade,Varginha - MG,1,2026-08-19 12:02:00.000000,SUB
Governador Valadares,tipo,Pública Estadual,17,2026-08-19 12:02:00.000000,SUB
Governador Valadares,tipo,Privada,3,2026-08-19 12:02:00.000000,SUB
Governador Valadares,tipo,Pública Municipal,1,2026-08-19 12:02:00.000000,SUB
Governador Valadares,area,Urbana,21,2026-08-19 12:02:00.000000,SUB
Governador Valadares,cidade,Governador Valadares - MG,10,2026-08-19 12:02:00.000000,SUB
Governador Valadares,cidade,Galiléia - MG,2,2026-08-19 12:02:00.000000,SUB
Governador Valadares,cidade,Outra - OU,2,2026-08-19 12:02:00.000000,SUB
Governador Valadares,cidade,São Paulo - SP,1,2026-08-19 12:02:00.000000,SUB
Governador Valadares,cidade,Resplendor - MG,1,2026-08-19 12:02:00.000000,SUB
Governador Valadares,cidade,São Félix de Minas - MG,1,2026-08-19 12:02:00.000000,SUB
Governador Valadares,cidade,São Mateus - ES,1,2026-08-19 12:02:00.000000,SUB
Governador Valadares,cidade,Itabuna - BA,1,2026-08-19 12:02:00.000000,SUB
Governador Valadares,cidade,Santa Maria do Suaçuí - MG,1,2026-08-19 12:02:00.000000,SUB
Governador Valadares,cidade,São Domingos do Norte - ES,1,2026-08-19 12:02:00.000000,SUB
Ipatinga,tipo,Pública Estadual,30,2026-08-19 12:02:00.000000,SUB
Ipatinga,tipo,Privada,1,2026-08-19 12:02:00.000000,SUB
Ipatinga,tipo,Pública Municipal,1,2026-08-19 12:02:00.000000,SUB
Ipatinga,tipo,Pública Federal,1,2026-08-19 12:02:00.000000,SUB
Ipatinga,area,Urbana,33,2026-08-19 12:02:00.000000,SUB
Ipatinga,cidade,Ipatinga - MG,10,2026-08-19 12:02:00.000000,SUB
Ipatinga,cidade,Coronel Fabriciano - MG,4,2026-08-19 12:02:00.000000,SUB
Ipatinga,cidade,Santana do Paraíso - MG,3,2026-08-19 12:02:00.000000,SUB
Ipatinga,cidade,Timóteo - MG,3,2026-08-19 12:02:00.000000,SUB
Ipatinga,cidade,Mesquita - MG,1,2026-08-19 12:02:00.000000,SUB
Ipatinga,cidade,São Paulo - SP,1,2026-08-19 12:02:00.000000,SUB
Ipatinga,cidade,Salvador - BA,1,2026-08-19 12:02:00.000000,SUB
Ipatinga,cidade,Araçuaí - MG,1,2026-08-19 12:02:00.000000,SUB
Ipatinga,cidade,Bom Jesus do Galho - MG,1,2026-08-19 12:02:00.000000,SUB
Ipatinga,cidade,Iapu - MG,1,2026-08-19 12:02:00.000000,SUB
Ipatinga,cidade,Itaobim - MG,1,2026-08-19 12:02:00.000000,SUB
Ipatinga,cidade,Pingo-d'Água - MG,1,2026-08-19 12:02:00.000000,SUB
Ipatinga,cidade,Outra - OU,1,2026-08-19 12:02:00.000000,SUB
Ipatinga,cidade,Açucena - MG,1,2026-08-19 12:02:00.000000,SUB
Ipatinga,cidade,Belo Horizonte - MG,1,2026-08-19 12:02:00.000000,SUB
Ouro Preto,tipo,Pública Estadual,67,2026-08-19 12:02:00.000000,SUB
Ouro Preto,tipo,Privada,14,2026-08-19 12:02:00.000000,SUB
Ouro Preto,tipo,Pública Federal,3,2026-08-19 12:02:00.000000,SUB
Ouro Preto,tipo,Pública Municipal,1,2026-08-19 12:02:00.000000,SUB
Ouro Preto,area,Urbana,85,2026-08-19 12:02:00.000000,SUB
Ouro Preto,cidade,Ouro Preto - MG,31,2026-08-19 12:02:00.000000,SUB
Ouro Preto,cidade,Mariana - MG,10,2026-08-19 12:02:00.000000,SUB
Ouro Preto,cidade,Outra - OU,4,2026-08-19 12:02:00.000000,SUB
Ouro Preto,cidade,Belo Horizonte - MG,4,2026-08-19 12:02:00.000000,SUB
Ouro Preto,cidade,Catas Altas - MG,3,2026-08-19 12:02:00.000000,SUB
Ouro Preto,cidade,Congonhas - MG,2,2026-08-19 12:02:00.000000,SUB
Ouro Preto,cidade,Salvador - BA,2,2026-08-19 12:02:00.000000,SUB
Ouro Preto,cidade,Itabirito - MG,2,2026-08-19 12:02:00.000000,SUB
Ouro Preto,cidade,Muriaé - MG,2,2026-08-19 12:02:00.000000,SUB
Ouro Preto,cidade,Urucânia - MG,1,2026-08-19 12:02:00.000000,SUB
Ouro Preto,cidade,Guaraciaba - MG,1,2026-08-19 12:02:00.000000,SUB
Ouro Preto,cidade,Bauru - SP,1,2026-08-19 12:02:00.000000,SUB
Ouro Preto,cidade,Januária - MG,1,2026-08-19 12:02:00.000000,SUB
Ouro Preto,cidade,Belém - PA,1,2026-08-19 12:02:00.000000,SUB
Ouro Preto,cidade,Tupanciretã - RS,1,2026-08-19 12:02:00.000000,SUB
Piumhi,tipo,Pública Estadual,36,2026-08-19 12:02:00.000000,SUB
Piumhi,tipo,Privada,5,2026-08-19 12:02:00.000000,SUB
Piumhi,tipo,Pública Federal,3,2026-08-19 12:02:00.000000,SUB
Piumhi,area,Urbana,43,2026-08-19 12:02:00.000000,SUB
Piumhi,area,Rural,1,2026-08-19 12:02:00.000000,SUB
Piumhi,cidade,Piumhi - MG,24,2026-08-19 12:02:00.000000,SUB
Piumhi,cidade,Pimenta - MG,5,2026-08-19 12:02:00.000000,SUB
Piumhi,cidade,Franca - SP,2,2026-08-19 12:02:00.000000,SUB
Piumhi,cidade,Doresópolis - MG,2,2026-08-19 12:02:00.000000,SUB
Piumhi,cidade,São Roque de Minas - MG,2,2026-08-19 12:02:00.000000,SUB
Piumhi,cidade,Outra - OU,1,2026-08-19 12:02:00.000000,SUB
Piumhi,cidade,Icó - CE,1,2026-08-19 12:02:00.000000,SUB
Piumhi,cidade,Arcos - MG,1,2026-08-19 12:02:00.000000,SUB
Piumhi,cidade,Belo Horizonte - MG,1,2026-08-19 12:02:00.000000,SUB
Piumhi,cidade,São Francisco - MG,1,2026-08-19 12:02:00.000000,SUB
Piumhi,cidade,Vargem Bonita - MG,1,2026-08-19 12:02:00.000000,SUB
Piumhi,cidade,Rio Verde - GO,1,2026-08-19 12:02:00.000000,SUB
Piumhi,cidade,Ibicuí - BA,1,2026-08-19 12:02:00.000000,SUB
Piumhi,cidade,Bambuí - MG,1,2026-08-19 12:02:00.000000,SUB
Ribeirão das Neves,tipo,Pública Estadual,132,2026-08-19 12:02:00.000000,SUB
Ribeirão das Neves,tipo,Privada,22,2026-08-19 12:02:00.000000,SUB
Ribeirão das Neves,tipo,Pública Federal,9,2026-08-19 12:02:00.000000,SUB
Ribeirão das Neves,tipo,Pública Municipal,1,2026-08-19 12:02:00.000000,SUB
Ribeirão das Neves,area,Urbana,161,2026-08-19 12:02:00.000000,SUB
Ribeirão das Neves,area,Rural,3,2026-08-19 12:02:00.000000,SUB
Ribeirão das Neves,cidade,Belo Horizonte - MG,18,2026-08-19 12:02:00.000000,SUB
Ribeirão das Neves,cidade,Ribeirão das Neves - MG,17,2026-08-19 12:02:00.000000,SUB
Ribeirão das Neves,cidade,Outra - OU,11,2026-08-19 12:02:00.000000,SUB
Ribeirão das Neves,cidade,Contagem - MG,5,2026-08-19 12:02:00.000000,SUB
Ribeirão das Neves,cidade,Campos dos Goytacazes - RJ,3,2026-08-19 12:02:00.000000,SUB
Ribeirão das Neves,cidade,Salvador - BA,3,2026-08-19 12:02:00.000000,SUB
Ribeirão das Neves,cidade,Itaobim - MG,2,2026-08-19 12:02:00.000000,SUB
Ribeirão das Neves,cidade,Volta Redonda - RJ,2,2026-08-19 12:02:00.000000,SUB
Ribeirão das Neves,cidade,Matozinhos - MG,2,2026-08-19 12:02:00.000000,SUB
Ribeirão das Neves,cidade,São Bernardo do Campo - SP,2,2026-08-19 12:02:00.000000,SUB
Ribeirão das Neves,cidade,Vespasiano - MG,2,2026-08-19 12:02:00.000000,SUB
Ribeirão das Neves,cidade,Betim - MG,2,2026-08-19 12:02:00.000000,SUB
Ribeirão das Neves,cidade,Cataguases - MG,2,2026-08-19 12:02:00.000000,SUB
Ribeirão das Neves,cidade,São Paulo - SP,2,2026-08-19 12:02:00.000000,SUB
Ribeirão das Neves,cidade,Vila Velha - ES,2,2026-08-19 12:02:00.000000,SUB
Santa Luzia,tipo,Pública Estadual,74,2026-08-19 12:02:00.000000,SUB
Santa Luzia,tipo,Privada,12,2026-08-19 12:02:00.000000,SUB
Santa Luzia,tipo,Pública Federal,6,2026-08-19 12:02:00.000000,SUB
Santa Luzia,area,Urbana,91,2026-08-19 12:02:00.000000,SUB
Santa Luzia,area,Rural,1,2026-08-19 12:02:00.000000,SUB
Santa Luzia,cidade,Santa Luzia - MG,35,2026-08-19 12:02:00.000000,SUB
Santa Luzia,cidade,Belo Horizonte - MG,17,2026-08-19 12:02:00.000000,SUB
Santa Luzia,cidade,Outra - OU,4,2026-08-19 12:02:00.000000,SUB
Santa Luzia,cidade,Sabará - MG,2,2026-08-19 12:02:00.000000,SUB
Santa Luzia,cidade,Contagem - MG,2,2026-08-19 12:02:00.000000,SUB
Santa Luzia,cidade,São Paulo - SP,2,2026-08-19 12:02:00.000000,SUB
Santa Luzia,cidade,Betim - MG,2,2026-08-19 12:02:00.000000,SUB
Santa Luzia,cidade,Itabira - MG,1,2026-08-19 12:02:00.000000,SUB
Santa Luzia,cidade,Guaratinguetá - SP,1,2026-08-19 12:02:00.000000,SUB
Santa Luzia,cidade,Lavras - MG,1,2026-08-19 12:02:00.000000,SUB
Santa Luzia,cidade,Manaus - AM,1,2026-08-19 12:02:00.000000,SUB
Santa Luzia,cidade,Santo Inácio - PR,1,2026-08-19 12:02:00.000000,SUB
Santa Luzia,cidade,Queluzito - MG,1,2026-08-19 12:02:00.000000,SUB
Santa Luzia,cidade,Abreu e Lima - PE,1,2026-08-19 12:02:00.000000,SUB
Santa Luzia,cidade,Tomar do Geru - SE,1,2026-08-19 12:02:00.000000,SUB
Todas as unidades,tipo,Pública Estadual,1340,2026-08-19 12:02:00.000000,SUP
Todas as unidades,tipo,Pública Federal,262,2026-08-19 12:02:00.000000,SUP
Todas as unidades,tipo,Privada,222,2026-08-19 12:02:00.000000,SUP
Todas as unidades,tipo,Pública Municipal,44,2026-08-19 12:02:00.000000,SUP
Todas as unidades,area,Urbana,1802,2026-08-19 12:02:00.000000,SUP
Todas as unidades,area,Rural,66,2026-08-19 12:02:00.000000,SUP
Todas as unidades,cidade,Belo Horizonte - MG,217,2026-08-19 12:02:00.000000,SUP
Todas as unidades,cidade,Ribeirão das Neves - MG,106,2026-08-19 12:02:00.000000,SUP
Todas as unidades,cidade,Ouro Branco - MG,104,2026-08-19 12:02:00.000000,SUP
Todas as unidades,cidade,Betim - MG,98,2026-08-19 12:02:00.000000,SUP
Todas as unidades,cidade,Arcos - MG,82,2026-08-19 12:02:00.000000,SUP
Todas as unidades,cidade,Bambuí - MG,76,2026-08-19 12:02:00.000000,SUP
Todas as unidades,cidade,Sabará - MG,74,2026-08-19 12:02:00.000000,SUP
Todas as unidades,cidade,Formiga - MG,74,2026-08-19 12:02:00.000000,SUP
Todas as unidades,cidade,Santa Luzia - MG,59,2026-08-19 12:02:00.000000,SUP
Todas as unidades,cidade,Outra - OU,58,2026-08-19 12:02:00.000000,SUP
Todas as unidades,cidade,Congonhas - MG,57,2026-08-19 12:02:00.000000,SUP
Todas as unidades,cidade,Contagem - MG,53,2026-08-19 12:02:00.000000,SUP
Todas as unidades,cidade,Governador Valadares - MG,53,2026-08-19 12:02:00.000000,SUP
Todas as unidades,cidade,Ouro Preto - MG,44,2026-08-19 12:02:00.000000,SUP
Todas as unidades,cidade,Conselheiro Lafaiete - MG,43,2026-08-19 12:02:00.000000,SUP
Arcos,tipo,Pública Estadual,104,2026-08-19 12:02:00.000000,SUP
Arcos,tipo,Privada,19,2026-08-19 12:02:00.000000,SUP
Arcos,tipo,Pública Federal,16,2026-08-19 12:02:00.000000,SUP
Arcos,tipo,Pública Municipal,1,2026-08-19 12:02:00.000000,SUP
Arcos,area,Urbana,135,2026-08-19 12:02:00.000000,SUP
Arcos,area,Rural,5,2026-08-19 12:02:00.000000,SUP
Arcos,cidade,Arcos - MG,63,2026-08-19 12:02:00.000000,SUP
Arcos,cidade,Formiga - MG,14,2026-08-19 12:02:00.000000,SUP
Arcos,cidade,Iguatama - MG,7,2026-08-19 12:02:00.000000,SUP
Arcos,cidade,Lagoa da Prata - MG,6,2026-08-19 12:02:00.000000,SUP
Arcos,cidade,Bambuí - MG,5,2026-08-19 12:02:00.000000,SUP
Arcos,cidade,Belo Horizonte - MG,4,2026-08-19 12:02:00.000000,SUP
Arcos,cidade,Outra - OU,4,2026-08-19 12:02:00.000000,SUP
Arcos,cidade,Piumhi - MG,3,2026-08-19 12:02:00.000000,SUP
Arcos,cidade,Manaus - AM,2,2026-08-19 12:02:00.000000,SUP
Arcos,cidade,Contagem - MG,2,2026-08-19 12:02:00.000000,SUP
Arcos,cidade,Florestal - MG,2,2026-08-19 12:02:00.000000,SUP
Arcos,cidade,Pains - MG,2,2026-08-19 12:02:00.000000,SUP
Arcos,cidade,Rio Paranaíba - MG,1,2026-08-19 12:02:00.000000,SUP
Arcos,cidade,Capitão Enéas - MG,1,2026-08-19 12:02:00.000000,SUP
Arcos,cidade,Santa Luzia - MG,1,2026-08-19 12:02:00.000000,SUP
Bambuí,tipo,Pública Estadual,114,2026-08-19 12:02:00.000000,SUP
Bambuí,tipo,Pública Federal,48,2026-08-19 12:02:00.000000,SUP
Bambuí,tipo,Privada,28,2026-08-19 12:02:00.000000,SUP
Bambuí,tipo,Pública Municipal,6,2026-08-19 12:02:00.000000,SUP
Bambuí,area,Urbana,157,2026-08-19 12:02:00.000000,SUP
Bambuí,area,Rural,39,2026-08-19 12:02:00.000000,SUP
Bambuí,cidade,Bambuí - MG,69,2026-08-19 12:02:00.000000,SUP
Bambuí,cidade,Belo Horizonte - MG,9,2026-08-19 12:02:00.000000,SUP
Bambuí,cidade,Piumhi - MG,9,2026-08-19 12:02:00.000000,SUP
Bambuí,cidade,Arcos - MG,7,2026-08-19 12:02:00.000000,SUP
Bambuí,cidade,Divinópolis - MG,7,2026-08-19 12:02:00.000000,SUP
Bambuí,cidade,Lagoa da Prata - MG,6,2026-08-19 12:02:00.000000,SUP
Bambuí,cidade,Medeiros - MG,5,2026-08-19 12:02:00.000000,SUP
Bambuí,cidade,Araxá - MG,5,2026-08-19 12:02:00.000000,SUP
Bambuí,cidade,Dores do Indaiá - MG,5,2026-08-19 12:02:00.000000,SUP
Bambuí,cidade,Ipatinga - MG,4,2026-08-19 12:02:00.000000,SUP
Bambuí,cidade,Luz - MG,4,2026-08-19 12:02:00.000000,SUP
Bambuí,cidade,Bom Despacho - MG,3,2026-08-19 12:02:00.000000,SUP
Bambuí,cidade,Betim - MG,3,2026-08-19 12:02:00.000000,SUP
Bambuí,cidade,Outra - OU,3,2026-08-19 12:02:00.000000,SUP
Bambuí,cidade,Ibiá - MG,2,2026-08-19 12:02:00.000000,SUP
Betim,tipo,Pública Estadual,113,2026-08-19 12:02:00.000000,SUP
Betim,tipo,Pública Federal,34,2026-08-19 12:02:00.000000,SUP
Betim,tipo,Privada,24,2026-08-19 12:02:00.000000,SUP
Betim,tipo,Pública Municipal,5,2026-08-19 12:02:00.000000,SUP
Betim,area,Urbana,172,2026-08-19 12:02:00.000000,SUP
Betim,area,Rural,4,2026-08-19 12:02:00.000000,SUP
Betim,cidade,Betim - MG,85,2026-08-19 12:02:00.000000,SUP
Betim,cidade,Contagem - MG,30,2026-08-19 12:02:00.000000,SUP
Betim,cidade,Belo Horizonte - MG,15,2026-08-19 12:02:00.000000,SUP
Betim,cidade,Outra - OU,9,2026-08-19 12:02:00.000000,SUP
Betim,cidade,Ibirité - MG,6,2026-08-19 12:02:00.000000,SUP
Betim,cidade,Sarzedo - MG,3,2026-08-19 12:02:00.000000,SUP
Betim,cidade,Igarapé - MG,3,2026-08-19 12:02:00.000000,SUP
Betim,cidade,São Joaquim de Bicas - MG,2,2026-08-19 12:02:00.000000,SUP
Betim,cidade,Mateus Leme - MG,2,2026-08-19 12:02:00.000000,SUP
Betim,cidade,Piracema - MG,1,2026-08-19 12:02:00.000000,SUP
Betim,cidade,Cataguases - MG,1,2026-08-19 12:02:00.000000,SUP
Betim,cidade,Tocos do Moji - MG,1,2026-08-19 12:02:00.000000,SUP
Betim,cidade,Mauá - SP,1,2026-08-19 12:02:00.000000,SUP
Betim,cidade,Florestal - MG,1,2026-08-19 12:02:00.000000,SUP
Betim,cidade,São José dos Campos - SP,1,2026-08-19 12:02:00.000000,SUP
Congonhas,tipo,Pública Estadual,59,2026-08-19 12:02:00.000000,SUP
Congonhas,tipo,Pública Federal,5,2026-08-19 12:02:00.000000,SUP
Congonhas,tipo,Privada,3,2026-08-19 12:02:00.000000,SUP
Congonhas,tipo,Pública Municipal,1,2026-08-19 12:02:00.000000,SUP
Congonhas,area,Urbana,68,2026-08-19 12:02:00.000000,SUP
Congonhas,cidade,Congonhas - MG,40,2026-08-19 12:02:00.000000,SUP
Congonhas,cidade,Conselheiro Lafaiete - MG,7,2026-08-19 12:02:00.000000,SUP
Congonhas,cidade,Belo Horizonte - MG,4,2026-08-19 12:02:00.000000,SUP
Congonhas,cidade,São Brás do Suaçuí - MG,2,2026-08-19 12:02:00.000000,SUP
Congonhas,cidade,Carandaí - MG,2,2026-08-19 12:02:00.000000,SUP
Congonhas,cidade,Piranga - MG,1,2026-08-19 12:02:00.000000,SUP
Congonhas,cidade,Santa Bárbara - MG,1,2026-08-19 12:02:00.000000,SUP
Congonhas,cidade,Belém - PA,1,2026-08-19 12:02:00.000000,SUP
Congonhas,cidade,Outra - OU,1,2026-08-19 12:02:00.000000,SUP
Congonhas,cidade,Belo Vale - MG,1,2026-08-19 12:02:00.000000,SUP
Congonhas,cidade,Curvelo - MG,1,2026-08-19 12:02:00.000000,SUP
Congonhas,cidade,Itaguara - MG,1,2026-08-19 12:02:00.000000,SUP
Congonhas,cidade,Pará de Minas - MG,1,2026-08-19 12:02:00.000000,SUP
Congonhas,cidade,Resende Costa - MG,1,2026-08-19 12:02:00.000000,SUP
Congonhas,cidade,Santos Dumont - MG,1,2026-08-19 12:02:00.000000,SUP
Formiga,tipo,Pública Estadual,66,2026-08-19 12:02:00.000000,SUP
Formiga,tipo,Pública Federal,20,2026-08-19 12:02:00.000000,SUP
Formiga,tipo,Privada,15,2026-08-19 12:02:00.000000,SUP
Formiga,tipo,Pública Municipal,1,2026-08-19 12:02:00.000000,SUP
Formiga,area,Urbana,100,2026-08-19 12:02:00.000000,SUP
Formiga,area,Rural,2,2026-08-19 12:02:00.000000,SUP
Formiga,cidade,Formiga - MG,57,2026-08-19 12:02:00.000000,SUP
Formiga,cidade,Arcos - MG,12,2026-08-19 12:02:00.000000,SUP
Formiga,cidade,Lagoa da Prata - MG,5,2026-08-19 12:02:00.000000,SUP
Formiga,cidade,Campo Belo - MG,2,2026-08-19 12:02:00.000000,SUP
Formiga,cidade,Córrego Fundo - MG,2,2026-08-19 12:02:00.000000,SUP
Formiga,cidade,São Paulo - SP,2,2026-08-19 12:02:00.000000,SUP
Formiga,cidade,Salvador - BA,2,2026-08-19 12:02:00.000000,SUP
Formiga,cidade,Rio de Janeiro - RJ,2,2026-08-19 12:02:00.000000,SUP
Formiga,cidade,Guarapari - ES,1,2026-08-19 12:02:00.000000,SUP
Formiga,cidade,Cláudio - MG,1,2026-08-19 12:02:00.000000,SUP
Formiga,cidade,Franca - SP,1,2026-08-19 12:02:00.000000,SUP
Formiga,cidade,Itapecerica - MG,1,2026-08-19 12:02:00.000000,SUP
Formiga,cidade,Oliveira - MG,1,2026-08-19 12:02:00.000000,SUP
Formiga,cidade,Pedra do Indaiá - MG,1,2026-08-19 12:02:00.000000,SUP
Formiga,cidade,Piumhi - MG,1,2026-08-19 12:02:00.000000,SUP
Governador Valadares,tipo,Pública Estadual,83,2026-08-19 12:02:00.000000,SUP
Governador Valadares,tipo,Privada,8,2026-08-19 12:02:00.000000,SUP
Governador Valadares,tipo,Pública Federal,7,2026-08-19 12:02:00.000000,SUP
Governador Valadares,tipo,Pública Municipal,2,2026-08-19 12:02:00.000000,SUP
Governador Valadares,area,Urbana,100,2026-08-19 12:02:00.000000,SUP
Governador Valadares,cidade,Governador Valadares - MG,51,2026-08-19 12:02:00.000000,SUP
Governador Valadares,cidade,Frei Inocêncio - MG,3,2026-08-19 12:02:00.000000,SUP
Governador Valadares,cidade,Águas Formosas - MG,2,2026-08-19 12:02:00.000000,SUP
Governador Valadares,cidade,Coroaci - MG,2,2026-08-19 12:02:00.000000,SUP
Governador Valadares,cidade,São Paulo - SP,2,2026-08-19 12:02:00.000000,SUP
Governador Valadares,cidade,Outra - OU,2,2026-08-19 12:02:00.000000,SUP
Governador Valadares,cidade,Aimorés - MG,1,2026-08-19 12:02:00.000000,SUP
Governador Valadares,cidade,Resplendor - MG,1,2026-08-19 12:02:00.000000,SUP
Governador Valadares,cidade,Central de Minas - MG,1,2026-08-19 12:02:00.000000,SUP
Governador Valadares,cidade,Boa Vista do Ramos - AM,1,2026-08-19 12:02:00.000000,SUP
Governador Valadares,cidade,Santa Luzia - MG,1,2026-08-19 12:02:00.000000,SUP
Governador Valadares,cidade,Contagem - MG,1,2026-08-19 12:02:00.000000,SUP
Governador Valadares,cidade,Barcarena - PA,1,2026-08-19 12:02:00.000000,SUP
Governador Valadares,cidade,Serro - MG,1,2026-08-19 12:02:00.000000,SUP
Governador Valadares,cidade,Divino das Laranjeiras - MG,1,2026-08-19 12:02:00.000000,SUP
Ibirité,tipo,Pública Estadual,55,2026-08-19 12:02:00.000000,SUP
Ibirité,tipo,Privada,31,2026-08-19 12:02:00.000000,SUP
Ibirité,tipo,Pública Federal,17,2026-08-19 12:02:00.000000,SUP
Ibirité,tipo,Pública Municipal,4,2026-08-19 12:02:00.000000,SUP
Ibirité,area,Urbana,107,2026-08-19 12:02:00.000000,SUP
Ibirité,cidade,Belo Horizonte - MG,37,2026-08-19 12:02:00.000000,SUP
Ibirité,cidade,Ibirité - MG,33,2026-08-19 12:02:00.000000,SUP
Ibirité,cidade,Outra - OU,10,2026-08-19 12:02:00.000000,SUP
Ibirité,cidade,Contagem - MG,7,2026-08-19 12:02:00.000000,SUP
Ibirité,cidade,Betim - MG,5,2026-08-19 12:02:00.000000,SUP
Ibirité,cidade,Sarzedo - MG,3,2026-08-19 12:02:00.000000,SUP
Ibirité,cidade,Catuti - MG,1,2026-08-19 12:02:00.000000,SUP
Ibirité,cidade,Joaíma - MG,1,2026-08-19 12:02:00.000000,SUP
Ibirité,cidade,Mato Verde - MG,1,2026-08-19 12:02:00.000000,SUP
Ibirité,cidade,Nova Serrana - MG,1,2026-08-19 12:02:00.000000,SUP
Ibirité,cidade,Ribeirão das Neves - MG,1,2026-08-19 12:02:00.000000,SUP
Ibirité,cidade,Urucânia - MG,1,2026-08-19 12:02:00.000000,SUP
Ibirité,cidade,Capim Branco - MG,1,2026-08-19 12:02:00.000000,SUP
Ibirité,cidade,Itabira - MG,1,2026-08-19 12:02:00.000000,SUP
Ibirité,cidade,Juiz de Fora - MG,1,2026-08-19 12:02:00.000000,SUP
Ipatinga,tipo,Pública Estadual,37,2026-08-19 12:02:00.000000,SUP
Ipatinga,tipo,Pública Federal,7,2026-08-19 12:02:00.000000,SUP
Ipatinga,tipo,Privada,5,2026-08-19 12:02:00.000000,SUP
Ipatinga,area,Urbana,49,2026-08-19 12:02:00.000000,SUP
Ipatinga,cidade,Ipatinga - MG,21,2026-08-19 12:02:00.000000,SUP
Ipatinga,cidade,Coronel Fabriciano - MG,5,2026-08-19 12:02:00.000000,SUP
Ipatinga,cidade,Timóteo - MG,4,2026-08-19 12:02:00.000000,SUP
Ipatinga,cidade,Santana do Paraíso - MG,4,2026-08-19 12:02:00.000000,SUP
Ipatinga,cidade,Outra - OU,2,2026-08-19 12:02:00.000000,SUP
Ipatinga,cidade,Iapu - MG,2,2026-08-19 12:02:00.000000,SUP
Ipatinga,cidade,Teófilo Otoni - MG,1,2026-08-19 12:02:00.000000,SUP
Ipatinga,cidade,Barbacena - MG,1,2026-08-19 12:02:00.000000,SUP
Ipatinga,cidade,Betim - MG,1,2026-08-19 12:02:00.000000,SUP
Ipatinga,cidade,João Monlevade - MG,1,2026-08-19 12:02:00.000000,SUP
Ipatinga,cidade,Pingo-d'Água - MG,1,2026-08-19 12:02:00.000000,SUP
Ipatinga,cidade,Santa Rita do Itueto - MG,1,2026-08-19 12:02:00.000000,SUP
Ipatinga,cidade,Santo Antônio dos Lopes - MA,1,2026-08-19 12:02:00.000000,SUP
Ipatinga,cidade,Belo Horizonte - MG,1,2026-08-19 12:02:00.000000,SUP
Ipatinga,cidade,Caratinga - MG,1,2026-08-19 12:02:00.000000,SUP
Itabirito,tipo,Pública Estadual,14,2026-08-19 12:02:00.000000,SUP
Itabirito,tipo,Pública Federal,12,2026-08-19 12:02:00.000000,SUP
Itabirito,tipo,Privada,1,2026-08-19 12:02:00.000000,SUP
Itabirito,area,Urbana,26,2026-08-19 12:02:00.000000,SUP
Itabirito,area,Rural,1,2026-08-19 12:02:00.000000,SUP
Itabirito,cidade,Itabirito - MG,19,2026-08-19 12:02:00.000000,SUP
Itabirito,cidade,Conselheiro Lafaiete - MG,1,2026-08-19 12:02:00.000000,SUP
Itabirito,cidade,Ouro Preto - MG,1,2026-08-19 12:02:00.000000,SUP
Itabirito,cidade,Curionópolis - PA,1,2026-08-19 12:02:00.000000,SUP
Itabirito,cidade,Campo Formoso - BA,1,2026-08-19 12:02:00.000000,SUP
Itabirito,cidade,Contagem - MG,1,2026-08-19 12:02:00.000000,SUP
Itabirito,cidade,Nova Lima - MG,1,2026-08-19 12:02:00.000000,SUP
Itabirito,cidade,Ponte Nova - MG,1,2026-08-19 12:02:00.000000,SUP
Itabirito,cidade,Tutóia - MA,1,2026-08-19 12:02:00.000000,SUP
Ouro Branco,tipo,Pública Estadual,163,2026-08-19 12:02:00.000000,SUP
Ouro Branco,tipo,Pública Federal,31,2026-08-19 12:02:00.000000,SUP
Ouro Branco,tipo,Privada,13,2026-08-19 12:02:00.000000,SUP
Ouro Branco,tipo,Pública Municipal,5,2026-08-19 12:02:00.000000,SUP
Ouro Branco,area,Urbana,211,2026-08-19 12:02:00.000000,SUP
Ouro Branco,area,Rural,1,2026-08-19 12:02:00.000000,SUP
Ouro Branco,cidade,Ouro Branco - MG,102,2026-08-19 12:02:00.000000,SUP
Ouro Branco,cidade,Conselheiro Lafaiete - MG,35,2026-08-19 12:02:00.000000,SUP
Ouro Branco,cidade,Congonhas - MG,15,2026-08-19 12:02:00.000000,SUP
Ouro Branco,cidade,Ouro Preto - MG,5,2026-08-19 12:02:00.000000,SUP
Ouro Branco,cidade,Outra - OU,5,2026-08-19 12:02:00.000000,SUP
Ouro Branco,cidade,Belo Horizonte - MG,3,2026-08-19 12:02:00.000000,SUP
Ouro Branco,cidade,Nova Lima - MG,3,2026-08-19 12:02:00.000000,SUP
Ouro Branco,cidade,São Paulo - SP,2,2026-08-19 12:02:00.000000,SUP
Ouro Branco,cidade,Mariana - MG,2,2026-08-19 12:02:00.000000,SUP
Ouro Branco,cidade,Barbacena - MG,2,2026-08-19 12:02:00.000000,SUP
Ouro Branco,cidade,Caranaíba - MG,1,2026-08-19 12:02:00.000000,SUP
Ouro Branco,cidade,São Vicente - SP,1,2026-08-19 12:02:00.000000,SUP
Ouro Branco,cidade,Piedade dos Gerais - MG,1,2026-08-19 12:02:00.000000,SUP
Ouro Branco,cidade,Coronel Fabriciano - MG,1,2026-08-19 12:02:00.000000,SUP
Ouro Branco,cidade,Esteio - RS,1,2026-08-19 12:02:00.000000,SUP
Ouro Preto,tipo,Pública Estadual,52,2026-08-19 12:02:00.000000,SUP
Ouro Preto,tipo,Pública Federal,12,2026-08-19 12:02:00.000000,SUP
Ouro Preto,tipo,Privada,6,2026-08-19 12:02:00.000000,SUP
Ouro Preto,area,Urbana,70,2026-08-19 12:02:00.000000,SUP
Ouro Preto,cidade,Ouro Preto - MG,37,2026-08-19 12:02:00.000000,SUP
Ouro Preto,cidade,Mariana - MG,6,2026-08-19 12:02:00.000000,SUP
Ouro Preto,cidade,Belo Horizonte - MG,3,2026-08-19 12:02:00.000000,SUP
Ouro Preto,cidade,São Luís - MA,2,2026-08-19 12:02:00.000000,SUP
Ouro Preto,cidade,Três Rios - RJ,1,2026-08-19 12:02:00.000000,SUP
Ouro Preto,cidade,Itatiba - SP,1,2026-08-19 12:02:00.000000,SUP
Ouro Preto,cidade,São Gabriel - BA,1,2026-08-19 12:02:00.000000,SUP
Ouro Preto,cidade,São João da Boa Vista - SP,1,2026-08-19 12:02:00.000000,SUP
Ouro Preto,cidade,Congonhas - MG,1,2026-08-19 12:02:00.000000,SUP
Ouro Preto,cidade,Florianópolis - SC,1,2026-08-19 12:02:00.000000,SUP
Ouro Preto,cidade,Rio Casca - MG,1,2026-08-19 12:02:00.000000,SUP
Ouro Preto,cidade,Sabará - MG,1,2026-08-19 12:02:00.000000,SUP
Ouro Preto,cidade,Belém - PA,1,2026-08-19 12:02:00.000000,SUP
Ouro Preto,cidade,Virginópolis - MG,1,2026-08-19 12:02:00.000000,SUP
Ouro Preto,cidade,Santana - AP,1,2026-08-19 12:02:00.000000,SUP
Piumhi,tipo,Pública Estadual,7,2026-08-19 12:02:00.000000,SUP
Piumhi,tipo,Pública Federal,1,2026-08-19 12:02:00.000000,SUP
Piumhi,tipo,Pública Municipal,1,2026-08-19 12:02:00.000000,SUP
Piumhi,area,Urbana,8,2026-08-19 12:02:00.000000,SUP
Piumhi,area,Rural,1,2026-08-19 12:02:00.000000,SUP
Piumhi,cidade,Piumhi - MG,6,2026-08-19 12:02:00.000000,SUP
Piumhi,cidade,São João da Ponte - MG,1,2026-08-19 12:02:00.000000,SUP
Piumhi,cidade,Belo Horizonte - MG,1,2026-08-19 12:02:00.000000,SUP
Piumhi,cidade,Lavras - MG,1,2026-08-19 12:02:00.000000,SUP
Ponte Nova,tipo,Pública Estadual,23,2026-08-19 12:02:00.000000,SUP
Ponte Nova,tipo,Pública Federal,1,2026-08-19 12:02:00.000000,SUP
Ponte Nova,tipo,Privada,1,2026-08-19 12:02:00.000000,SUP
Ponte Nova,area,Urbana,25,2026-08-19 12:02:00.000000,SUP
Ponte Nova,cidade,Ponte Nova - MG,23,2026-08-19 12:02:00.000000,SUP
Ponte Nova,cidade,Ouro Preto - MG,1,2026-08-19 12:02:00.000000,SUP
Ponte Nova,cidade,Santo Antônio do Grama - MG,1,2026-08-19 12:02:00.000000,SUP
Ribeirão das Neves,tipo,Pública Estadual,132,2026-08-19 12:02:00.000000,SUP
Ribeirão das Neves,tipo,Privada,14,2026-08-19 12:02:00.000000,SUP
Ribeirão das Neves,tipo,Pública Federal,8,2026-08-19 12:02:00.000000,SUP
Ribeirão das Neves,tipo,Pública Municipal,3,2026-08-19 12:02:00.000000,SUP
Ribeirão das Neves,area,Urbana,157,2026-08-19 12:02:00.000000,SUP
Ribeirão das Neves,cidade,Ribeirão das Neves - MG,95,2026-08-19 12:02:00.000000,SUP
Ribeirão das Neves,cidade,Belo Horizonte - MG,30,2026-08-19 12:02:00.000000,SUP
Ribeirão das Neves,cidade,Esmeraldas - MG,7,2026-08-19 12:02:00.000000,SUP
Ribeirão das Neves,cidade,Contagem - MG,6,2026-08-19 12:02:00.000000,SUP
Ribeirão das Neves,cidade,Outra - OU,4,2026-08-19 12:02:00.000000,SUP
Ribeirão das Neves,cidade,Sete Lagoas - MG,2,2026-08-19 12:02:00.000000,SUP
Ribeirão das Neves,cidade,Vespasiano - MG,2,2026-08-19 12:02:00.000000,SUP
Ribeirão das Neves,cidade,Rio Pomba - MG,1,2026-08-19 12:02:00.000000,SUP
Ribeirão das Neves,cidade,Vitória - ES,1,2026-08-19 12:02:00.000000,SUP
Ribeirão das Neves,cidade,São Luís - MA,1,2026-08-19 12:02:00.000000,SUP
Ribeirão das Neves,cidade,Catas Altas - MG,1,2026-08-19 12:02:00.000000,SUP
Ribeirão das Neves,cidade,Lagoa Santa - MG,1,2026-08-19 12:02:00.000000,SUP
Ribeirão das Neves,cidade,Santa Luzia - MG,1,2026-08-19 12:02:00.000000,SUP
Ribeirão das Neves,cidade,Tangará da Serra - MT,1,2026-08-19 12:02:00.000000,SUP
Ribeirão das Neves,cidade,Eunápolis - BA,1,2026-08-19 12:02:00.000000,SUP
Sabará,tipo,Pública Estadual,125,2026-08-19 12:02:00.000000,SUP
Sabará,tipo,Privada,27,2026-08-19 12:02:00.000000,SUP
Sabará,tipo,Pública Federal,16,2026-08-19 12:02:00.000000,SUP
Sabará,tipo,Pública Municipal,7,2026-08-19 12:02:00.000000,SUP
Sabará,area,Urbana,172,2026-08-19 12:02:00.000000,SUP
Sabará,area,Rural,3,2026-08-19 12:02:00.000000,SUP
Sabará,cidade,Belo Horizonte - MG,70,2026-08-19 12:02:00.000000,SUP
Sabará,cidade,Sabará - MG,67,2026-08-19 12:02:00.000000,SUP
Sabará,cidade,Santa Luzia - MG,5,2026-08-19 12:02:00.000000,SUP
Sabará,cidade,Outra - OU,4,2026-08-19 12:02:00.000000,SUP
Sabará,cidade,Caeté - MG,4,2026-08-19 12:02:00.000000,SUP
Sabará,cidade,Contagem - MG,2,2026-08-19 12:02:00.000000,SUP
Sabará,cidade,Ribeirão das Neves - MG,2,2026-08-19 12:02:00.000000,SUP
Sabará,cidade,Santo Antônio do Sudoeste - PR,1,2026-08-19 12:02:00.000000,SUP
Sabará,cidade,Janaúba - MG,1,2026-08-19 12:02:00.000000,SUP
Sabará,cidade,Lagoa Santa - MG,1,2026-08-19 12:02:00.000000,SUP
Sabará,cidade,Belém - PA,1,2026-08-19 12:02:00.000000,SUP
Sabará,cidade,Santo Antônio do Grama - MG,1,2026-08-19 12:02:00.000000,SUP
Sabará,cidade,Vitória do Jari - AP,1,2026-08-19 12:02:00.000000,SUP
Sabará,cidade,Timóteo - MG,1,2026-08-19 12:02:00.000000,SUP
Sabará,cidade,Carinhanha - BA,1,2026-08-19 12:02:00.000000,SUP
Santa Luzia,tipo,Pública Estadual,101,2026-08-19 12:02:00.000000,SUP
Santa Luzia,tipo,Privada,25,2026-08-19 12:02:00.000000,SUP
Santa Luzia,tipo,Pública Federal,19,2026-08-19 12:02:00.000000,SUP
Santa Luzia,tipo,Pública Municipal,8,2026-08-19 12:02:00.000000,SUP
Santa Luzia,area,Urbana,152,2026-08-19 12:02:00.000000,SUP
Santa Luzia,area,Rural,1,2026-08-19 12:02:00.000000,SUP
Santa Luzia,cidade,Santa Luzia - MG,51,2026-08-19 12:02:00.000000,SUP
Santa Luzia,cidade,Belo Horizonte - MG,37,2026-08-19 12:02:00.000000,SUP
Santa Luzia,cidade,Outra - OU,11,2026-08-19 12:02:00.000000,SUP
Santa Luzia,cidade,Ribeirão das Neves - MG,7,2026-08-19 12:02:00.000000,SUP
Santa Luzia,cidade,Vespasiano - MG,5,2026-08-19 12:02:00.000000,SUP
Santa Luzia,cidade,Sabará - MG,3,2026-08-19 12:02:00.000000,SUP
Santa Luzia,cidade,Sete Lagoas - MG,2,2026-08-19 12:02:00.000000,SUP
Santa Luzia,cidade,Matozinhos - MG,2,2026-08-19 12:02:00.000000,SUP
Santa Luzia,cidade,Araxá - MG,2,2026-08-19 12:02:00.000000,SUP
Santa Luzia,cidade,Betim - MG,2,2026-08-19 12:02:00.000000,SUP
Santa Luzia,cidade,Capelinha - MG,1,2026-08-19 12:02:00.000000,SUP
Santa Luzia,cidade,Contagem - MG,1,2026-08-19 12:02:00.000000,SUP
Santa Luzia,cidade,Manaus - AM,1,2026-08-19 12:02:00.000000,SUP
Santa Luzia,cidade,Três Corações - MG,1,2026-08-19 12:02:00.000000,SUP
Santa Luzia,cidade,Formiga - MG,1,2026-08-19 12:02:00.000000,SUP
São João Evangelista,tipo,Pública Estadual,92,2026-08-19 12:02:00.000000,SUP
São João Evangelista,tipo,Pública Federal,8,2026-08-19 12:02:00.000000,SUP
São João Evangelista,tipo,Privada,2,2026-08-19 12:02:00.000000,SUP
São João Evangelista,area,Urbana,93,2026-08-19 12:02:00.000000,SUP
São João Evangelista,area,Rural,9,2026-08-19 12:02:00.000000,SUP
São João Evangelista,cidade,São João Evangelista - MG,28,2026-08-19 12:02:00.000000,SUP
São João Evangelista,cidade,Guanhães - MG,22,2026-08-19 12:02:00.000000,SUP
São João Evangelista,cidade,Peçanha - MG,7,2026-08-19 12:02:00.000000,SUP
São João Evangelista,cidade,Dores de Guanhães - MG,4,2026-08-19 12:02:00.000000,SUP
São João Evangelista,cidade,São Pedro do Suaçuí - MG,4,2026-08-19 12:02:00.000000,SUP
São João Evangelista,cidade,Virginópolis - MG,4,2026-08-19 12:02:00.000000,SUP
São João Evangelista,cidade,Santa Maria do Suaçuí - MG,3,2026-08-19 12:02:00.000000,SUP
São João Evangelista,cidade,Paulistas - MG,3,2026-08-19 12:02:00.000000,SUP
São João Evangelista,cidade,Aricanduva - MG,2,2026-08-19 12:02:00.000000,SUP
São João Evangelista,cidade,Coluna - MG,2,2026-08-19 12:02:00.000000,SUP
São João Evangelista,cidade,Serro - MG,2,2026-08-19 12:02:00.000000,SUP
São João Evangelista,cidade,Outra - OU,2,2026-08-19 12:02:00.000000,SUP
São João Evangelista,cidade,Sabinópolis - MG,2,2026-08-19 12:02:00.000000,SUP
São João Evangelista,cidade,Cantagalo - MG,2,2026-08-19 12:02:00.000000,SUP
São João Evangelista,cidade,Dom Joaquim - MG,2,2026-08-19 12:02:00.000000,SUP
Todas as unidades,tipo,Pública Estadual,2597,2026-08-19 16:01:00.000000,INT
Todas as unidades,tipo,Pública Municipal,2434,2026-08-19 16:01:00.000000,INT
Todas as unidades,tipo,Privada,1424,2026-08-19 16:01:00.000000,INT
Todas as unidades,tipo,Pública Federal,25,2026-08-19 16:01:00.000000,INT
Todas as unidades,area,Urbana,6417,2026-08-19 16:01:00.000000,INT
Todas as unidades,area,Rural,63,2026-08-19 16:01:00.000000,INT
Todas as unidades,cidade,Belo Horizonte - MG,827,2026-08-19 16:01:00.000000,INT
Todas as unidades,cidade,Betim - MG,522,2026-08-19 16:01:00.000000,INT
Todas as unidades,cidade,Ribeirão das Neves - MG,391,2026-08-19 16:01:00.000000,INT
Todas as unidades,cidade,Contagem - MG,338,2026-08-19 16:01:00.000000,INT
Todas as unidades,cidade,Santa Luzia - MG,295,2026-08-19 16:01:00.000000,INT
Todas as unidades,cidade,Sabará - MG,294,2026-08-19 16:01:00.000000,INT
Todas as unidades,cidade,Conselheiro Lafaiete - MG,262,2026-08-19 16:01:00.000000,INT
Todas as unidades,cidade,Ouro Preto - MG,258,2026-08-19 16:01:00.000000,INT
Todas as unidades,cidade,Ipatinga - MG,253,2026-08-19 16:01:00.000000,INT
Todas as unidades,cidade,Itabirito - MG,244,2026-08-19 16:01:00.000000,INT
Todas as unidades,cidade,Ponte Nova - MG,233,2026-08-19 16:01:00.000000,INT
Todas as unidades,cidade,Governador Valadares - MG,216,2026-08-19 16:01:00.000000,INT
Todas as unidades,cidade,Congonhas - MG,189,2026-08-19 16:01:00.000000,INT
Todas as unidades,cidade,Ibirité - MG,155,2026-08-19 16:01:00.000000,INT
Todas as unidades,cidade,Ouro Branco - MG,149,2026-08-19 16:01:00.000000,INT
Arcos,tipo,Pública Estadual,46,2026-08-19 16:01:00.000000,INT
Arcos,tipo,Privada,25,2026-08-19 16:01:00.000000,INT
Arcos,tipo,Pública Municipal,3,2026-08-19 16:01:00.000000,INT
Arcos,area,Urbana,71,2026-08-19 16:01:00.000000,INT
Arcos,area,Rural,3,2026-08-19 16:01:00.000000,INT
Arcos,cidade,Arcos - MG,68,2026-08-19 16:01:00.000000,INT
Arcos,cidade,Natal - RN,1,2026-08-19 16:01:00.000000,INT
Arcos,cidade,Doresópolis - MG,1,2026-08-19 16:01:00.000000,INT
Arcos,cidade,Japaraíba - MG,1,2026-08-19 16:01:00.000000,INT
Arcos,cidade,Acrelândia - AC,1,2026-08-19 16:01:00.000000,INT
Arcos,cidade,Iguatama - MG,1,2026-08-19 16:01:00.000000,INT
Arcos,cidade,Outra - OU,1,2026-08-19 16:01:00.000000,INT
Bambuí,tipo,Pública Estadual,82,2026-08-19 16:01:00.000000,INT
Bambuí,tipo,Pública Municipal,27,2026-08-19 16:01:00.000000,INT
Bambuí,tipo,Privada,22,2026-08-19 16:01:00.000000,INT
Bambuí,area,Urbana,120,2026-08-19 16:01:00.000000,INT
Bambuí,area,Rural,11,2026-08-19 16:01:00.000000,INT
Bambuí,cidade,Bambuí - MG,53,2026-08-19 16:01:00.000000,INT
Bambuí,cidade,Iguatama - MG,11,2026-08-19 16:01:00.000000,INT
Bambuí,cidade,Medeiros - MG,10,2026-08-19 16:01:00.000000,INT
Bambuí,cidade,Luz - MG,6,2026-08-19 16:01:00.000000,INT
Bambuí,cidade,Campos Altos - MG,5,2026-08-19 16:01:00.000000,INT
Bambuí,cidade,Arcos - MG,4,2026-08-19 16:01:00.000000,INT
Bambuí,cidade,Pompéu - MG,4,2026-08-19 16:01:00.000000,INT
Bambuí,cidade,Córrego Danta - MG,3,2026-08-19 16:01:00.000000,INT
Bambuí,cidade,Piumhi - MG,3,2026-08-19 16:01:00.000000,INT
Bambuí,cidade,Santa Rosa da Serra - MG,3,2026-08-19 16:01:00.000000,INT
Bambuí,cidade,Japaraíba - MG,2,2026-08-19 16:01:00.000000,INT
Bambuí,cidade,Belo Horizonte - MG,2,2026-08-19 16:01:00.000000,INT
Bambuí,cidade,Contagem - MG,2,2026-08-19 16:01:00.000000,INT
Bambuí,cidade,Outra - OU,2,2026-08-19 16:01:00.000000,INT
Bambuí,cidade,Ibiá - MG,2,2026-08-19 16:01:00.000000,INT
Betim,tipo,Pública Municipal,528,2026-08-19 16:01:00.000000,INT
Betim,tipo,Privada,231,2026-08-19 16:01:00.000000,INT
Betim,tipo,Pública Estadual,148,2026-08-19 16:01:00.000000,INT
Betim,tipo,Pública Federal,4,2026-08-19 16:01:00.000000,INT
Betim,area,Urbana,911,2026-08-19 16:01:00.000000,INT
Betim,cidade,Betim - MG,503,2026-08-19 16:01:00.000000,INT
Betim,cidade,Contagem - MG,272,2026-08-19 16:01:00.000000,INT
Betim,cidade,Belo Horizonte - MG,55,2026-08-19 16:01:00.000000,INT
Betim,cidade,Outra - OU,26,2026-08-19 16:01:00.000000,INT
Betim,cidade,Igarapé - MG,11,2026-08-19 16:01:00.000000,INT
Betim,cidade,São Joaquim de Bicas - MG,11,2026-08-19 16:01:00.000000,INT
Betim,cidade,Juatuba - MG,6,2026-08-19 16:01:00.000000,INT
Betim,cidade,Sarzedo - MG,5,2026-08-19 16:01:00.000000,INT
Betim,cidade,Esmeraldas - MG,5,2026-08-19 16:01:00.000000,INT
Betim,cidade,Nova Lima - MG,3,2026-08-19 16:01:00.000000,INT
Betim,cidade,Paraopeba - MG,1,2026-08-19 16:01:00.000000,INT
Betim,cidade,Santa Bárbara - MG,1,2026-08-19 16:01:00.000000,INT
Betim,cidade,Caeté - MG,1,2026-08-19 16:01:00.000000,INT
Betim,cidade,São José da Lapa - MG,1,2026-08-19 16:01:00.000000,INT
Betim,cidade,Três Marias - MG,1,2026-08-19 16:01:00.000000,INT
Congonhas,tipo,Pública Municipal,166,2026-08-19 16:01:00.000000,INT
Congonhas,tipo,Privada,57,2026-08-19 16:01:00.000000,INT
Congonhas,tipo,Pública Estadual,43,2026-08-19 16:01:00.000000,INT
Congonhas,tipo,Pública Federal,1,2026-08-19 16:01:00.000000,INT
Congonhas,area,Urbana,267,2026-08-19 16:01:00.000000,INT
Congonhas,cidade,Congonhas - MG,187,2026-08-19 16:01:00.000000,INT
Congonhas,cidade,Jeceaba - MG,24,2026-08-19 16:01:00.000000,INT
Congonhas,cidade,Conselheiro Lafaiete - MG,17,2026-08-19 16:01:00.000000,INT
Congonhas,cidade,São Brás do Suaçuí - MG,10,2026-08-19 16:01:00.000000,INT
Congonhas,cidade,Belo Vale - MG,9,2026-08-19 16:01:00.000000,INT
Congonhas,cidade,Entre Rios de Minas - MG,9,2026-08-19 16:01:00.000000,INT
Congonhas,cidade,Outra - OU,6,2026-08-19 16:01:00.000000,INT
Congonhas,cidade,Barão de Cocais - MG,1,2026-08-19 16:01:00.000000,INT
Congonhas,cidade,Barrinha - SP,1,2026-08-19 16:01:00.000000,INT
Congonhas,cidade,Belo Horizonte - MG,1,2026-08-19 16:01:00.000000,INT
Congonhas,cidade,Ouro Branco - MG,1,2026-08-19 16:01:00.000000,INT
Congonhas,cidade,Guarapari - ES,1,2026-08-19 16:01:00.000000,INT
Conselheiro Lafaiete,tipo,Pública Municipal,96,2026-08-19 16:01:00.000000,INT
Conselheiro Lafaiete,tipo,Pública Estadual,92,2026-08-19 16:01:00.000000,INT
Conselheiro Lafaiete,tipo,Privada,23,2026-08-19 16:01:00.000000,INT
Conselheiro Lafaiete,area,Urbana,210,2026-08-19 16:01:00.000000,INT
Conselheiro Lafaiete,area,Rural,1,2026-08-19 16:01:00.000000,INT
Conselheiro Lafaiete,cidade,Conselheiro Lafaiete - MG,158,2026-08-19 16:01:00.000000,INT
Conselheiro Lafaiete,cidade,Carandaí - MG,22,2026-08-19 16:01:00.000000,INT
Conselheiro Lafaiete,cidade,Catas Altas da Noruega - MG,6,2026-08-19 16:01:00.000000,INT
Conselheiro Lafaiete,cidade,Caranaíba - MG,5,2026-08-19 16:01:00.000000,INT
Conselheiro Lafaiete,cidade,Outra - OU,3,2026-08-19 16:01:00.000000,INT
Conselheiro Lafaiete,cidade,Queluzito - MG,3,2026-08-19 16:01:00.000000,INT
Conselheiro Lafaiete,cidade,Cristiano Otoni - MG,3,2026-08-19 16:01:00.000000,INT
Conselheiro Lafaiete,cidade,Juiz de Fora - MG,2,2026-08-19 16:01:00.000000,INT
Conselheiro Lafaiete,cidade,Jeceaba - MG,2,2026-08-19 16:01:00.000000,INT
Conselheiro Lafaiete,cidade,Itaverava - MG,2,2026-08-19 16:01:00.000000,INT
Conselheiro Lafaiete,cidade,Piranga - MG,1,2026-08-19 16:01:00.000000,INT
Conselheiro Lafaiete,cidade,Rio Espera - MG,1,2026-08-19 16:01:00.000000,INT
Conselheiro Lafaiete,cidade,Entre Rios de Minas - MG,1,2026-08-19 16:01:00.000000,INT
Conselheiro Lafaiete,cidade,Ouro Branco - MG,1,2026-08-19 16:01:00.000000,INT
Conselheiro Lafaiete,cidade,Santana dos Montes - MG,1,2026-08-19 16:01:00.000000,INT
Formiga,tipo,Pública Estadual,75,2026-08-19 16:01:00.000000,INT
Formiga,tipo,Pública Municipal,26,2026-08-19 16:01:00.000000,INT
Formiga,tipo,Privada,12,2026-08-19 16:01:00.000000,INT
Formiga,area,Urbana,111,2026-08-19 16:01:00.000000,INT
Formiga,area,Rural,2,2026-08-19 16:01:00.000000,INT
Formiga,cidade,Formiga - MG,82,2026-08-19 16:01:00.000000,INT
Formiga,cidade,Pains - MG,15,2026-08-19 16:01:00.000000,INT
Formiga,cidade,Córrego Fundo - MG,10,2026-08-19 16:01:00.000000,INT
Formiga,cidade,Córrego Danta - MG,1,2026-08-19 16:01:00.000000,INT
Formiga,cidade,Divinópolis - MG,1,2026-08-19 16:01:00.000000,INT
Formiga,cidade,Barra da Estiva - BA,1,2026-08-19 16:01:00.000000,INT
Formiga,cidade,Campo Belo - MG,1,2026-08-19 16:01:00.000000,INT
Formiga,cidade,Outra - OU,1,2026-08-19 16:01:00.000000,INT
Formiga,cidade,Arcos - MG,1,2026-08-19 16:01:00.000000,INT
Governador Valadares,tipo,Pública Estadual,167,2026-08-19 16:01:00.000000,INT
Governador Valadares,tipo,Privada,113,2026-08-19 16:01:00.000000,INT
Governador Valadares,tipo,Pública Municipal,21,2026-08-19 16:01:00.000000,INT
Governador Valadares,area,Urbana,298,2026-08-19 16:01:00.000000,INT
Governador Valadares,area,Rural,3,2026-08-19 16:01:00.000000,INT
Governador Valadares,cidade,Governador Valadares - MG,215,2026-08-19 16:01:00.000000,INT
Governador Valadares,cidade,Engenheiro Caldas - MG,15,2026-08-19 16:01:00.000000,INT
Governador Valadares,cidade,Frei Inocêncio - MG,14,2026-08-19 16:01:00.000000,INT
Governador Valadares,cidade,Mathias Lobato - MG,11,2026-08-19 16:01:00.000000,INT
Governador Valadares,cidade,Outra - OU,10,2026-08-19 16:01:00.000000,INT
Governador Valadares,cidade,Tarumirim - MG,6,2026-08-19 16:01:00.000000,INT
Governador Valadares,cidade,Jampruca - MG,4,2026-08-19 16:01:00.000000,INT
Governador Valadares,cidade,Sardoá - MG,4,2026-08-19 16:01:00.000000,INT
Governador Valadares,cidade,Itanhomi - MG,3,2026-08-19 16:01:00.000000,INT
Governador Valadares,cidade,Alpercata - MG,2,2026-08-19 16:01:00.000000,INT
Governador Valadares,cidade,São Geraldo da Piedade - MG,2,2026-08-19 16:01:00.000000,INT
Governador Valadares,cidade,Novo Cruzeiro - MG,1,2026-08-19 16:01:00.000000,INT
Governador Valadares,cidade,Aimorés - MG,1,2026-08-19 16:01:00.000000,INT
Governador Valadares,cidade,Santa Rita do Itueto - MG,1,2026-08-19 16:01:00.000000,INT
Governador Valadares,cidade,Campanário - MG,1,2026-08-19 16:01:00.000000,INT
Ibirité,tipo,Pública Municipal,269,2026-08-19 16:01:00.000000,INT
Ibirité,tipo,Privada,150,2026-08-19 16:01:00.000000,INT
Ibirité,tipo,Pública Estadual,109,2026-08-19 16:01:00.000000,INT
Ibirité,area,Urbana,527,2026-08-19 16:01:00.000000,INT
Ibirité,area,Rural,1,2026-08-19 16:01:00.000000,INT
Ibirité,cidade,Belo Horizonte - MG,279,2026-08-19 16:01:00.000000,INT
Ibirité,cidade,Ibirité - MG,152,2026-08-19 16:01:00.000000,INT
Ibirité,cidade,Contagem - MG,45,2026-08-19 16:01:00.000000,INT
Ibirité,cidade,Betim - MG,16,2026-08-19 16:01:00.000000,INT
Ibirité,cidade,Sarzedo - MG,13,2026-08-19 16:01:00.000000,INT
Ibirité,cidade,Outra - OU,11,2026-08-19 16:01:00.000000,INT
Ibirité,cidade,Brumadinho - MG,4,2026-08-19 16:01:00.000000,INT
Ibirité,cidade,Itambacuri - MG,1,2026-08-19 16:01:00.000000,INT
Ibirité,cidade,Nova Serrana - MG,1,2026-08-19 16:01:00.000000,INT
Ibirité,cidade,Ribeirão das Neves - MG,1,2026-08-19 16:01:00.000000,INT
Ibirité,cidade,São Joaquim de Bicas - MG,1,2026-08-19 16:01:00.000000,INT
Ibirité,cidade,Vespasiano - MG,1,2026-08-19 16:01:00.000000,INT
Ibirité,cidade,Mário Campos - MG,1,2026-08-19 16:01:00.000000,INT
Ibirité,cidade,Piedade dos Gerais - MG,1,2026-08-19 16:01:00.000000,INT
Ibirité,cidade,Rio Doce - MG,1,2026-08-19 16:01:00.000000,INT
Ipatinga,tipo,Pública Municipal,154,2026-08-19 16:01:00.000000,INT
Ipatinga,tipo,Pública Estadual,131,2026-08-19 16:01:00.000000,INT
Ipatinga,tipo,Privada,69,2026-08-19 16:01:00.000000,INT
Ipatinga,area,Urbana,352,2026-08-19 16:01:00.000000,INT
Ipatinga,area,Rural,2,2026-08-19 16:01:00.000000,INT
Ipatinga,cidade,Ipatinga - MG,252,2026-08-19 16:01:00.000000,INT
Ipatinga,cidade,Coronel Fabriciano - MG,38,2026-08-19 16:01:00.000000,INT
Ipatinga,cidade,Timóteo - MG,12,2026-08-19 16:01:00.000000,INT
Ipatinga,cidade,Belo Oriente - MG,12,2026-08-19 16:01:00.000000,INT
Ipatinga,cidade,Santana do Paraíso - MG,10,2026-08-19 16:01:00.000000,INT
Ipatinga,cidade,São Domingos do Prata - MG,5,2026-08-19 16:01:00.000000,INT
Ipatinga,cidade,Ipaba - MG,3,2026-08-19 16:01:00.000000,INT
Ipatinga,cidade,Outra - OU,3,2026-08-19 16:01:00.000000,INT
Ipatinga,cidade,Caratinga - MG,2,2026-08-19 16:01:00.000000,INT
Ipatinga,cidade,Dom Cavati - MG,2,2026-08-19 16:01:00.000000,INT
Ipatinga,cidade,Pingo-d'Água - MG,2,2026-08-19 16:01:00.000000,INT
Ipatinga,cidade,São Geraldo da Piedade - MG,1,2026-08-19 16:01:00.000000,INT
Ipatinga,cidade,Diamantina - MG,1,2026-08-19 16:01:00.000000,INT
Ipatinga,cidade,Joaíma - MG,1,2026-08-19 16:01:00.000000,INT
Ipatinga,cidade,Mesquita - MG,1,2026-08-19 16:01:00.000000,INT
Itabirito,tipo,Pública Municipal,112,2026-08-19 16:01:00.000000,INT
Itabirito,tipo,Pública Estadual,40,2026-08-19 16:01:00.000000,INT
Itabirito,tipo,Privada,19,2026-08-19 16:01:00.000000,INT
Itabirito,tipo,Pública Federal,1,2026-08-19 16:01:00.000000,INT
Itabirito,area,Urbana,172,2026-08-19 16:01:00.000000,INT
Itabirito,cidade,Itabirito - MG,166,2026-08-19 16:01:00.000000,INT
Itabirito,cidade,Ouro Preto - MG,2,2026-08-19 16:01:00.000000,INT
Itabirito,cidade,Belo Horizonte - MG,1,2026-08-19 16:01:00.000000,INT
Itabirito,cidade,Mariana - MG,1,2026-08-19 16:01:00.000000,INT
Itabirito,cidade,Ouro Branco - MG,1,2026-08-19 16:01:00.000000,INT
Itabirito,cidade,Nova Lima - MG,1,2026-08-19 16:01:00.000000,INT
Ouro Branco,tipo,Pública Municipal,128,2026-08-19 16:01:00.000000,INT
Ouro Branco,tipo,Pública Estadual,63,2026-08-19 16:01:00.000000,INT
Ouro Branco,tipo,Privada,62,2026-08-19 16:01:00.000000,INT
Ouro Branco,tipo,Pública Federal,1,2026-08-19 16:01:00.000000,INT
Ouro Branco,area,Urbana,246,2026-08-19 16:01:00.000000,INT
Ouro Branco,area,Rural,8,2026-08-19 16:01:00.000000,INT
Ouro Branco,cidade,Ouro Branco - MG,145,2026-08-19 16:01:00.000000,INT
Ouro Branco,cidade,Conselheiro Lafaiete - MG,85,2026-08-19 16:01:00.000000,INT
Ouro Branco,cidade,Jeceaba - MG,7,2026-08-19 16:01:00.000000,INT
Ouro Branco,cidade,Congonhas - MG,2,2026-08-19 16:01:00.000000,INT
Ouro Branco,cidade,Entre Rios de Minas - MG,2,2026-08-19 16:01:00.000000,INT
Ouro Branco,cidade,Itaverava - MG,2,2026-08-19 16:01:00.000000,INT
Ouro Branco,cidade,Piranga - MG,2,2026-08-19 16:01:00.000000,INT
Ouro Branco,cidade,Caranaíba - MG,2,2026-08-19 16:01:00.000000,INT
Ouro Branco,cidade,Ouro Preto - MG,1,2026-08-19 16:01:00.000000,INT
Ouro Branco,cidade,Senhora de Oliveira - MG,1,2026-08-19 16:01:00.000000,INT
Ouro Branco,cidade,Brumado - BA,1,2026-08-19 16:01:00.000000,INT
Ouro Branco,cidade,Belo Horizonte - MG,1,2026-08-19 16:01:00.000000,INT
Ouro Branco,cidade,Macaé - RJ,1,2026-08-19 16:01:00.000000,INT
Ouro Branco,cidade,Barão de Cocais - MG,1,2026-08-19 16:01:00.000000,INT
Ouro Branco,cidade,Ipatinga - MG,1,2026-08-19 16:01:00.000000,INT
Ouro Preto,tipo,Pública Municipal,234,2026-08-19 16:01:00.000000,INT
Ouro Preto,tipo,Pública Estadual,174,2026-08-19 16:01:00.000000,INT
Ouro Preto,tipo,Privada,122,2026-08-19 16:01:00.000000,INT
Ouro Preto,tipo,Pública Federal,3,2026-08-19 16:01:00.000000,INT
Ouro Preto,area,Urbana,522,2026-08-19 16:01:00.000000,INT
Ouro Preto,area,Rural,11,2026-08-19 16:01:00.000000,INT
Ouro Preto,cidade,Ouro Preto - MG,255,2026-08-19 16:01:00.000000,INT
Ouro Preto,cidade,Mariana - MG,145,2026-08-19 16:01:00.000000,INT
Ouro Preto,cidade,Itabirito - MG,78,2026-08-19 16:01:00.000000,INT
Ouro Preto,cidade,Santa Bárbara - MG,11,2026-08-19 16:01:00.000000,INT
Ouro Preto,cidade,Outra - OU,10,2026-08-19 16:01:00.000000,INT
Ouro Preto,cidade,Catas Altas - MG,10,2026-08-19 16:01:00.000000,INT
Ouro Preto,cidade,Belo Horizonte - MG,5,2026-08-19 16:01:00.000000,INT
Ouro Preto,cidade,Barão de Cocais - MG,2,2026-08-19 16:01:00.000000,INT
Ouro Preto,cidade,Piranga - MG,2,2026-08-19 16:01:00.000000,INT
Ouro Preto,cidade,Conselheiro Lafaiete - MG,2,2026-08-19 16:01:00.000000,INT
Ouro Preto,cidade,Lagoa Santa - MG,1,2026-08-19 16:01:00.000000,INT
Ouro Preto,cidade,Mateus Leme - MG,1,2026-08-19 16:01:00.000000,INT
Ouro Preto,cidade,Barra Longa - MG,1,2026-08-19 16:01:00.000000,INT
Ouro Preto,cidade,Rio Casca - MG,1,2026-08-19 16:01:00.000000,INT
Ouro Preto,cidade,Betim - MG,1,2026-08-19 16:01:00.000000,INT
Piumhi,tipo,Pública Estadual,59,2026-08-19 16:01:00.000000,INT
Piumhi,tipo,Privada,26,2026-08-19 16:01:00.000000,INT
Piumhi,tipo,Pública Municipal,3,2026-08-19 16:01:00.000000,INT
Piumhi,area,Urbana,88,2026-08-19 16:01:00.000000,INT
Piumhi,cidade,Piumhi - MG,59,2026-08-19 16:01:00.000000,INT
Piumhi,cidade,Pimenta - MG,16,2026-08-19 16:01:00.000000,INT
Piumhi,cidade,Capitólio - MG,10,2026-08-19 16:01:00.000000,INT
Piumhi,cidade,Doresópolis - MG,3,2026-08-19 16:01:00.000000,INT
Ponte Nova,tipo,Pública Estadual,146,2026-08-19 16:01:00.000000,INT
Ponte Nova,tipo,Pública Municipal,134,2026-08-19 16:01:00.000000,INT
Ponte Nova,tipo,Privada,92,2026-08-19 16:01:00.000000,INT
Ponte Nova,area,Urbana,369,2026-08-19 16:01:00.000000,INT
Ponte Nova,area,Rural,3,2026-08-19 16:01:00.000000,INT
Ponte Nova,cidade,Ponte Nova - MG,233,2026-08-19 16:01:00.000000,INT
Ponte Nova,cidade,Urucânia - MG,20,2026-08-19 16:01:00.000000,INT
Ponte Nova,cidade,Jequeri - MG,16,2026-08-19 16:01:00.000000,INT
Ponte Nova,cidade,Dom Silvério - MG,16,2026-08-19 16:01:00.000000,INT
Ponte Nova,cidade,Amparo do Serra - MG,15,2026-08-19 16:01:00.000000,INT
Ponte Nova,cidade,Raul Soares - MG,10,2026-08-19 16:01:00.000000,INT
Ponte Nova,cidade,Rio Casca - MG,9,2026-08-19 16:01:00.000000,INT
Ponte Nova,cidade,Alvinópolis - MG,9,2026-08-19 16:01:00.000000,INT
Ponte Nova,cidade,Santa Cruz do Escalvado - MG,8,2026-08-19 16:01:00.000000,INT
Ponte Nova,cidade,Oratórios - MG,7,2026-08-19 16:01:00.000000,INT
Ponte Nova,cidade,Outra - OU,5,2026-08-19 16:01:00.000000,INT
Ponte Nova,cidade,Piedade de Ponte Nova - MG,3,2026-08-19 16:01:00.000000,INT
Ponte Nova,cidade,Guaraciaba - MG,3,2026-08-19 16:01:00.000000,INT
Ponte Nova,cidade,Rio Doce - MG,3,2026-08-19 16:01:00.000000,INT
Ponte Nova,cidade,Viçosa - MG,2,2026-08-19 16:01:00.000000,INT
Ribeirão das Neves,tipo,Pública Estadual,337,2026-08-19 16:01:00.000000,INT
Ribeirão das Neves,tipo,Pública Municipal,191,2026-08-19 16:01:00.000000,INT
Ribeirão das Neves,tipo,Privada,117,2026-08-19 16:01:00.000000,INT
Ribeirão das Neves,tipo,Pública Federal,4,2026-08-19 16:01:00.000000,INT
Ribeirão das Neves,area,Urbana,649,2026-08-19 16:01:00.000000,INT
Ribeirão das Neves,cidade,Ribeirão das Neves - MG,388,2026-08-19 16:01:00.000000,INT
Ribeirão das Neves,cidade,Belo Horizonte - MG,170,2026-08-19 16:01:00.000000,INT
Ribeirão das Neves,cidade,Esmeraldas - MG,25,2026-08-19 16:01:00.000000,INT
Ribeirão das Neves,cidade,São José da Lapa - MG,18,2026-08-19 16:01:00.000000,INT
Ribeirão das Neves,cidade,Outra - OU,17,2026-08-19 16:01:00.000000,INT
Ribeirão das Neves,cidade,Contagem - MG,15,2026-08-19 16:01:00.000000,INT
Ribeirão das Neves,cidade,Vespasiano - MG,4,2026-08-19 16:01:00.000000,INT
Ribeirão das Neves,cidade,Governador Valadares - MG,1,2026-08-19 16:01:00.000000,INT
Ribeirão das Neves,cidade,Itamarandiba - MG,1,2026-08-19 16:01:00.000000,INT
Ribeirão das Neves,cidade,Matozinhos - MG,1,2026-08-19 16:01:00.000000,INT
Ribeirão das Neves,cidade,Pedro Leopoldo - MG,1,2026-08-19 16:01:00.000000,INT
Ribeirão das Neves,cidade,Santa Rita do Itueto - MG,1,2026-08-19 16:01:00.000000,INT
Ribeirão das Neves,cidade,Brumadinho - MG,1,2026-08-19 16:01:00.000000,INT
Ribeirão das Neves,cidade,Confins - MG,1,2026-08-19 16:01:00.000000,INT
Ribeirão das Neves,cidade,Ibirité - MG,1,2026-08-19 16:01:00.000000,INT
Sabará,tipo,Pública Estadual,240,2026-08-19 16:01:00.000000,INT
Sabará,tipo,Pública Municipal,164,2026-08-19 16:01:00.000000,INT
Sabará,tipo,Privada,127,2026-08-19 16:01:00.000000,INT
Sabará,tipo,Pública Federal,5,2026-08-19 16:01:00.000000,INT
Sabará,area,Urbana,536,2026-08-19 16:01:00.000000,INT
Sabará,cidade,Sabará - MG,292,2026-08-19 16:01:00.000000,INT
Sabará,cidade,Belo Horizonte - MG,179,2026-08-19 16:01:00.000000,INT
Sabará,cidade,Caeté - MG,41,2026-08-19 16:01:00.000000,INT
Sabará,cidade,Outra - OU,8,2026-08-19 16:01:00.000000,INT
Sabará,cidade,Santa Luzia - MG,6,2026-08-19 16:01:00.000000,INT
Sabará,cidade,Nova Lima - MG,5,2026-08-19 16:01:00.000000,INT
Sabará,cidade,Contagem - MG,2,2026-08-19 16:01:00.000000,INT
Sabará,cidade,Carmópolis de Minas - MG,1,2026-08-19 16:01:00.000000,INT
Sabará,cidade,Jaboticatubas - MG,1,2026-08-19 16:01:00.000000,INT
Sabará,cidade,São José da Lapa - MG,1,2026-08-19 16:01:00.000000,INT
Santa Luzia,tipo,Pública Estadual,200,2026-08-19 16:01:00.000000,INT
Santa Luzia,tipo,Pública Municipal,157,2026-08-19 16:01:00.000000,INT
Santa Luzia,tipo,Privada,125,2026-08-19 16:01:00.000000,INT
Santa Luzia,tipo,Pública Federal,6,2026-08-19 16:01:00.000000,INT
Santa Luzia,area,Urbana,488,2026-08-19 16:01:00.000000,INT
Santa Luzia,cidade,Santa Luzia - MG,289,2026-08-19 16:01:00.000000,INT
Santa Luzia,cidade,Belo Horizonte - MG,130,2026-08-19 16:01:00.000000,INT
Santa Luzia,cidade,Vespasiano - MG,20,2026-08-19 16:01:00.000000,INT
Santa Luzia,cidade,Outra - OU,13,2026-08-19 16:01:00.000000,INT
Santa Luzia,cidade,Lagoa Santa - MG,9,2026-08-19 16:01:00.000000,INT
Santa Luzia,cidade,São José da Lapa - MG,6,2026-08-19 16:01:00.000000,INT
Santa Luzia,cidade,Pedro Leopoldo - MG,4,2026-08-19 16:01:00.000000,INT
Santa Luzia,cidade,Sabará - MG,2,2026-08-19 16:01:00.000000,INT
Santa Luzia,cidade,Brasília - DF,2,2026-08-19 16:01:00.000000,INT
Santa Luzia,cidade,Contagem - MG,2,2026-08-19 16:01:00.000000,INT
Santa Luzia,cidade,Montes Claros - MG,1,2026-08-19 16:01:00.000000,INT
Santa Luzia,cidade,Ribeirão das Neves - MG,1,2026-08-19 16:01:00.000000,INT
Santa Luzia,cidade,Alvarenga - MG,1,2026-08-19 16:01:00.000000,INT
Santa Luzia,cidade,Confins - MG,1,2026-08-19 16:01:00.000000,INT
Santa Luzia,cidade,Ipanema - MG,1,2026-08-19 16:01:00.000000,INT
São João Evangelista,tipo,Pública Estadual,445,2026-08-19 16:01:00.000000,INT
São João Evangelista,tipo,Privada,32,2026-08-19 16:01:00.000000,INT
São João Evangelista,tipo,Pública Municipal,22,2026-08-19 16:01:00.000000,INT
São João Evangelista,area,Urbana,481,2026-08-19 16:01:00.000000,INT
São João Evangelista,area,Rural,18,2026-08-19 16:01:00.000000,INT
São João Evangelista,cidade,Guanhães - MG,102,2026-08-19 16:01:00.000000,INT
São João Evangelista,cidade,São João Evangelista - MG,85,2026-08-19 16:01:00.000000,INT
São João Evangelista,cidade,Peçanha - MG,39,2026-08-19 16:01:00.000000,INT
São João Evangelista,cidade,Santa Maria do Suaçuí - MG,30,2026-08-19 16:01:00.000000,INT
São João Evangelista,cidade,Coluna - MG,26,2026-08-19 16:01:00.000000,INT
São João Evangelista,cidade,Virginópolis - MG,24,2026-08-19 16:01:00.000000,INT
São João Evangelista,cidade,São Pedro do Suaçuí - MG,17,2026-08-19 16:01:00.000000,INT
São João Evangelista,cidade,Capelinha - MG,15,2026-08-19 16:01:00.000000,INT
São João Evangelista,cidade,São José do Jacuri - MG,12,2026-08-19 16:01:00.000000,INT
São João Evangelista,cidade,Cantagalo - MG,11,2026-08-19 16:01:00.000000,INT
São João Evangelista,cidade,Dom Joaquim - MG,10,2026-08-19 16:01:00.000000,INT
São João Evangelista,cidade,Divinolândia de Minas - MG,9,2026-08-19 16:01:00.000000,INT
São João Evangelista,cidade,Paulistas - MG,9,2026-08-19 16:01:00.000000,INT
São João Evangelista,cidade,Frei Lagonegro - MG,9,2026-08-19 16:01:00.000000,INT
São João Evangelista,cidade,Angelândia - MG,8,2026-08-19 16:01:00.000000,INT
Todas as unidades,tipo,Pública Estadual,443,2026-08-19 16:01:00.000000,SUB
Todas as unidades,tipo,Privada,69,2026-08-19 16:01:00.000000,SUB
Todas as unidades,tipo,Pública Federal,23,2026-08-19 16:01:00.000000,SUB
Todas as unidades,tipo,Pública Municipal,14,2026-08-19 16:01:00.000000,SUB
Todas as unidades,area,Urbana,541,2026-08-19 16:01:00.000000,SUB
Todas as unidades,area,Rural,8,2026-08-19 16:01:00.000000,SUB
Todas as unidades,cidade,Belo Horizonte - MG,42,2026-08-19 16:01:00.000000,SUB
Todas as unidades,cidade,Conselheiro Lafaiete - MG,39,2026-08-19 16:01:00.000000,SUB
Todas as unidades,cidade,Santa Luzia - MG,36,2026-08-19 16:01:00.000000,SUB
Todas as unidades,cidade,Ouro Preto - MG,33,2026-08-19 16:01:00.000000,SUB
Todas as unidades,cidade,Outra - OU,27,2026-08-19 16:01:00.000000,SUB
Todas as unidades,cidade,Piumhi - MG,24,2026-08-19 16:01:00.000000,SUB
Todas as unidades,cidade,Congonhas - MG,21,2026-08-19 16:01:00.000000,SUB
Todas as unidades,cidade,Ribeirão das Neves - MG,20,2026-08-19 16:01:00.000000,SUB
Todas as unidades,cidade,Governador Valadares - MG,12,2026-08-19 16:01:00.000000,SUB
Todas as unidades,cidade,Ipatinga - MG,10,2026-08-19 16:01:00.000000,SUB
Todas as unidades,cidade,Mariana - MG,10,2026-08-19 16:01:00.000000,SUB
Todas as unidades,cidade,Contagem - MG,7,2026-08-19 16:01:00.000000,SUB
Todas as unidades,cidade,Betim - MG,6,2026-08-19 16:01:00.000000,SUB
Todas as unidades,cidade,Pimenta - MG,6,2026-08-19 16:01:00.000000,SUB
Todas as unidades,cidade,Salvador - BA,6,2026-08-19 16:01:00.000000,SUB
Bambuí,tipo,Pública Estadual,8,2026-08-19 16:01:00.000000,SUB
Bambuí,tipo,Privada,4,2026-08-19 16:01:00.000000,SUB
Bambuí,tipo,Pública Municipal,3,2026-08-19 16:01:00.000000,SUB
Bambuí,area,Urbana,12,2026-08-19 16:01:00.000000,SUB
Bambuí,area,Rural,3,2026-08-19 16:01:00.000000,SUB
Bambuí,cidade,Bambuí - MG,3,2026-08-19 16:01:00.000000,SUB
Bambuí,cidade,Formiga - MG,2,2026-08-19 16:01:00.000000,SUB
Bambuí,cidade,Caraí - MG,1,2026-08-19 16:01:00.000000,SUB
Bambuí,cidade,Oliveira - MG,1,2026-08-19 16:01:00.000000,SUB
Bambuí,cidade,Pimenta - MG,1,2026-08-19 16:01:00.000000,SUB
Bambuí,cidade,Campinas - SP,1,2026-08-19 16:01:00.000000,SUB
Bambuí,cidade,Arcos - MG,1,2026-08-19 16:01:00.000000,SUB
Bambuí,cidade,Belo Horizonte - MG,1,2026-08-19 16:01:00.000000,SUB
Bambuí,cidade,Perdões - MG,1,2026-08-19 16:01:00.000000,SUB
Bambuí,cidade,Santa Rosa da Serra - MG,1,2026-08-19 16:01:00.000000,SUB
Bambuí,cidade,Leme - SP,1,2026-08-19 16:01:00.000000,SUB
Bambuí,cidade,Santa Filomena - PE,1,2026-08-19 16:01:00.000000,SUB
Congonhas,tipo,Pública Estadual,23,2026-08-19 16:01:00.000000,SUB
Congonhas,tipo,Privada,2,2026-08-19 16:01:00.000000,SUB
Congonhas,area,Urbana,25,2026-08-19 16:01:00.000000,SUB
Congonhas,cidade,Congonhas - MG,15,2026-08-19 16:01:00.000000,SUB
Congonhas,cidade,Oriximiná - PA,1,2026-08-19 16:01:00.000000,SUB
Congonhas,cidade,Betim - MG,1,2026-08-19 16:01:00.000000,SUB
Congonhas,cidade,Entre Rios de Minas - MG,1,2026-08-19 16:01:00.000000,SUB
Congonhas,cidade,Sabará - MG,1,2026-08-19 16:01:00.000000,SUB
Congonhas,cidade,Barrinha - SP,1,2026-08-19 16:01:00.000000,SUB
Congonhas,cidade,Outra - OU,1,2026-08-19 16:01:00.000000,SUB
Congonhas,cidade,Maceió - AL,1,2026-08-19 16:01:00.000000,SUB
Congonhas,cidade,Ouro Preto - MG,1,2026-08-19 16:01:00.000000,SUB
Congonhas,cidade,São Brás do Suaçuí - MG,1,2026-08-19 16:01:00.000000,SUB
Congonhas,cidade,Ubiratã - PR,1,2026-08-19 16:01:00.000000,SUB
Conselheiro Lafaiete,tipo,Pública Estadual,51,2026-08-19 16:01:00.000000,SUB
Conselheiro Lafaiete,tipo,Pública Municipal,7,2026-08-19 16:01:00.000000,SUB
Conselheiro Lafaiete,tipo,Privada,5,2026-08-19 16:01:00.000000,SUB
Conselheiro Lafaiete,tipo,Pública Federal,1,2026-08-19 16:01:00.000000,SUB
Conselheiro Lafaiete,area,Urbana,64,2026-08-19 16:01:00.000000,SUB
Conselheiro Lafaiete,cidade,Conselheiro Lafaiete - MG,37,2026-08-19 16:01:00.000000,SUB
Conselheiro Lafaiete,cidade,Congonhas - MG,4,2026-08-19 16:01:00.000000,SUB
Conselheiro Lafaiete,cidade,Barbacena - MG,3,2026-08-19 16:01:00.000000,SUB
Conselheiro Lafaiete,cidade,Senhora de Oliveira - MG,2,2026-08-19 16:01:00.000000,SUB
Conselheiro Lafaiete,cidade,Outra - OU,2,2026-08-19 16:01:00.000000,SUB
Conselheiro Lafaiete,cidade,Ouro Branco - MG,2,2026-08-19 16:01:00.000000,SUB
Conselheiro Lafaiete,cidade,Entre Rios de Minas - MG,2,2026-08-19 16:01:00.000000,SUB
Conselheiro Lafaiete,cidade,Ouro Preto - MG,1,2026-08-19 16:01:00.000000,SUB
Conselheiro Lafaiete,cidade,Piranga - MG,1,2026-08-19 16:01:00.000000,SUB
Conselheiro Lafaiete,cidade,Rio de Janeiro - RJ,1,2026-08-19 16:01:00.000000,SUB
Conselheiro Lafaiete,cidade,Carandaí - MG,1,2026-08-19 16:01:00.000000,SUB
Conselheiro Lafaiete,cidade,Guanhães - MG,1,2026-08-19 16:01:00.000000,SUB
Conselheiro Lafaiete,cidade,Patos de Minas - MG,1,2026-08-19 16:01:00.000000,SUB
Conselheiro Lafaiete,cidade,São Brás do Suaçuí - MG,1,2026-08-19 16:01:00.000000,SUB
Conselheiro Lafaiete,cidade,Varginha - MG,1,2026-08-19 16:01:00.000000,SUB
Governador Valadares,tipo,Pública Estadual,18,2026-08-19 16:01:00.000000,SUB
Governador Valadares,tipo,Privada,3,2026-08-19 16:01:00.000000,SUB
Governador Valadares,tipo,Pública Municipal,1,2026-08-19 16:01:00.000000,SUB
Governador Valadares,area,Urbana,22,2026-08-19 16:01:00.000000,SUB
Governador Valadares,cidade,Governador Valadares - MG,11,2026-08-19 16:01:00.000000,SUB
Governador Valadares,cidade,Outra - OU,2,2026-08-19 16:01:00.000000,SUB
Governador Valadares,cidade,Galiléia - MG,2,2026-08-19 16:01:00.000000,SUB
Governador Valadares,cidade,Resplendor - MG,1,2026-08-19 16:01:00.000000,SUB
Governador Valadares,cidade,São Félix de Minas - MG,1,2026-08-19 16:01:00.000000,SUB
Governador Valadares,cidade,São Mateus - ES,1,2026-08-19 16:01:00.000000,SUB
Governador Valadares,cidade,Itabuna - BA,1,2026-08-19 16:01:00.000000,SUB
Governador Valadares,cidade,Santa Maria do Suaçuí - MG,1,2026-08-19 16:01:00.000000,SUB
Governador Valadares,cidade,São Domingos do Norte - ES,1,2026-08-19 16:01:00.000000,SUB
Governador Valadares,cidade,São Paulo - SP,1,2026-08-19 16:01:00.000000,SUB
Ipatinga,tipo,Pública Estadual,30,2026-08-19 16:01:00.000000,SUB
Ipatinga,tipo,Privada,1,2026-08-19 16:01:00.000000,SUB
Ipatinga,tipo,Pública Municipal,1,2026-08-19 16:01:00.000000,SUB
Ipatinga,tipo,Pública Federal,1,2026-08-19 16:01:00.000000,SUB
Ipatinga,area,Urbana,33,2026-08-19 16:01:00.000000,SUB
Ipatinga,cidade,Ipatinga - MG,10,2026-08-19 16:01:00.000000,SUB
Ipatinga,cidade,Coronel Fabriciano - MG,4,2026-08-19 16:01:00.000000,SUB
Ipatinga,cidade,Timóteo - MG,3,2026-08-19 16:01:00.000000,SUB
Ipatinga,cidade,Santana do Paraíso - MG,3,2026-08-19 16:01:00.000000,SUB
Ipatinga,cidade,Bom Jesus do Galho - MG,1,2026-08-19 16:01:00.000000,SUB
Ipatinga,cidade,Iapu - MG,1,2026-08-19 16:01:00.000000,SUB
Ipatinga,cidade,Itaobim - MG,1,2026-08-19 16:01:00.000000,SUB
Ipatinga,cidade,Pingo-d'Água - MG,1,2026-08-19 16:01:00.000000,SUB
Ipatinga,cidade,Outra - OU,1,2026-08-19 16:01:00.000000,SUB
Ipatinga,cidade,Açucena - MG,1,2026-08-19 16:01:00.000000,SUB
Ipatinga,cidade,Belo Horizonte - MG,1,2026-08-19 16:01:00.000000,SUB
Ipatinga,cidade,Carlos Chagas - MG,1,2026-08-19 16:01:00.000000,SUB
Ipatinga,cidade,Dores de Guanhães - MG,1,2026-08-19 16:01:00.000000,SUB
Ipatinga,cidade,Mesquita - MG,1,2026-08-19 16:01:00.000000,SUB
Ipatinga,cidade,São Paulo - SP,1,2026-08-19 16:01:00.000000,SUB
Ouro Preto,tipo,Pública Estadual,67,2026-08-19 16:01:00.000000,SUB
Ouro Preto,tipo,Privada,14,2026-08-19 16:01:00.000000,SUB
Ouro Preto,tipo,Pública Federal,3,2026-08-19 16:01:00.000000,SUB
Ouro Preto,tipo,Pública Municipal,1,2026-08-19 16:01:00.000000,SUB
Ouro Preto,area,Urbana,85,2026-08-19 16:01:00.000000,SUB
Ouro Preto,cidade,Ouro Preto - MG,31,2026-08-19 16:01:00.000000,SUB
Ouro Preto,cidade,Mariana - MG,10,2026-08-19 16:01:00.000000,SUB
Ouro Preto,cidade,Belo Horizonte - MG,4,2026-08-19 16:01:00.000000,SUB
Ouro Preto,cidade,Outra - OU,4,2026-08-19 16:01:00.000000,SUB
Ouro Preto,cidade,Catas Altas - MG,3,2026-08-19 16:01:00.000000,SUB
Ouro Preto,cidade,Muriaé - MG,2,2026-08-19 16:01:00.000000,SUB
Ouro Preto,cidade,Congonhas - MG,2,2026-08-19 16:01:00.000000,SUB
Ouro Preto,cidade,Salvador - BA,2,2026-08-19 16:01:00.000000,SUB
Ouro Preto,cidade,Itabirito - MG,2,2026-08-19 16:01:00.000000,SUB
Ouro Preto,cidade,Ilhéus - BA,1,2026-08-19 16:01:00.000000,SUB
Ouro Preto,cidade,Santana - BA,1,2026-08-19 16:01:00.000000,SUB
Ouro Preto,cidade,Ouro Branco - MG,1,2026-08-19 16:01:00.000000,SUB
Ouro Preto,cidade,Padre Paraíso - MG,1,2026-08-19 16:01:00.000000,SUB
Ouro Preto,cidade,Carmo do Rio Claro - MG,1,2026-08-19 16:01:00.000000,SUB
Ouro Preto,cidade,Rodeiro - MG,1,2026-08-19 16:01:00.000000,SUB
Piumhi,tipo,Pública Estadual,36,2026-08-19 16:01:00.000000,SUB
Piumhi,tipo,Privada,5,2026-08-19 16:01:00.000000,SUB
Piumhi,tipo,Pública Federal,3,2026-08-19 16:01:00.000000,SUB
Piumhi,area,Urbana,43,2026-08-19 16:01:00.000000,SUB
Piumhi,area,Rural,1,2026-08-19 16:01:00.000000,SUB
Piumhi,cidade,Piumhi - MG,24,2026-08-19 16:01:00.000000,SUB
Piumhi,cidade,Pimenta - MG,5,2026-08-19 16:01:00.000000,SUB
Piumhi,cidade,Doresópolis - MG,2,2026-08-19 16:01:00.000000,SUB
Piumhi,cidade,São Roque de Minas - MG,2,2026-08-19 16:01:00.000000,SUB
Piumhi,cidade,Franca - SP,2,2026-08-19 16:01:00.000000,SUB
Piumhi,cidade,Outra - OU,1,2026-08-19 16:01:00.000000,SUB
Piumhi,cidade,Icó - CE,1,2026-08-19 16:01:00.000000,SUB
Piumhi,cidade,Arcos - MG,1,2026-08-19 16:01:00.000000,SUB
Piumhi,cidade,Belo Horizonte - MG,1,2026-08-19 16:01:00.000000,SUB
Piumhi,cidade,São Francisco - MG,1,2026-08-19 16:01:00.000000,SUB
Piumhi,cidade,Vargem Bonita - MG,1,2026-08-19 16:01:00.000000,SUB
Piumhi,cidade,Rio Verde - GO,1,2026-08-19 16:01:00.000000,SUB
Piumhi,cidade,Ibicuí - BA,1,2026-08-19 16:01:00.000000,SUB
Piumhi,cidade,Bambuí - MG,1,2026-08-19 16:01:00.000000,SUB
Ribeirão das Neves,tipo,Pública Estadual,136,2026-08-19 16:01:00.000000,SUB
Ribeirão das Neves,tipo,Privada,22,2026-08-19 16:01:00.000000,SUB
Ribeirão das Neves,tipo,Pública Federal,9,2026-08-19 16:01:00.000000,SUB
Ribeirão das Neves,tipo,Pública Municipal,1,2026-08-19 16:01:00.000000,SUB
Ribeirão das Neves,area,Urbana,165,2026-08-19 16:01:00.000000,SUB
Ribeirão das Neves,area,Rural,3,2026-08-19 16:01:00.000000,SUB
Ribeirão das Neves,cidade,Ribeirão das Neves - MG,19,2026-08-19 16:01:00.000000,SUB
Ribeirão das Neves,cidade,Belo Horizonte - MG,18,2026-08-19 16:01:00.000000,SUB
Ribeirão das Neves,cidade,Outra - OU,11,2026-08-19 16:01:00.000000,SUB
Ribeirão das Neves,cidade,Contagem - MG,5,2026-08-19 16:01:00.000000,SUB
Ribeirão das Neves,cidade,Salvador - BA,3,2026-08-19 16:01:00.000000,SUB
Ribeirão das Neves,cidade,Campos dos Goytacazes - RJ,3,2026-08-19 16:01:00.000000,SUB
Ribeirão das Neves,cidade,Matozinhos - MG,2,2026-08-19 16:01:00.000000,SUB
Ribeirão das Neves,cidade,São Bernardo do Campo - SP,2,2026-08-19 16:01:00.000000,SUB
Ribeirão das Neves,cidade,Vila Velha - ES,2,2026-08-19 16:01:00.000000,SUB
Ribeirão das Neves,cidade,Betim - MG,2,2026-08-19 16:01:00.000000,SUB
Ribeirão das Neves,cidade,Cataguases - MG,2,2026-08-19 16:01:00.000000,SUB
Ribeirão das Neves,cidade,Volta Redonda - RJ,2,2026-08-19 16:01:00.000000,SUB
Ribeirão das Neves,cidade,Vespasiano - MG,2,2026-08-19 16:01:00.000000,SUB
Ribeirão das Neves,cidade,São Paulo - SP,2,2026-08-19 16:01:00.000000,SUB
Ribeirão das Neves,cidade,Itaobim - MG,2,2026-08-19 16:01:00.000000,SUB
Santa Luzia,tipo,Pública Estadual,74,2026-08-19 16:01:00.000000,SUB
Santa Luzia,tipo,Privada,13,2026-08-19 16:01:00.000000,SUB
Santa Luzia,tipo,Pública Federal,6,2026-08-19 16:01:00.000000,SUB
Santa Luzia,area,Urbana,92,2026-08-19 16:01:00.000000,SUB
Santa Luzia,area,Rural,1,2026-08-19 16:01:00.000000,SUB
Santa Luzia,cidade,Santa Luzia - MG,35,2026-08-19 16:01:00.000000,SUB
Santa Luzia,cidade,Belo Horizonte - MG,17,2026-08-19 16:01:00.000000,SUB
Santa Luzia,cidade,Outra - OU,5,2026-08-19 16:01:00.000000,SUB
Santa Luzia,cidade,Contagem - MG,2,2026-08-19 16:01:00.000000,SUB
Santa Luzia,cidade,São Paulo - SP,2,2026-08-19 16:01:00.000000,SUB
Santa Luzia,cidade,Betim - MG,2,2026-08-19 16:01:00.000000,SUB
Santa Luzia,cidade,Sabará - MG,2,2026-08-19 16:01:00.000000,SUB
Santa Luzia,cidade,Três Corações - MG,1,2026-08-19 16:01:00.000000,SUB
Santa Luzia,cidade,Várzea da Palma - MG,1,2026-08-19 16:01:00.000000,SUB
Santa Luzia,cidade,Duque de Caxias - RJ,1,2026-08-19 16:01:00.000000,SUB
Santa Luzia,cidade,Eugenópolis - MG,1,2026-08-19 16:01:00.000000,SUB
Santa Luzia,cidade,Boituva - SP,1,2026-08-19 16:01:00.000000,SUB
Santa Luzia,cidade,Jequitinhonha - MG,1,2026-08-19 16:01:00.000000,SUB
Santa Luzia,cidade,Pará de Minas - MG,1,2026-08-19 16:01:00.000000,SUB
Santa Luzia,cidade,Belém - PA,1,2026-08-19 16:01:00.000000,SUB
Todas as unidades,tipo,Pública Estadual,1362,2026-08-19 16:01:00.000000,SUP
Todas as unidades,tipo,Pública Federal,267,2026-08-19 16:01:00.000000,SUP
Todas as unidades,tipo,Privada,223,2026-08-19 16:01:00.000000,SUP
Todas as unidades,tipo,Pública Municipal,44,2026-08-19 16:01:00.000000,SUP
Todas as unidades,area,Urbana,1828,2026-08-19 16:01:00.000000,SUP
Todas as unidades,area,Rural,68,2026-08-19 16:01:00.000000,SUP
Todas as unidades,cidade,Belo Horizonte - MG,219,2026-08-19 16:01:00.000000,SUP
Todas as unidades,cidade,Ribeirão das Neves - MG,107,2026-08-19 16:01:00.000000,SUP
Todas as unidades,cidade,Ouro Branco - MG,104,2026-08-19 16:01:00.000000,SUP
Todas as unidades,cidade,Betim - MG,98,2026-08-19 16:01:00.000000,SUP
Todas as unidades,cidade,Arcos - MG,85,2026-08-19 16:01:00.000000,SUP
Todas as unidades,cidade,Bambuí - MG,76,2026-08-19 16:01:00.000000,SUP
Todas as unidades,cidade,Sabará - MG,75,2026-08-19 16:01:00.000000,SUP
Todas as unidades,cidade,Formiga - MG,75,2026-08-19 16:01:00.000000,SUP
Todas as unidades,cidade,Outra - OU,59,2026-08-19 16:01:00.000000,SUP
Todas as unidades,cidade,Santa Luzia - MG,59,2026-08-19 16:01:00.000000,SUP
Todas as unidades,cidade,Congonhas - MG,58,2026-08-19 16:01:00.000000,SUP
Todas as unidades,cidade,Contagem - MG,53,2026-08-19 16:01:00.000000,SUP
Todas as unidades,cidade,Governador Valadares - MG,53,2026-08-19 16:01:00.000000,SUP
Todas as unidades,cidade,Conselheiro Lafaiete - MG,44,2026-08-19 16:01:00.000000,SUP
Todas as unidades,cidade,Ouro Preto - MG,44,2026-08-19 16:01:00.000000,SUP
Arcos,tipo,Pública Estadual,107,2026-08-19 16:01:00.000000,SUP
Arcos,tipo,Privada,19,2026-08-19 16:01:00.000000,SUP
Arcos,tipo,Pública Federal,18,2026-08-19 16:01:00.000000,SUP
Arcos,tipo,Pública Municipal,1,2026-08-19 16:01:00.000000,SUP
Arcos,area,Urbana,140,2026-08-19 16:01:00.000000,SUP
Arcos,area,Rural,5,2026-08-19 16:01:00.000000,SUP
Arcos,cidade,Arcos - MG,66,2026-08-19 16:01:00.000000,SUP
Arcos,cidade,Formiga - MG,14,2026-08-19 16:01:00.000000,SUP
Arcos,cidade,Iguatama - MG,7,2026-08-19 16:01:00.000000,SUP
Arcos,cidade,Lagoa da Prata - MG,6,2026-08-19 16:01:00.000000,SUP
Arcos,cidade,Bambuí - MG,5,2026-08-19 16:01:00.000000,SUP
Arcos,cidade,Outra - OU,4,2026-08-19 16:01:00.000000,SUP
Arcos,cidade,Belo Horizonte - MG,4,2026-08-19 16:01:00.000000,SUP
Arcos,cidade,Piumhi - MG,3,2026-08-19 16:01:00.000000,SUP
Arcos,cidade,Manaus - AM,2,2026-08-19 16:01:00.000000,SUP
Arcos,cidade,Contagem - MG,2,2026-08-19 16:01:00.000000,SUP
Arcos,cidade,Florestal - MG,2,2026-08-19 16:01:00.000000,SUP
Arcos,cidade,Pains - MG,2,2026-08-19 16:01:00.000000,SUP
Arcos,cidade,Capitão Enéas - MG,1,2026-08-19 16:01:00.000000,SUP
Arcos,cidade,Sabará - MG,1,2026-08-19 16:01:00.000000,SUP
Arcos,cidade,Divinolândia de Minas - MG,1,2026-08-19 16:01:00.000000,SUP
Bambuí,tipo,Pública Estadual,115,2026-08-19 16:01:00.000000,SUP
Bambuí,tipo,Pública Federal,49,2026-08-19 16:01:00.000000,SUP
Bambuí,tipo,Privada,28,2026-08-19 16:01:00.000000,SUP
Bambuí,tipo,Pública Municipal,6,2026-08-19 16:01:00.000000,SUP
Bambuí,area,Urbana,158,2026-08-19 16:01:00.000000,SUP
Bambuí,area,Rural,40,2026-08-19 16:01:00.000000,SUP
Bambuí,cidade,Bambuí - MG,69,2026-08-19 16:01:00.000000,SUP
Bambuí,cidade,Belo Horizonte - MG,9,2026-08-19 16:01:00.000000,SUP
Bambuí,cidade,Piumhi - MG,9,2026-08-19 16:01:00.000000,SUP
Bambuí,cidade,Arcos - MG,7,2026-08-19 16:01:00.000000,SUP
Bambuí,cidade,Divinópolis - MG,7,2026-08-19 16:01:00.000000,SUP
Bambuí,cidade,Lagoa da Prata - MG,6,2026-08-19 16:01:00.000000,SUP
Bambuí,cidade,Medeiros - MG,5,2026-08-19 16:01:00.000000,SUP
Bambuí,cidade,Araxá - MG,5,2026-08-19 16:01:00.000000,SUP
Bambuí,cidade,Dores do Indaiá - MG,5,2026-08-19 16:01:00.000000,SUP
Bambuí,cidade,Ipatinga - MG,4,2026-08-19 16:01:00.000000,SUP
Bambuí,cidade,Luz - MG,4,2026-08-19 16:01:00.000000,SUP
Bambuí,cidade,Bom Despacho - MG,3,2026-08-19 16:01:00.000000,SUP
Bambuí,cidade,Betim - MG,3,2026-08-19 16:01:00.000000,SUP
Bambuí,cidade,Outra - OU,3,2026-08-19 16:01:00.000000,SUP
Bambuí,cidade,Martinho Campos - MG,2,2026-08-19 16:01:00.000000,SUP
Betim,tipo,Pública Estadual,115,2026-08-19 16:01:00.000000,SUP
Betim,tipo,Pública Federal,34,2026-08-19 16:01:00.000000,SUP
Betim,tipo,Privada,24,2026-08-19 16:01:00.000000,SUP
Betim,tipo,Pública Municipal,5,2026-08-19 16:01:00.000000,SUP
Betim,area,Urbana,174,2026-08-19 16:01:00.000000,SUP
Betim,area,Rural,4,2026-08-19 16:01:00.000000,SUP
Betim,cidade,Betim - MG,85,2026-08-19 16:01:00.000000,SUP
Betim,cidade,Contagem - MG,30,2026-08-19 16:01:00.000000,SUP
Betim,cidade,Belo Horizonte - MG,15,2026-08-19 16:01:00.000000,SUP
Betim,cidade,Outra - OU,9,2026-08-19 16:01:00.000000,SUP
Betim,cidade,Ibirité - MG,6,2026-08-19 16:01:00.000000,SUP
Betim,cidade,Igarapé - MG,3,2026-08-19 16:01:00.000000,SUP
Betim,cidade,Sarzedo - MG,3,2026-08-19 16:01:00.000000,SUP
Betim,cidade,São Joaquim de Bicas - MG,2,2026-08-19 16:01:00.000000,SUP
Betim,cidade,Mateus Leme - MG,2,2026-08-19 16:01:00.000000,SUP
Betim,cidade,Congonhas - MG,1,2026-08-19 16:01:00.000000,SUP
Betim,cidade,Tocos do Moji - MG,1,2026-08-19 16:01:00.000000,SUP
Betim,cidade,Esmeraldas - MG,1,2026-08-19 16:01:00.000000,SUP
Betim,cidade,Mauá - SP,1,2026-08-19 16:01:00.000000,SUP
Betim,cidade,Formiga - MG,1,2026-08-19 16:01:00.000000,SUP
Betim,cidade,São José dos Campos - SP,1,2026-08-19 16:01:00.000000,SUP
Congonhas,tipo,Pública Estadual,61,2026-08-19 16:01:00.000000,SUP
Congonhas,tipo,Pública Federal,5,2026-08-19 16:01:00.000000,SUP
Congonhas,tipo,Privada,3,2026-08-19 16:01:00.000000,SUP
Congonhas,tipo,Pública Municipal,1,2026-08-19 16:01:00.000000,SUP
Congonhas,area,Urbana,70,2026-08-19 16:01:00.000000,SUP
Congonhas,cidade,Congonhas - MG,41,2026-08-19 16:01:00.000000,SUP
Congonhas,cidade,Conselheiro Lafaiete - MG,7,2026-08-19 16:01:00.000000,SUP
Congonhas,cidade,Belo Horizonte - MG,4,2026-08-19 16:01:00.000000,SUP
Congonhas,cidade,São Brás do Suaçuí - MG,2,2026-08-19 16:01:00.000000,SUP
Congonhas,cidade,Carandaí - MG,2,2026-08-19 16:01:00.000000,SUP
Congonhas,cidade,Entre Rios de Minas - MG,1,2026-08-19 16:01:00.000000,SUP
Congonhas,cidade,Jeceaba - MG,1,2026-08-19 16:01:00.000000,SUP
Congonhas,cidade,Pará de Minas - MG,1,2026-08-19 16:01:00.000000,SUP
Congonhas,cidade,Resende Costa - MG,1,2026-08-19 16:01:00.000000,SUP
Congonhas,cidade,Santos Dumont - MG,1,2026-08-19 16:01:00.000000,SUP
Congonhas,cidade,Belém - PA,1,2026-08-19 16:01:00.000000,SUP
Congonhas,cidade,Barrinha - SP,1,2026-08-19 16:01:00.000000,SUP
Congonhas,cidade,Belo Vale - MG,1,2026-08-19 16:01:00.000000,SUP
Congonhas,cidade,Curvelo - MG,1,2026-08-19 16:01:00.000000,SUP
Congonhas,cidade,Itaguara - MG,1,2026-08-19 16:01:00.000000,SUP
Formiga,tipo,Pública Estadual,66,2026-08-19 16:01:00.000000,SUP
Formiga,tipo,Pública Federal,20,2026-08-19 16:01:00.000000,SUP
Formiga,tipo,Privada,15,2026-08-19 16:01:00.000000,SUP
Formiga,tipo,Pública Municipal,1,2026-08-19 16:01:00.000000,SUP
Formiga,area,Urbana,100,2026-08-19 16:01:00.000000,SUP
Formiga,area,Rural,2,2026-08-19 16:01:00.000000,SUP
Formiga,cidade,Formiga - MG,57,2026-08-19 16:01:00.000000,SUP
Formiga,cidade,Arcos - MG,12,2026-08-19 16:01:00.000000,SUP
Formiga,cidade,Lagoa da Prata - MG,5,2026-08-19 16:01:00.000000,SUP
Formiga,cidade,Campo Belo - MG,2,2026-08-19 16:01:00.000000,SUP
Formiga,cidade,Córrego Fundo - MG,2,2026-08-19 16:01:00.000000,SUP
Formiga,cidade,São Paulo - SP,2,2026-08-19 16:01:00.000000,SUP
Formiga,cidade,Salvador - BA,2,2026-08-19 16:01:00.000000,SUP
Formiga,cidade,Rio de Janeiro - RJ,2,2026-08-19 16:01:00.000000,SUP
Formiga,cidade,Guarapari - ES,1,2026-08-19 16:01:00.000000,SUP
Formiga,cidade,Cláudio - MG,1,2026-08-19 16:01:00.000000,SUP
Formiga,cidade,Franca - SP,1,2026-08-19 16:01:00.000000,SUP
Formiga,cidade,Itapecerica - MG,1,2026-08-19 16:01:00.000000,SUP
Formiga,cidade,Oliveira - MG,1,2026-08-19 16:01:00.000000,SUP
Formiga,cidade,Pedra do Indaiá - MG,1,2026-08-19 16:01:00.000000,SUP
Formiga,cidade,Piumhi - MG,1,2026-08-19 16:01:00.000000,SUP
Governador Valadares,tipo,Pública Estadual,83,2026-08-19 16:01:00.000000,SUP
Governador Valadares,tipo,Privada,8,2026-08-19 16:01:00.000000,SUP
Governador Valadares,tipo,Pública Federal,7,2026-08-19 16:01:00.000000,SUP
Governador Valadares,tipo,Pública Municipal,2,2026-08-19 16:01:00.000000,SUP
Governador Valadares,area,Urbana,100,2026-08-19 16:01:00.000000,SUP
Governador Valadares,cidade,Governador Valadares - MG,51,2026-08-19 16:01:00.000000,SUP
Governador Valadares,cidade,Frei Inocêncio - MG,3,2026-08-19 16:01:00.000000,SUP
Governador Valadares,cidade,Águas Formosas - MG,2,2026-08-19 16:01:00.000000,SUP
Governador Valadares,cidade,Coroaci - MG,2,2026-08-19 16:01:00.000000,SUP
Governador Valadares,cidade,São Paulo - SP,2,2026-08-19 16:01:00.000000,SUP
Governador Valadares,cidade,Outra - OU,2,2026-08-19 16:01:00.000000,SUP
Governador Valadares,cidade,Aimorés - MG,1,2026-08-19 16:01:00.000000,SUP
Governador Valadares,cidade,Resplendor - MG,1,2026-08-19 16:01:00.000000,SUP
Governador Valadares,cidade,Central de Minas - MG,1,2026-08-19 16:01:00.000000,SUP
Governador Valadares,cidade,Boa Vista do Ramos - AM,1,2026-08-19 16:01:00.000000,SUP
Governador Valadares,cidade,Santa Luzia - MG,1,2026-08-19 16:01:00.000000,SUP
Governador Valadares,cidade,Contagem - MG,1,2026-08-19 16:01:00.000000,SUP
Governador Valadares,cidade,Barcarena - PA,1,2026-08-19 16:01:00.000000,SUP
Governador Valadares,cidade,Serro - MG,1,2026-08-19 16:01:00.000000,SUP
Governador Valadares,cidade,Divino das Laranjeiras - MG,1,2026-08-19 16:01:00.000000,SUP
Ibirité,tipo,Pública Estadual,57,2026-08-19 16:01:00.000000,SUP
Ibirité,tipo,Privada,31,2026-08-19 16:01:00.000000,SUP
Ibirité,tipo,Pública Federal,17,2026-08-19 16:01:00.000000,SUP
Ibirité,tipo,Pública Municipal,4,2026-08-19 16:01:00.000000,SUP
Ibirité,area,Urbana,109,2026-08-19 16:01:00.000000,SUP
Ibirité,cidade,Belo Horizonte - MG,37,2026-08-19 16:01:00.000000,SUP
Ibirité,cidade,Ibirité - MG,35,2026-08-19 16:01:00.000000,SUP
Ibirité,cidade,Outra - OU,10,2026-08-19 16:01:00.000000,SUP
Ibirité,cidade,Contagem - MG,7,2026-08-19 16:01:00.000000,SUP
Ibirité,cidade,Betim - MG,5,2026-08-19 16:01:00.000000,SUP
Ibirité,cidade,Sarzedo - MG,3,2026-08-19 16:01:00.000000,SUP
Ibirité,cidade,Juiz de Fora - MG,1,2026-08-19 16:01:00.000000,SUP
Ibirité,cidade,Nepomuceno - MG,1,2026-08-19 16:01:00.000000,SUP
Ibirité,cidade,Pedro Leopoldo - MG,1,2026-08-19 16:01:00.000000,SUP
Ibirité,cidade,Brasília - DF,1,2026-08-19 16:01:00.000000,SUP
Ibirité,cidade,Catuti - MG,1,2026-08-19 16:01:00.000000,SUP
Ibirité,cidade,Joaíma - MG,1,2026-08-19 16:01:00.000000,SUP
Ibirité,cidade,Mato Verde - MG,1,2026-08-19 16:01:00.000000,SUP
Ibirité,cidade,Nova Serrana - MG,1,2026-08-19 16:01:00.000000,SUP
Ibirité,cidade,Ribeirão das Neves - MG,1,2026-08-19 16:01:00.000000,SUP
Ipatinga,tipo,Pública Estadual,37,2026-08-19 16:01:00.000000,SUP
Ipatinga,tipo,Pública Federal,7,2026-08-19 16:01:00.000000,SUP
Ipatinga,tipo,Privada,5,2026-08-19 16:01:00.000000,SUP
Ipatinga,area,Urbana,49,2026-08-19 16:01:00.000000,SUP
Ipatinga,cidade,Ipatinga - MG,21,2026-08-19 16:01:00.000000,SUP
Ipatinga,cidade,Coronel Fabriciano - MG,5,2026-08-19 16:01:00.000000,SUP
Ipatinga,cidade,Santana do Paraíso - MG,4,2026-08-19 16:01:00.000000,SUP
Ipatinga,cidade,Timóteo - MG,4,2026-08-19 16:01:00.000000,SUP
Ipatinga,cidade,Outra - OU,2,2026-08-19 16:01:00.000000,SUP
Ipatinga,cidade,Iapu - MG,2,2026-08-19 16:01:00.000000,SUP
Ipatinga,cidade,Teófilo Otoni - MG,1,2026-08-19 16:01:00.000000,SUP
Ipatinga,cidade,Barbacena - MG,1,2026-08-19 16:01:00.000000,SUP
Ipatinga,cidade,Betim - MG,1,2026-08-19 16:01:00.000000,SUP
Ipatinga,cidade,João Monlevade - MG,1,2026-08-19 16:01:00.000000,SUP
Ipatinga,cidade,Pingo-d'Água - MG,1,2026-08-19 16:01:00.000000,SUP
Ipatinga,cidade,Santa Rita do Itueto - MG,1,2026-08-19 16:01:00.000000,SUP
Ipatinga,cidade,Santo Antônio dos Lopes - MA,1,2026-08-19 16:01:00.000000,SUP
Ipatinga,cidade,Belo Horizonte - MG,1,2026-08-19 16:01:00.000000,SUP
Ipatinga,cidade,Caratinga - MG,1,2026-08-19 16:01:00.000000,SUP
Itabirito,tipo,Pública Estadual,14,2026-08-19 16:01:00.000000,SUP
Itabirito,tipo,Pública Federal,12,2026-08-19 16:01:00.000000,SUP
Itabirito,tipo,Privada,2,2026-08-19 16:01:00.000000,SUP
Itabirito,area,Urbana,27,2026-08-19 16:01:00.000000,SUP
Itabirito,area,Rural,1,2026-08-19 16:01:00.000000,SUP
Itabirito,cidade,Itabirito - MG,19,2026-08-19 16:01:00.000000,SUP
Itabirito,cidade,Tutóia - MA,1,2026-08-19 16:01:00.000000,SUP
Itabirito,cidade,Conselheiro Lafaiete - MG,1,2026-08-19 16:01:00.000000,SUP
Itabirito,cidade,Ouro Preto - MG,1,2026-08-19 16:01:00.000000,SUP
Itabirito,cidade,Outra - OU,1,2026-08-19 16:01:00.000000,SUP
Itabirito,cidade,Curionópolis - PA,1,2026-08-19 16:01:00.000000,SUP
Itabirito,cidade,Campo Formoso - BA,1,2026-08-19 16:01:00.000000,SUP
Itabirito,cidade,Contagem - MG,1,2026-08-19 16:01:00.000000,SUP
Itabirito,cidade,Nova Lima - MG,1,2026-08-19 16:01:00.000000,SUP
Itabirito,cidade,Ponte Nova - MG,1,2026-08-19 16:01:00.000000,SUP
Ouro Branco,tipo,Pública Estadual,165,2026-08-19 16:01:00.000000,SUP
Ouro Branco,tipo,Pública Federal,31,2026-08-19 16:01:00.000000,SUP
Ouro Branco,tipo,Privada,13,2026-08-19 16:01:00.000000,SUP
Ouro Branco,tipo,Pública Municipal,5,2026-08-19 16:01:00.000000,SUP
Ouro Branco,area,Urbana,213,2026-08-19 16:01:00.000000,SUP
Ouro Branco,area,Rural,1,2026-08-19 16:01:00.000000,SUP
Ouro Branco,cidade,Ouro Branco - MG,102,2026-08-19 16:01:00.000000,SUP
Ouro Branco,cidade,Conselheiro Lafaiete - MG,36,2026-08-19 16:01:00.000000,SUP
Ouro Branco,cidade,Congonhas - MG,15,2026-08-19 16:01:00.000000,SUP
Ouro Branco,cidade,Outra - OU,5,2026-08-19 16:01:00.000000,SUP
Ouro Branco,cidade,Ouro Preto - MG,5,2026-08-19 16:01:00.000000,SUP
Ouro Branco,cidade,Belo Horizonte - MG,3,2026-08-19 16:01:00.000000,SUP
Ouro Branco,cidade,Nova Lima - MG,3,2026-08-19 16:01:00.000000,SUP
Ouro Branco,cidade,Mariana - MG,2,2026-08-19 16:01:00.000000,SUP
Ouro Branco,cidade,Barbacena - MG,2,2026-08-19 16:01:00.000000,SUP
Ouro Branco,cidade,Caranaíba - MG,2,2026-08-19 16:01:00.000000,SUP
Ouro Branco,cidade,São Paulo - SP,2,2026-08-19 16:01:00.000000,SUP
Ouro Branco,cidade,São Vicente - SP,1,2026-08-19 16:01:00.000000,SUP
Ouro Branco,cidade,Piedade dos Gerais - MG,1,2026-08-19 16:01:00.000000,SUP
Ouro Branco,cidade,Coronel Fabriciano - MG,1,2026-08-19 16:01:00.000000,SUP
Ouro Branco,cidade,Esteio - RS,1,2026-08-19 16:01:00.000000,SUP
Ouro Preto,tipo,Pública Estadual,53,2026-08-19 16:01:00.000000,SUP
Ouro Preto,tipo,Pública Federal,12,2026-08-19 16:01:00.000000,SUP
Ouro Preto,tipo,Privada,6,2026-08-19 16:01:00.000000,SUP
Ouro Preto,area,Urbana,71,2026-08-19 16:01:00.000000,SUP
Ouro Preto,cidade,Ouro Preto - MG,37,2026-08-19 16:01:00.000000,SUP
Ouro Preto,cidade,Mariana - MG,6,2026-08-19 16:01:00.000000,SUP
Ouro Preto,cidade,Belo Horizonte - MG,3,2026-08-19 16:01:00.000000,SUP
Ouro Preto,cidade,São Luís - MA,2,2026-08-19 16:01:00.000000,SUP
Ouro Preto,cidade,São Paulo - SP,1,2026-08-19 16:01:00.000000,SUP
Ouro Preto,cidade,Rio Casca - MG,1,2026-08-19 16:01:00.000000,SUP
Ouro Preto,cidade,Sabará - MG,1,2026-08-19 16:01:00.000000,SUP
Ouro Preto,cidade,Belém - PA,1,2026-08-19 16:01:00.000000,SUP
Ouro Preto,cidade,Virginópolis - MG,1,2026-08-19 16:01:00.000000,SUP
Ouro Preto,cidade,Santana - AP,1,2026-08-19 16:01:00.000000,SUP
Ouro Preto,cidade,Três Rios - RJ,1,2026-08-19 16:01:00.000000,SUP
Ouro Preto,cidade,Eunápolis - BA,1,2026-08-19 16:01:00.000000,SUP
Ouro Preto,cidade,Itatiba - SP,1,2026-08-19 16:01:00.000000,SUP
Ouro Preto,cidade,São João da Boa Vista - SP,1,2026-08-19 16:01:00.000000,SUP
Ouro Preto,cidade,Cruzília - MG,1,2026-08-19 16:01:00.000000,SUP
Piumhi,tipo,Pública Estadual,7,2026-08-19 16:01:00.000000,SUP
Piumhi,tipo,Pública Federal,1,2026-08-19 16:01:00.000000,SUP
Piumhi,tipo,Pública Municipal,1,2026-08-19 16:01:00.000000,SUP
Piumhi,area,Urbana,8,2026-08-19 16:01:00.000000,SUP
Piumhi,area,Rural,1,2026-08-19 16:01:00.000000,SUP
Piumhi,cidade,Piumhi - MG,6,2026-08-19 16:01:00.000000,SUP
Piumhi,cidade,Lavras - MG,1,2026-08-19 16:01:00.000000,SUP
Piumhi,cidade,São João da Ponte - MG,1,2026-08-19 16:01:00.000000,SUP
Piumhi,cidade,Belo Horizonte - MG,1,2026-08-19 16:01:00.000000,SUP
Ponte Nova,tipo,Pública Estadual,23,2026-08-19 16:01:00.000000,SUP
Ponte Nova,tipo,Privada,1,2026-08-19 16:01:00.000000,SUP
Ponte Nova,tipo,Pública Federal,1,2026-08-19 16:01:00.000000,SUP
Ponte Nova,area,Urbana,25,2026-08-19 16:01:00.000000,SUP
Ponte Nova,cidade,Ponte Nova - MG,23,2026-08-19 16:01:00.000000,SUP
Ponte Nova,cidade,Ouro Preto - MG,1,2026-08-19 16:01:00.000000,SUP
Ponte Nova,cidade,Santo Antônio do Grama - MG,1,2026-08-19 16:01:00.000000,SUP
Ribeirão das Neves,tipo,Pública Estadual,134,2026-08-19 16:01:00.000000,SUP
Ribeirão das Neves,tipo,Privada,14,2026-08-19 16:01:00.000000,SUP
Ribeirão das Neves,tipo,Pública Federal,8,2026-08-19 16:01:00.000000,SUP
Ribeirão das Neves,tipo,Pública Municipal,3,2026-08-19 16:01:00.000000,SUP
Ribeirão das Neves,area,Urbana,159,2026-08-19 16:01:00.000000,SUP
Ribeirão das Neves,cidade,Ribeirão das Neves - MG,96,2026-08-19 16:01:00.000000,SUP
Ribeirão das Neves,cidade,Belo Horizonte - MG,31,2026-08-19 16:01:00.000000,SUP
Ribeirão das Neves,cidade,Esmeraldas - MG,7,2026-08-19 16:01:00.000000,SUP
Ribeirão das Neves,cidade,Contagem - MG,6,2026-08-19 16:01:00.000000,SUP
Ribeirão das Neves,cidade,Outra - OU,4,2026-08-19 16:01:00.000000,SUP
Ribeirão das Neves,cidade,Sete Lagoas - MG,2,2026-08-19 16:01:00.000000,SUP
Ribeirão das Neves,cidade,Vespasiano - MG,2,2026-08-19 16:01:00.000000,SUP
Ribeirão das Neves,cidade,Vitória - ES,1,2026-08-19 16:01:00.000000,SUP
Ribeirão das Neves,cidade,São Luís - MA,1,2026-08-19 16:01:00.000000,SUP
Ribeirão das Neves,cidade,Catas Altas - MG,1,2026-08-19 16:01:00.000000,SUP
Ribeirão das Neves,cidade,Lagoa Santa - MG,1,2026-08-19 16:01:00.000000,SUP
Ribeirão das Neves,cidade,Santa Luzia - MG,1,2026-08-19 16:01:00.000000,SUP
Ribeirão das Neves,cidade,Tangará da Serra - MT,1,2026-08-19 16:01:00.000000,SUP
Ribeirão das Neves,cidade,Eunápolis - BA,1,2026-08-19 16:01:00.000000,SUP
Ribeirão das Neves,cidade,Betim - MG,1,2026-08-19 16:01:00.000000,SUP
Sabará,tipo,Pública Estadual,127,2026-08-19 16:01:00.000000,SUP
Sabará,tipo,Privada,27,2026-08-19 16:01:00.000000,SUP
Sabará,tipo,Pública Federal,16,2026-08-19 16:01:00.000000,SUP
Sabará,tipo,Pública Municipal,7,2026-08-19 16:01:00.000000,SUP
Sabará,area,Urbana,174,2026-08-19 16:01:00.000000,SUP
Sabará,area,Rural,3,2026-08-19 16:01:00.000000,SUP
Sabará,cidade,Belo Horizonte - MG,71,2026-08-19 16:01:00.000000,SUP
Sabará,cidade,Sabará - MG,68,2026-08-19 16:01:00.000000,SUP
Sabará,cidade,Santa Luzia - MG,5,2026-08-19 16:01:00.000000,SUP
Sabará,cidade,Caeté - MG,4,2026-08-19 16:01:00.000000,SUP
Sabará,cidade,Outra - OU,4,2026-08-19 16:01:00.000000,SUP
Sabará,cidade,Ribeirão das Neves - MG,2,2026-08-19 16:01:00.000000,SUP
Sabará,cidade,Contagem - MG,2,2026-08-19 16:01:00.000000,SUP
Sabará,cidade,Vitória do Jari - AP,1,2026-08-19 16:01:00.000000,SUP
Sabará,cidade,Timóteo - MG,1,2026-08-19 16:01:00.000000,SUP
Sabará,cidade,Carinhanha - BA,1,2026-08-19 16:01:00.000000,SUP
Sabará,cidade,Cariacica - ES,1,2026-08-19 16:01:00.000000,SUP
Sabará,cidade,Betim - MG,1,2026-08-19 16:01:00.000000,SUP
Sabará,cidade,Hortolândia - SP,1,2026-08-19 16:01:00.000000,SUP
Sabará,cidade,Brasília - DF,1,2026-08-19 16:01:00.000000,SUP
Sabará,cidade,Divinópolis - MG,1,2026-08-19 16:01:00.000000,SUP
Santa Luzia,tipo,Pública Estadual,101,2026-08-19 16:01:00.000000,SUP
Santa Luzia,tipo,Privada,25,2026-08-19 16:01:00.000000,SUP
Santa Luzia,tipo,Pública Federal,19,2026-08-19 16:01:00.000000,SUP
Santa Luzia,tipo,Pública Municipal,8,2026-08-19 16:01:00.000000,SUP
Santa Luzia,area,Urbana,152,2026-08-19 16:01:00.000000,SUP
Santa Luzia,area,Rural,1,2026-08-19 16:01:00.000000,SUP
Santa Luzia,cidade,Santa Luzia - MG,51,2026-08-19 16:01:00.000000,SUP
Santa Luzia,cidade,Belo Horizonte - MG,37,2026-08-19 16:01:00.000000,SUP
Santa Luzia,cidade,Outra - OU,11,2026-08-19 16:01:00.000000,SUP
Santa Luzia,cidade,Ribeirão das Neves - MG,7,2026-08-19 16:01:00.000000,SUP
Santa Luzia,cidade,Vespasiano - MG,5,2026-08-19 16:01:00.000000,SUP
Santa Luzia,cidade,Sabará - MG,3,2026-08-19 16:01:00.000000,SUP
Santa Luzia,cidade,Matozinhos - MG,2,2026-08-19 16:01:00.000000,SUP
Santa Luzia,cidade,Araxá - MG,2,2026-08-19 16:01:00.000000,SUP
Santa Luzia,cidade,Betim - MG,2,2026-08-19 16:01:00.000000,SUP
Santa Luzia,cidade,Sete Lagoas - MG,2,2026-08-19 16:01:00.000000,SUP
Santa Luzia,cidade,Abreu e Lima - PE,1,2026-08-19 16:01:00.000000,SUP
Santa Luzia,cidade,Boituva - SP,1,2026-08-19 16:01:00.000000,SUP
Santa Luzia,cidade,Nova Lima - MG,1,2026-08-19 16:01:00.000000,SUP
Santa Luzia,cidade,Ilhéus - BA,1,2026-08-19 16:01:00.000000,SUP
Santa Luzia,cidade,São José dos Campos - SP,1,2026-08-19 16:01:00.000000,SUP
São João Evangelista,tipo,Pública Estadual,97,2026-08-19 16:01:00.000000,SUP
São João Evangelista,tipo,Pública Federal,10,2026-08-19 16:01:00.000000,SUP
São João Evangelista,tipo,Privada,2,2026-08-19 16:01:00.000000,SUP
São João Evangelista,area,Urbana,99,2026-08-19 16:01:00.000000,SUP
São João Evangelista,area,Rural,10,2026-08-19 16:01:00.000000,SUP
São João Evangelista,cidade,São João Evangelista - MG,30,2026-08-19 16:01:00.000000,SUP
São João Evangelista,cidade,Guanhães - MG,22,2026-08-19 16:01:00.000000,SUP
São João Evangelista,cidade,São Pedro do Suaçuí - MG,7,2026-08-19 16:01:00.000000,SUP
São João Evangelista,cidade,Peçanha - MG,7,2026-08-19 16:01:00.000000,SUP
São João Evangelista,cidade,Dores de Guanhães - MG,4,2026-08-19 16:01:00.000000,SUP
São João Evangelista,cidade,Virginópolis - MG,4,2026-08-19 16:01:00.000000,SUP
São João Evangelista,cidade,Santa Maria do Suaçuí - MG,4,2026-08-19 16:01:00.000000,SUP
São João Evangelista,cidade,Paulistas - MG,3,2026-08-19 16:01:00.000000,SUP
São João Evangelista,cidade,Coluna - MG,2,2026-08-19 16:01:00.000000,SUP
São João Evangelista,cidade,Cantagalo - MG,2,2026-08-19 16:01:00.000000,SUP
São João Evangelista,cidade,Dom Joaquim - MG,2,2026-08-19 16:01:00.000000,SUP
São João Evangelista,cidade,Serro - MG,2,2026-08-19 16:01:00.000000,SUP
São João Evangelista,cidade,Outra - OU,2,2026-08-19 16:01:00.000000,SUP
São João Evangelista,cidade,Aricanduva - MG,2,2026-08-19 16:01:00.000000,SUP
São João Evangelista,cidade,Sabinópolis - MG,2,2026-08-19 16:01:00.000000,SUP
Todas as unidades,tipo,Pública Estadual,2647,2026-08-19 19:47:00.000000,INT
Todas as unidades,tipo,Pública Municipal,2512,2026-08-19 19:47:00.000000,INT
Todas as unidades,tipo,Privada,1441,2026-08-19 19:47:00.000000,INT
Todas as unidades,tipo,Pública Federal,26,2026-08-19 19:47:00.000000,INT
Todas as unidades,area,Urbana,6561,2026-08-19 19:47:00.000000,INT
Todas as unidades,area,Rural,65,2026-08-19 19:47:00.000000,INT
Todas as unidades,cidade,Belo Horizonte - MG,842,2026-08-19 19:47:00.000000,INT
Todas as unidades,cidade,Betim - MG,542,2026-08-19 19:47:00.000000,INT
Todas as unidades,cidade,Ribeirão das Neves - MG,398,2026-08-19 19:47:00.000000,INT
Todas as unidades,cidade,Contagem - MG,347,2026-08-19 19:47:00.000000,INT
Todas as unidades,cidade,Santa Luzia - MG,302,2026-08-19 19:47:00.000000,INT
Todas as unidades,cidade,Sabará - MG,299,2026-08-19 19:47:00.000000,INT
Todas as unidades,cidade,Conselheiro Lafaiete - MG,268,2026-08-19 19:47:00.000000,INT
Todas as unidades,cidade,Ouro Preto - MG,268,2026-08-19 19:47:00.000000,INT
Todas as unidades,cidade,Ipatinga - MG,259,2026-08-19 19:47:00.000000,INT
Todas as unidades,cidade,Itabirito - MG,248,2026-08-19 19:47:00.000000,INT
Todas as unidades,cidade,Ponte Nova - MG,239,2026-08-19 19:47:00.000000,INT
Todas as unidades,cidade,Governador Valadares - MG,221,2026-08-19 19:47:00.000000,INT
Todas as unidades,cidade,Congonhas - MG,195,2026-08-19 19:47:00.000000,INT
Todas as unidades,cidade,Ibirité - MG,164,2026-08-19 19:47:00.000000,INT
Todas as unidades,cidade,Ouro Branco - MG,151,2026-08-19 19:47:00.000000,INT
Arcos,tipo,Pública Estadual,49,2026-08-19 19:47:00.000000,INT
Arcos,tipo,Privada,25,2026-08-19 19:47:00.000000,INT
Arcos,tipo,Pública Municipal,4,2026-08-19 19:47:00.000000,INT
Arcos,area,Urbana,74,2026-08-19 19:47:00.000000,INT
Arcos,area,Rural,4,2026-08-19 19:47:00.000000,INT
Arcos,cidade,Arcos - MG,72,2026-08-19 19:47:00.000000,INT
Arcos,cidade,Acrelândia - AC,1,2026-08-19 19:47:00.000000,INT
Arcos,cidade,Iguatama - MG,1,2026-08-19 19:47:00.000000,INT
Arcos,cidade,Outra - OU,1,2026-08-19 19:47:00.000000,INT
Arcos,cidade,Natal - RN,1,2026-08-19 19:47:00.000000,INT
Arcos,cidade,Doresópolis - MG,1,2026-08-19 19:47:00.000000,INT
Arcos,cidade,Japaraíba - MG,1,2026-08-19 19:47:00.000000,INT
Bambuí,tipo,Pública Estadual,84,2026-08-19 19:47:00.000000,INT
Bambuí,tipo,Pública Municipal,27,2026-08-19 19:47:00.000000,INT
Bambuí,tipo,Privada,22,2026-08-19 19:47:00.000000,INT
Bambuí,area,Urbana,122,2026-08-19 19:47:00.000000,INT
Bambuí,area,Rural,11,2026-08-19 19:47:00.000000,INT
Bambuí,cidade,Bambuí - MG,54,2026-08-19 19:47:00.000000,INT
Bambuí,cidade,Iguatama - MG,11,2026-08-19 19:47:00.000000,INT
Bambuí,cidade,Medeiros - MG,10,2026-08-19 19:47:00.000000,INT
Bambuí,cidade,Luz - MG,6,2026-08-19 19:47:00.000000,INT
Bambuí,cidade,Campos Altos - MG,5,2026-08-19 19:47:00.000000,INT
Bambuí,cidade,Pompéu - MG,5,2026-08-19 19:47:00.000000,INT
Bambuí,cidade,Arcos - MG,4,2026-08-19 19:47:00.000000,INT
Bambuí,cidade,Córrego Danta - MG,3,2026-08-19 19:47:00.000000,INT
Bambuí,cidade,Piumhi - MG,3,2026-08-19 19:47:00.000000,INT
Bambuí,cidade,Santa Rosa da Serra - MG,3,2026-08-19 19:47:00.000000,INT
Bambuí,cidade,Contagem - MG,2,2026-08-19 19:47:00.000000,INT
Bambuí,cidade,Outra - OU,2,2026-08-19 19:47:00.000000,INT
Bambuí,cidade,Ibiá - MG,2,2026-08-19 19:47:00.000000,INT
Bambuí,cidade,Araxá - MG,2,2026-08-19 19:47:00.000000,INT
Bambuí,cidade,Japaraíba - MG,2,2026-08-19 19:47:00.000000,INT
Betim,tipo,Pública Municipal,555,2026-08-19 19:47:00.000000,INT
Betim,tipo,Privada,233,2026-08-19 19:47:00.000000,INT
Betim,tipo,Pública Estadual,150,2026-08-19 19:47:00.000000,INT
Betim,tipo,Pública Federal,4,2026-08-19 19:47:00.000000,INT
Betim,area,Urbana,942,2026-08-19 19:47:00.000000,INT
Betim,cidade,Betim - MG,523,2026-08-19 19:47:00.000000,INT
Betim,cidade,Contagem - MG,281,2026-08-19 19:47:00.000000,INT
Betim,cidade,Belo Horizonte - MG,55,2026-08-19 19:47:00.000000,INT
Betim,cidade,Outra - OU,26,2026-08-19 19:47:00.000000,INT
Betim,cidade,São Joaquim de Bicas - MG,13,2026-08-19 19:47:00.000000,INT
Betim,cidade,Igarapé - MG,11,2026-08-19 19:47:00.000000,INT
Betim,cidade,Juatuba - MG,6,2026-08-19 19:47:00.000000,INT
Betim,cidade,Sarzedo - MG,5,2026-08-19 19:47:00.000000,INT
Betim,cidade,Esmeraldas - MG,5,2026-08-19 19:47:00.000000,INT
Betim,cidade,Nova Lima - MG,3,2026-08-19 19:47:00.000000,INT
Betim,cidade,Carangola - MG,1,2026-08-19 19:47:00.000000,INT
Betim,cidade,Turmalina - MG,1,2026-08-19 19:47:00.000000,INT
Betim,cidade,Ibirité - MG,1,2026-08-19 19:47:00.000000,INT
Betim,cidade,Itabira - MG,1,2026-08-19 19:47:00.000000,INT
Betim,cidade,Paraopeba - MG,1,2026-08-19 19:47:00.000000,INT
Congonhas,tipo,Pública Municipal,171,2026-08-19 19:47:00.000000,INT
Congonhas,tipo,Privada,58,2026-08-19 19:47:00.000000,INT
Congonhas,tipo,Pública Estadual,44,2026-08-19 19:47:00.000000,INT
Congonhas,tipo,Pública Federal,1,2026-08-19 19:47:00.000000,INT
Congonhas,area,Urbana,274,2026-08-19 19:47:00.000000,INT
Congonhas,cidade,Congonhas - MG,193,2026-08-19 19:47:00.000000,INT
Congonhas,cidade,Jeceaba - MG,24,2026-08-19 19:47:00.000000,INT
Congonhas,cidade,Conselheiro Lafaiete - MG,17,2026-08-19 19:47:00.000000,INT
Congonhas,cidade,São Brás do Suaçuí - MG,11,2026-08-19 19:47:00.000000,INT
Congonhas,cidade,Entre Rios de Minas - MG,9,2026-08-19 19:47:00.000000,INT
Congonhas,cidade,Belo Vale - MG,9,2026-08-19 19:47:00.000000,INT
Congonhas,cidade,Outra - OU,6,2026-08-19 19:47:00.000000,INT
Congonhas,cidade,Ouro Branco - MG,1,2026-08-19 19:47:00.000000,INT
Congonhas,cidade,Guarapari - ES,1,2026-08-19 19:47:00.000000,INT
Congonhas,cidade,Barão de Cocais - MG,1,2026-08-19 19:47:00.000000,INT
Congonhas,cidade,Barrinha - SP,1,2026-08-19 19:47:00.000000,INT
Congonhas,cidade,Belo Horizonte - MG,1,2026-08-19 19:47:00.000000,INT
Conselheiro Lafaiete,tipo,Pública Municipal,98,2026-08-19 19:47:00.000000,INT
Conselheiro Lafaiete,tipo,Pública Estadual,93,2026-08-19 19:47:00.000000,INT
Conselheiro Lafaiete,tipo,Privada,23,2026-08-19 19:47:00.000000,INT
Conselheiro Lafaiete,area,Urbana,213,2026-08-19 19:47:00.000000,INT
Conselheiro Lafaiete,area,Rural,1,2026-08-19 19:47:00.000000,INT
Conselheiro Lafaiete,cidade,Conselheiro Lafaiete - MG,161,2026-08-19 19:47:00.000000,INT
Conselheiro Lafaiete,cidade,Carandaí - MG,22,2026-08-19 19:47:00.000000,INT
Conselheiro Lafaiete,cidade,Catas Altas da Noruega - MG,6,2026-08-19 19:47:00.000000,INT
Conselheiro Lafaiete,cidade,Caranaíba - MG,5,2026-08-19 19:47:00.000000,INT
Conselheiro Lafaiete,cidade,Queluzito - MG,3,2026-08-19 19:47:00.000000,INT
Conselheiro Lafaiete,cidade,Cristiano Otoni - MG,3,2026-08-19 19:47:00.000000,INT
Conselheiro Lafaiete,cidade,Outra - OU,3,2026-08-19 19:47:00.000000,INT
Conselheiro Lafaiete,cidade,Itaverava - MG,2,2026-08-19 19:47:00.000000,INT
Conselheiro Lafaiete,cidade,Juiz de Fora - MG,2,2026-08-19 19:47:00.000000,INT
Conselheiro Lafaiete,cidade,Jeceaba - MG,2,2026-08-19 19:47:00.000000,INT
Conselheiro Lafaiete,cidade,Santana dos Montes - MG,1,2026-08-19 19:47:00.000000,INT
Conselheiro Lafaiete,cidade,Piranga - MG,1,2026-08-19 19:47:00.000000,INT
Conselheiro Lafaiete,cidade,Rio Espera - MG,1,2026-08-19 19:47:00.000000,INT
Conselheiro Lafaiete,cidade,Entre Rios de Minas - MG,1,2026-08-19 19:47:00.000000,INT
Conselheiro Lafaiete,cidade,Ouro Branco - MG,1,2026-08-19 19:47:00.000000,INT
Formiga,tipo,Pública Estadual,77,2026-08-19 19:47:00.000000,INT
Formiga,tipo,Pública Municipal,27,2026-08-19 19:47:00.000000,INT
Formiga,tipo,Privada,12,2026-08-19 19:47:00.000000,INT
Formiga,area,Urbana,114,2026-08-19 19:47:00.000000,INT
Formiga,area,Rural,2,2026-08-19 19:47:00.000000,INT
Formiga,cidade,Formiga - MG,84,2026-08-19 19:47:00.000000,INT
Formiga,cidade,Pains - MG,15,2026-08-19 19:47:00.000000,INT
Formiga,cidade,Córrego Fundo - MG,11,2026-08-19 19:47:00.000000,INT
Formiga,cidade,Barra da Estiva - BA,1,2026-08-19 19:47:00.000000,INT
Formiga,cidade,Campo Belo - MG,1,2026-08-19 19:47:00.000000,INT
Formiga,cidade,Outra - OU,1,2026-08-19 19:47:00.000000,INT
Formiga,cidade,Arcos - MG,1,2026-08-19 19:47:00.000000,INT
Formiga,cidade,Córrego Danta - MG,1,2026-08-19 19:47:00.000000,INT
Formiga,cidade,Divinópolis - MG,1,2026-08-19 19:47:00.000000,INT
Governador Valadares,tipo,Pública Estadual,171,2026-08-19 19:47:00.000000,INT
Governador Valadares,tipo,Privada,115,2026-08-19 19:47:00.000000,INT
Governador Valadares,tipo,Pública Municipal,21,2026-08-19 19:47:00.000000,INT
Governador Valadares,area,Urbana,304,2026-08-19 19:47:00.000000,INT
Governador Valadares,area,Rural,3,2026-08-19 19:47:00.000000,INT
Governador Valadares,cidade,Governador Valadares - MG,220,2026-08-19 19:47:00.000000,INT
Governador Valadares,cidade,Engenheiro Caldas - MG,15,2026-08-19 19:47:00.000000,INT
Governador Valadares,cidade,Frei Inocêncio - MG,14,2026-08-19 19:47:00.000000,INT
Governador Valadares,cidade,Mathias Lobato - MG,11,2026-08-19 19:47:00.000000,INT
Governador Valadares,cidade,Outra - OU,10,2026-08-19 19:47:00.000000,INT
Governador Valadares,cidade,Tarumirim - MG,6,2026-08-19 19:47:00.000000,INT
Governador Valadares,cidade,Jampruca - MG,4,2026-08-19 19:47:00.000000,INT
Governador Valadares,cidade,Sardoá - MG,4,2026-08-19 19:47:00.000000,INT
Governador Valadares,cidade,Itanhomi - MG,3,2026-08-19 19:47:00.000000,INT
Governador Valadares,cidade,Alpercata - MG,2,2026-08-19 19:47:00.000000,INT
Governador Valadares,cidade,São Geraldo da Piedade - MG,2,2026-08-19 19:47:00.000000,INT
Governador Valadares,cidade,Aimorés - MG,2,2026-08-19 19:47:00.000000,INT
Governador Valadares,cidade,Pescador - MG,1,2026-08-19 19:47:00.000000,INT
Governador Valadares,cidade,Capitão Andrade - MG,1,2026-08-19 19:47:00.000000,INT
Governador Valadares,cidade,Coroaci - MG,1,2026-08-19 19:47:00.000000,INT
Ibirité,tipo,Pública Municipal,283,2026-08-19 19:47:00.000000,INT
Ibirité,tipo,Privada,153,2026-08-19 19:47:00.000000,INT
Ibirité,tipo,Pública Estadual,111,2026-08-19 19:47:00.000000,INT
Ibirité,area,Urbana,546,2026-08-19 19:47:00.000000,INT
Ibirité,area,Rural,1,2026-08-19 19:47:00.000000,INT
Ibirité,cidade,Belo Horizonte - MG,289,2026-08-19 19:47:00.000000,INT
Ibirité,cidade,Ibirité - MG,161,2026-08-19 19:47:00.000000,INT
Ibirité,cidade,Contagem - MG,45,2026-08-19 19:47:00.000000,INT
Ibirité,cidade,Betim - MG,16,2026-08-19 19:47:00.000000,INT
Ibirité,cidade,Sarzedo - MG,13,2026-08-19 19:47:00.000000,INT
Ibirité,cidade,Outra - OU,11,2026-08-19 19:47:00.000000,INT
Ibirité,cidade,Brumadinho - MG,4,2026-08-19 19:47:00.000000,INT
Ibirité,cidade,Rio Doce - MG,1,2026-08-19 19:47:00.000000,INT
Ibirité,cidade,Itambacuri - MG,1,2026-08-19 19:47:00.000000,INT
Ibirité,cidade,Nova Serrana - MG,1,2026-08-19 19:47:00.000000,INT
Ibirité,cidade,Ribeirão das Neves - MG,1,2026-08-19 19:47:00.000000,INT
Ibirité,cidade,São Joaquim de Bicas - MG,1,2026-08-19 19:47:00.000000,INT
Ibirité,cidade,Vespasiano - MG,1,2026-08-19 19:47:00.000000,INT
Ibirité,cidade,Mário Campos - MG,1,2026-08-19 19:47:00.000000,INT
Ibirité,cidade,Piedade dos Gerais - MG,1,2026-08-19 19:47:00.000000,INT
Ipatinga,tipo,Pública Municipal,160,2026-08-19 19:47:00.000000,INT
Ipatinga,tipo,Pública Estadual,132,2026-08-19 19:47:00.000000,INT
Ipatinga,tipo,Privada,69,2026-08-19 19:47:00.000000,INT
Ipatinga,area,Urbana,359,2026-08-19 19:47:00.000000,INT
Ipatinga,area,Rural,2,2026-08-19 19:47:00.000000,INT
Ipatinga,cidade,Ipatinga - MG,258,2026-08-19 19:47:00.000000,INT
Ipatinga,cidade,Coronel Fabriciano - MG,38,2026-08-19 19:47:00.000000,INT
Ipatinga,cidade,Belo Oriente - MG,13,2026-08-19 19:47:00.000000,INT
Ipatinga,cidade,Timóteo - MG,12,2026-08-19 19:47:00.000000,INT
Ipatinga,cidade,Santana do Paraíso - MG,10,2026-08-19 19:47:00.000000,INT
Ipatinga,cidade,São Domingos do Prata - MG,5,2026-08-19 19:47:00.000000,INT
Ipatinga,cidade,Outra - OU,3,2026-08-19 19:47:00.000000,INT
Ipatinga,cidade,Ipaba - MG,3,2026-08-19 19:47:00.000000,INT
Ipatinga,cidade,Pingo-d'Água - MG,2,2026-08-19 19:47:00.000000,INT
Ipatinga,cidade,Caratinga - MG,2,2026-08-19 19:47:00.000000,INT
Ipatinga,cidade,Dom Cavati - MG,2,2026-08-19 19:47:00.000000,INT
Ipatinga,cidade,Joaíma - MG,1,2026-08-19 19:47:00.000000,INT
Ipatinga,cidade,Mesquita - MG,1,2026-08-19 19:47:00.000000,INT
Ipatinga,cidade,Abre Campo - MG,1,2026-08-19 19:47:00.000000,INT
Ipatinga,cidade,Santa Bárbara - MG,1,2026-08-19 19:47:00.000000,INT
Itabirito,tipo,Pública Municipal,115,2026-08-19 19:47:00.000000,INT
Itabirito,tipo,Pública Estadual,41,2026-08-19 19:47:00.000000,INT
Itabirito,tipo,Privada,19,2026-08-19 19:47:00.000000,INT
Itabirito,tipo,Pública Federal,1,2026-08-19 19:47:00.000000,INT
Itabirito,area,Urbana,176,2026-08-19 19:47:00.000000,INT
Itabirito,cidade,Itabirito - MG,170,2026-08-19 19:47:00.000000,INT
Itabirito,cidade,Ouro Preto - MG,2,2026-08-19 19:47:00.000000,INT
Itabirito,cidade,Ouro Branco - MG,1,2026-08-19 19:47:00.000000,INT
Itabirito,cidade,Nova Lima - MG,1,2026-08-19 19:47:00.000000,INT
Itabirito,cidade,Belo Horizonte - MG,1,2026-08-19 19:47:00.000000,INT
Itabirito,cidade,Mariana - MG,1,2026-08-19 19:47:00.000000,INT
Ouro Branco,tipo,Pública Municipal,132,2026-08-19 19:47:00.000000,INT
Ouro Branco,tipo,Pública Estadual,64,2026-08-19 19:47:00.000000,INT
Ouro Branco,tipo,Privada,62,2026-08-19 19:47:00.000000,INT
Ouro Branco,tipo,Pública Federal,1,2026-08-19 19:47:00.000000,INT
Ouro Branco,area,Urbana,250,2026-08-19 19:47:00.000000,INT
Ouro Branco,area,Rural,9,2026-08-19 19:47:00.000000,INT
Ouro Branco,cidade,Ouro Branco - MG,147,2026-08-19 19:47:00.000000,INT
Ouro Branco,cidade,Conselheiro Lafaiete - MG,88,2026-08-19 19:47:00.000000,INT
Ouro Branco,cidade,Jeceaba - MG,7,2026-08-19 19:47:00.000000,INT
Ouro Branco,cidade,Congonhas - MG,2,2026-08-19 19:47:00.000000,INT
Ouro Branco,cidade,Entre Rios de Minas - MG,2,2026-08-19 19:47:00.000000,INT
Ouro Branco,cidade,Itaverava - MG,2,2026-08-19 19:47:00.000000,INT
Ouro Branco,cidade,Piranga - MG,2,2026-08-19 19:47:00.000000,INT
Ouro Branco,cidade,Caranaíba - MG,2,2026-08-19 19:47:00.000000,INT
Ouro Branco,cidade,Senhora de Oliveira - MG,1,2026-08-19 19:47:00.000000,INT
Ouro Branco,cidade,Brumado - BA,1,2026-08-19 19:47:00.000000,INT
Ouro Branco,cidade,Belo Horizonte - MG,1,2026-08-19 19:47:00.000000,INT
Ouro Branco,cidade,Macaé - RJ,1,2026-08-19 19:47:00.000000,INT
Ouro Branco,cidade,Barão de Cocais - MG,1,2026-08-19 19:47:00.000000,INT
Ouro Branco,cidade,Ipatinga - MG,1,2026-08-19 19:47:00.000000,INT
Ouro Branco,cidade,Ouro Preto - MG,1,2026-08-19 19:47:00.000000,INT
Ouro Preto,tipo,Pública Municipal,238,2026-08-19 19:47:00.000000,INT
Ouro Preto,tipo,Pública Estadual,179,2026-08-19 19:47:00.000000,INT
Ouro Preto,tipo,Privada,126,2026-08-19 19:47:00.000000,INT
Ouro Preto,tipo,Pública Federal,4,2026-08-19 19:47:00.000000,INT
Ouro Preto,area,Urbana,535,2026-08-19 19:47:00.000000,INT
Ouro Preto,area,Rural,12,2026-08-19 19:47:00.000000,INT
Ouro Preto,cidade,Ouro Preto - MG,265,2026-08-19 19:47:00.000000,INT
Ouro Preto,cidade,Mariana - MG,148,2026-08-19 19:47:00.000000,INT
Ouro Preto,cidade,Itabirito - MG,78,2026-08-19 19:47:00.000000,INT
Ouro Preto,cidade,Santa Bárbara - MG,11,2026-08-19 19:47:00.000000,INT
Ouro Preto,cidade,Outra - OU,10,2026-08-19 19:47:00.000000,INT
Ouro Preto,cidade,Catas Altas - MG,10,2026-08-19 19:47:00.000000,INT
Ouro Preto,cidade,Belo Horizonte - MG,6,2026-08-19 19:47:00.000000,INT
Ouro Preto,cidade,Barão de Cocais - MG,2,2026-08-19 19:47:00.000000,INT
Ouro Preto,cidade,Piranga - MG,2,2026-08-19 19:47:00.000000,INT
Ouro Preto,cidade,Conselheiro Lafaiete - MG,2,2026-08-19 19:47:00.000000,INT
Ouro Preto,cidade,Barbacena - MG,1,2026-08-19 19:47:00.000000,INT
Ouro Preto,cidade,Porto Firme - MG,1,2026-08-19 19:47:00.000000,INT
Ouro Preto,cidade,Caeté - MG,1,2026-08-19 19:47:00.000000,INT
Ouro Preto,cidade,Conceição do Mato Dentro - MG,1,2026-08-19 19:47:00.000000,INT
Ouro Preto,cidade,Contagem - MG,1,2026-08-19 19:47:00.000000,INT
Piumhi,tipo,Pública Estadual,59,2026-08-19 19:47:00.000000,INT
Piumhi,tipo,Privada,26,2026-08-19 19:47:00.000000,INT
Piumhi,tipo,Pública Municipal,3,2026-08-19 19:47:00.000000,INT
Piumhi,area,Urbana,88,2026-08-19 19:47:00.000000,INT
Piumhi,cidade,Piumhi - MG,59,2026-08-19 19:47:00.000000,INT
Piumhi,cidade,Pimenta - MG,16,2026-08-19 19:47:00.000000,INT
Piumhi,cidade,Capitólio - MG,10,2026-08-19 19:47:00.000000,INT
Piumhi,cidade,Doresópolis - MG,3,2026-08-19 19:47:00.000000,INT
Ponte Nova,tipo,Pública Estadual,152,2026-08-19 19:47:00.000000,INT
Ponte Nova,tipo,Pública Municipal,135,2026-08-19 19:47:00.000000,INT
Ponte Nova,tipo,Privada,94,2026-08-19 19:47:00.000000,INT
Ponte Nova,area,Urbana,378,2026-08-19 19:47:00.000000,INT
Ponte Nova,area,Rural,3,2026-08-19 19:47:00.000000,INT
Ponte Nova,cidade,Ponte Nova - MG,239,2026-08-19 19:47:00.000000,INT
Ponte Nova,cidade,Urucânia - MG,20,2026-08-19 19:47:00.000000,INT
Ponte Nova,cidade,Dom Silvério - MG,18,2026-08-19 19:47:00.000000,INT
Ponte Nova,cidade,Jequeri - MG,16,2026-08-19 19:47:00.000000,INT
Ponte Nova,cidade,Amparo do Serra - MG,15,2026-08-19 19:47:00.000000,INT
Ponte Nova,cidade,Raul Soares - MG,10,2026-08-19 19:47:00.000000,INT
Ponte Nova,cidade,Rio Casca - MG,9,2026-08-19 19:47:00.000000,INT
Ponte Nova,cidade,Alvinópolis - MG,9,2026-08-19 19:47:00.000000,INT
Ponte Nova,cidade,Santa Cruz do Escalvado - MG,8,2026-08-19 19:47:00.000000,INT
Ponte Nova,cidade,Oratórios - MG,7,2026-08-19 19:47:00.000000,INT
Ponte Nova,cidade,Outra - OU,5,2026-08-19 19:47:00.000000,INT
Ponte Nova,cidade,Guaraciaba - MG,4,2026-08-19 19:47:00.000000,INT
Ponte Nova,cidade,Rio Doce - MG,3,2026-08-19 19:47:00.000000,INT
Ponte Nova,cidade,Piedade de Ponte Nova - MG,3,2026-08-19 19:47:00.000000,INT
Ponte Nova,cidade,Sem-Peixe - MG,2,2026-08-19 19:47:00.000000,INT
Ribeirão das Neves,tipo,Pública Estadual,341,2026-08-19 19:47:00.000000,INT
Ribeirão das Neves,tipo,Pública Municipal,196,2026-08-19 19:47:00.000000,INT
Ribeirão das Neves,tipo,Privada,117,2026-08-19 19:47:00.000000,INT
Ribeirão das Neves,tipo,Pública Federal,4,2026-08-19 19:47:00.000000,INT
Ribeirão das Neves,area,Urbana,658,2026-08-19 19:47:00.000000,INT
Ribeirão das Neves,cidade,Ribeirão das Neves - MG,395,2026-08-19 19:47:00.000000,INT
Ribeirão das Neves,cidade,Belo Horizonte - MG,172,2026-08-19 19:47:00.000000,INT
Ribeirão das Neves,cidade,Esmeraldas - MG,25,2026-08-19 19:47:00.000000,INT
Ribeirão das Neves,cidade,São José da Lapa - MG,18,2026-08-19 19:47:00.000000,INT
Ribeirão das Neves,cidade,Outra - OU,17,2026-08-19 19:47:00.000000,INT
Ribeirão das Neves,cidade,Contagem - MG,15,2026-08-19 19:47:00.000000,INT
Ribeirão das Neves,cidade,Vespasiano - MG,4,2026-08-19 19:47:00.000000,INT
Ribeirão das Neves,cidade,Matozinhos - MG,1,2026-08-19 19:47:00.000000,INT
Ribeirão das Neves,cidade,Pedro Leopoldo - MG,1,2026-08-19 19:47:00.000000,INT
Ribeirão das Neves,cidade,Santa Rita do Itueto - MG,1,2026-08-19 19:47:00.000000,INT
Ribeirão das Neves,cidade,Brumadinho - MG,1,2026-08-19 19:47:00.000000,INT
Ribeirão das Neves,cidade,Confins - MG,1,2026-08-19 19:47:00.000000,INT
Ribeirão das Neves,cidade,Ibirité - MG,1,2026-08-19 19:47:00.000000,INT
Ribeirão das Neves,cidade,Lagoa Santa - MG,1,2026-08-19 19:47:00.000000,INT
Ribeirão das Neves,cidade,Montes Claros - MG,1,2026-08-19 19:47:00.000000,INT
Sabará,tipo,Pública Estadual,245,2026-08-19 19:47:00.000000,INT
Sabará,tipo,Pública Municipal,165,2026-08-19 19:47:00.000000,INT
Sabará,tipo,Privada,127,2026-08-19 19:47:00.000000,INT
Sabará,tipo,Pública Federal,5,2026-08-19 19:47:00.000000,INT
Sabará,area,Urbana,542,2026-08-19 19:47:00.000000,INT
Sabará,cidade,Sabará - MG,297,2026-08-19 19:47:00.000000,INT
Sabará,cidade,Belo Horizonte - MG,180,2026-08-19 19:47:00.000000,INT
Sabará,cidade,Caeté - MG,41,2026-08-19 19:47:00.000000,INT
Sabará,cidade,Outra - OU,8,2026-08-19 19:47:00.000000,INT
Sabará,cidade,Santa Luzia - MG,6,2026-08-19 19:47:00.000000,INT
Sabará,cidade,Nova Lima - MG,5,2026-08-19 19:47:00.000000,INT
Sabará,cidade,Contagem - MG,2,2026-08-19 19:47:00.000000,INT
Sabará,cidade,São José da Lapa - MG,1,2026-08-19 19:47:00.000000,INT
Sabará,cidade,Carmópolis de Minas - MG,1,2026-08-19 19:47:00.000000,INT
Sabará,cidade,Jaboticatubas - MG,1,2026-08-19 19:47:00.000000,INT
Santa Luzia,tipo,Pública Estadual,202,2026-08-19 19:47:00.000000,INT
Santa Luzia,tipo,Pública Municipal,161,2026-08-19 19:47:00.000000,INT
Santa Luzia,tipo,Privada,128,2026-08-19 19:47:00.000000,INT
Santa Luzia,tipo,Pública Federal,6,2026-08-19 19:47:00.000000,INT
Santa Luzia,area,Urbana,497,2026-08-19 19:47:00.000000,INT
Santa Luzia,cidade,Santa Luzia - MG,296,2026-08-19 19:47:00.000000,INT
Santa Luzia,cidade,Belo Horizonte - MG,131,2026-08-19 19:47:00.000000,INT
Santa Luzia,cidade,Vespasiano - MG,20,2026-08-19 19:47:00.000000,INT
Santa Luzia,cidade,Outra - OU,14,2026-08-19 19:47:00.000000,INT
Santa Luzia,cidade,Lagoa Santa - MG,9,2026-08-19 19:47:00.000000,INT
Santa Luzia,cidade,São José da Lapa - MG,6,2026-08-19 19:47:00.000000,INT
Santa Luzia,cidade,Pedro Leopoldo - MG,4,2026-08-19 19:47:00.000000,INT
Santa Luzia,cidade,Sabará - MG,2,2026-08-19 19:47:00.000000,INT
Santa Luzia,cidade,Brasília - DF,2,2026-08-19 19:47:00.000000,INT
Santa Luzia,cidade,Contagem - MG,2,2026-08-19 19:47:00.000000,INT
Santa Luzia,cidade,Matozinhos - MG,1,2026-08-19 19:47:00.000000,INT
Santa Luzia,cidade,Camaçari - BA,1,2026-08-19 19:47:00.000000,INT
Santa Luzia,cidade,Araçaí - MG,1,2026-08-19 19:47:00.000000,INT
Santa Luzia,cidade,Caeté - MG,1,2026-08-19 19:47:00.000000,INT
Santa Luzia,cidade,Jaboticatubas - MG,1,2026-08-19 19:47:00.000000,INT
São João Evangelista,tipo,Pública Estadual,453,2026-08-19 19:47:00.000000,INT
São João Evangelista,tipo,Privada,32,2026-08-19 19:47:00.000000,INT
São João Evangelista,tipo,Pública Municipal,22,2026-08-19 19:47:00.000000,INT
São João Evangelista,area,Urbana,490,2026-08-19 19:47:00.000000,INT
São João Evangelista,area,Rural,17,2026-08-19 19:47:00.000000,INT
São João Evangelista,cidade,Guanhães - MG,102,2026-08-19 19:47:00.000000,INT
São João Evangelista,cidade,São João Evangelista - MG,88,2026-08-19 19:47:00.000000,INT
São João Evangelista,cidade,Peçanha - MG,40,2026-08-19 19:47:00.000000,INT
São João Evangelista,cidade,Santa Maria do Suaçuí - MG,33,2026-08-19 19:47:00.000000,INT
São João Evangelista,cidade,Coluna - MG,26,2026-08-19 19:47:00.000000,INT
São João Evangelista,cidade,Virginópolis - MG,24,2026-08-19 19:47:00.000000,INT
São João Evangelista,cidade,São Pedro do Suaçuí - MG,17,2026-08-19 19:47:00.000000,INT
São João Evangelista,cidade,Capelinha - MG,15,2026-08-19 19:47:00.000000,INT
São João Evangelista,cidade,São José do Jacuri - MG,12,2026-08-19 19:47:00.000000,INT
São João Evangelista,cidade,Cantagalo - MG,11,2026-08-19 19:47:00.000000,INT
São João Evangelista,cidade,Dom Joaquim - MG,10,2026-08-19 19:47:00.000000,INT
São João Evangelista,cidade,Divinolândia de Minas - MG,9,2026-08-19 19:47:00.000000,INT
São João Evangelista,cidade,Paulistas - MG,9,2026-08-19 19:47:00.000000,INT
São João Evangelista,cidade,Frei Lagonegro - MG,9,2026-08-19 19:47:00.000000,INT
São João Evangelista,cidade,Angelândia - MG,8,2026-08-19 19:47:00.000000,INT
Todas as unidades,tipo,Pública Estadual,449,2026-08-19 19:47:00.000000,SUB
Todas as unidades,tipo,Privada,71,2026-08-19 19:47:00.000000,SUB
Todas as unidades,tipo,Pública Federal,23,2026-08-19 19:47:00.000000,SUB
Todas as unidades,tipo,Pública Municipal,16,2026-08-19 19:47:00.000000,SUB
Todas as unidades,area,Urbana,551,2026-08-19 19:47:00.000000,SUB
Todas as unidades,area,Rural,8,2026-08-19 19:47:00.000000,SUB
Todas as unidades,cidade,Belo Horizonte - MG,43,2026-08-19 19:47:00.000000,SUB
Todas as unidades,cidade,Conselheiro Lafaiete - MG,40,2026-08-19 19:47:00.000000,SUB
Todas as unidades,cidade,Santa Luzia - MG,37,2026-08-19 19:47:00.000000,SUB
Todas as unidades,cidade,Ouro Preto - MG,34,2026-08-19 19:47:00.000000,SUB
Todas as unidades,cidade,Outra - OU,29,2026-08-19 19:47:00.000000,SUB
Todas as unidades,cidade,Piumhi - MG,24,2026-08-19 19:47:00.000000,SUB
Todas as unidades,cidade,Congonhas - MG,21,2026-08-19 19:47:00.000000,SUB
Todas as unidades,cidade,Ribeirão das Neves - MG,20,2026-08-19 19:47:00.000000,SUB
Todas as unidades,cidade,Governador Valadares - MG,12,2026-08-19 19:47:00.000000,SUB
Todas as unidades,cidade,Ipatinga - MG,10,2026-08-19 19:47:00.000000,SUB
Todas as unidades,cidade,Mariana - MG,10,2026-08-19 19:47:00.000000,SUB
Todas as unidades,cidade,Contagem - MG,8,2026-08-19 19:47:00.000000,SUB
Todas as unidades,cidade,Betim - MG,6,2026-08-19 19:47:00.000000,SUB
Todas as unidades,cidade,Salvador - BA,6,2026-08-19 19:47:00.000000,SUB
Todas as unidades,cidade,Bambuí - MG,6,2026-08-19 19:47:00.000000,SUB
Bambuí,tipo,Pública Estadual,9,2026-08-19 19:47:00.000000,SUB
Bambuí,tipo,Privada,4,2026-08-19 19:47:00.000000,SUB
Bambuí,tipo,Pública Municipal,3,2026-08-19 19:47:00.000000,SUB
Bambuí,area,Urbana,13,2026-08-19 19:47:00.000000,SUB
Bambuí,area,Rural,3,2026-08-19 19:47:00.000000,SUB
Bambuí,cidade,Bambuí - MG,4,2026-08-19 19:47:00.000000,SUB
Bambuí,cidade,Formiga - MG,2,2026-08-19 19:47:00.000000,SUB
Bambuí,cidade,Leme - SP,1,2026-08-19 19:47:00.000000,SUB
Bambuí,cidade,Santa Filomena - PE,1,2026-08-19 19:47:00.000000,SUB
Bambuí,cidade,Caraí - MG,1,2026-08-19 19:47:00.000000,SUB
Bambuí,cidade,Oliveira - MG,1,2026-08-19 19:47:00.000000,SUB
Bambuí,cidade,Pimenta - MG,1,2026-08-19 19:47:00.000000,SUB
Bambuí,cidade,Campinas - SP,1,2026-08-19 19:47:00.000000,SUB
Bambuí,cidade,Arcos - MG,1,2026-08-19 19:47:00.000000,SUB
Bambuí,cidade,Belo Horizonte - MG,1,2026-08-19 19:47:00.000000,SUB
Bambuí,cidade,Perdões - MG,1,2026-08-19 19:47:00.000000,SUB
Bambuí,cidade,Santa Rosa da Serra - MG,1,2026-08-19 19:47:00.000000,SUB
Congonhas,tipo,Pública Estadual,24,2026-08-19 19:47:00.000000,SUB
Congonhas,tipo,Privada,2,2026-08-19 19:47:00.000000,SUB
Congonhas,area,Urbana,26,2026-08-19 19:47:00.000000,SUB
Congonhas,cidade,Congonhas - MG,15,2026-08-19 19:47:00.000000,SUB
Congonhas,cidade,Oriximiná - PA,1,2026-08-19 19:47:00.000000,SUB
Congonhas,cidade,Belo Horizonte - MG,1,2026-08-19 19:47:00.000000,SUB
Congonhas,cidade,Ouro Preto - MG,1,2026-08-19 19:47:00.000000,SUB
Congonhas,cidade,São Brás do Suaçuí - MG,1,2026-08-19 19:47:00.000000,SUB
Congonhas,cidade,Ubiratã - PR,1,2026-08-19 19:47:00.000000,SUB
Congonhas,cidade,Maceió - AL,1,2026-08-19 19:47:00.000000,SUB
Congonhas,cidade,Betim - MG,1,2026-08-19 19:47:00.000000,SUB
Congonhas,cidade,Entre Rios de Minas - MG,1,2026-08-19 19:47:00.000000,SUB
Congonhas,cidade,Sabará - MG,1,2026-08-19 19:47:00.000000,SUB
Congonhas,cidade,Barrinha - SP,1,2026-08-19 19:47:00.000000,SUB
Congonhas,cidade,Outra - OU,1,2026-08-19 19:47:00.000000,SUB
Conselheiro Lafaiete,tipo,Pública Estadual,52,2026-08-19 19:47:00.000000,SUB
Conselheiro Lafaiete,tipo,Pública Municipal,8,2026-08-19 19:47:00.000000,SUB
Conselheiro Lafaiete,tipo,Privada,6,2026-08-19 19:47:00.000000,SUB
Conselheiro Lafaiete,tipo,Pública Federal,1,2026-08-19 19:47:00.000000,SUB
Conselheiro Lafaiete,area,Urbana,67,2026-08-19 19:47:00.000000,SUB
Conselheiro Lafaiete,cidade,Conselheiro Lafaiete - MG,38,2026-08-19 19:47:00.000000,SUB
Conselheiro Lafaiete,cidade,Congonhas - MG,4,2026-08-19 19:47:00.000000,SUB
Conselheiro Lafaiete,cidade,Barbacena - MG,3,2026-08-19 19:47:00.000000,SUB
Conselheiro Lafaiete,cidade,Outra - OU,3,2026-08-19 19:47:00.000000,SUB
Conselheiro Lafaiete,cidade,Ouro Branco - MG,3,2026-08-19 19:47:00.000000,SUB
Conselheiro Lafaiete,cidade,Senhora de Oliveira - MG,2,2026-08-19 19:47:00.000000,SUB
Conselheiro Lafaiete,cidade,Entre Rios de Minas - MG,2,2026-08-19 19:47:00.000000,SUB
Conselheiro Lafaiete,cidade,Ouro Preto - MG,1,2026-08-19 19:47:00.000000,SUB
Conselheiro Lafaiete,cidade,Piranga - MG,1,2026-08-19 19:47:00.000000,SUB
Conselheiro Lafaiete,cidade,Rio de Janeiro - RJ,1,2026-08-19 19:47:00.000000,SUB
Conselheiro Lafaiete,cidade,Carandaí - MG,1,2026-08-19 19:47:00.000000,SUB
Conselheiro Lafaiete,cidade,Guanhães - MG,1,2026-08-19 19:47:00.000000,SUB
Conselheiro Lafaiete,cidade,Patos de Minas - MG,1,2026-08-19 19:47:00.000000,SUB
Conselheiro Lafaiete,cidade,São Brás do Suaçuí - MG,1,2026-08-19 19:47:00.000000,SUB
Conselheiro Lafaiete,cidade,Varginha - MG,1,2026-08-19 19:47:00.000000,SUB
Governador Valadares,tipo,Pública Estadual,18,2026-08-19 19:47:00.000000,SUB
Governador Valadares,tipo,Privada,3,2026-08-19 19:47:00.000000,SUB
Governador Valadares,tipo,Pública Municipal,1,2026-08-19 19:47:00.000000,SUB
Governador Valadares,area,Urbana,22,2026-08-19 19:47:00.000000,SUB
Governador Valadares,cidade,Governador Valadares - MG,11,2026-08-19 19:47:00.000000,SUB
Governador Valadares,cidade,Galiléia - MG,2,2026-08-19 19:47:00.000000,SUB
Governador Valadares,cidade,Outra - OU,2,2026-08-19 19:47:00.000000,SUB
Governador Valadares,cidade,Santa Maria do Suaçuí - MG,1,2026-08-19 19:47:00.000000,SUB
Governador Valadares,cidade,São Domingos do Norte - ES,1,2026-08-19 19:47:00.000000,SUB
Governador Valadares,cidade,São Paulo - SP,1,2026-08-19 19:47:00.000000,SUB
Governador Valadares,cidade,Resplendor - MG,1,2026-08-19 19:47:00.000000,SUB
Governador Valadares,cidade,São Félix de Minas - MG,1,2026-08-19 19:47:00.000000,SUB
Governador Valadares,cidade,São Mateus - ES,1,2026-08-19 19:47:00.000000,SUB
Governador Valadares,cidade,Itabuna - BA,1,2026-08-19 19:47:00.000000,SUB
Ipatinga,tipo,Pública Estadual,30,2026-08-19 19:47:00.000000,SUB
Ipatinga,tipo,Pública Federal,1,2026-08-19 19:47:00.000000,SUB
Ipatinga,tipo,Privada,1,2026-08-19 19:47:00.000000,SUB
Ipatinga,tipo,Pública Municipal,1,2026-08-19 19:47:00.000000,SUB
Ipatinga,area,Urbana,33,2026-08-19 19:47:00.000000,SUB
Ipatinga,cidade,Ipatinga - MG,10,2026-08-19 19:47:00.000000,SUB
Ipatinga,cidade,Coronel Fabriciano - MG,4,2026-08-19 19:47:00.000000,SUB
Ipatinga,cidade,Santana do Paraíso - MG,3,2026-08-19 19:47:00.000000,SUB
Ipatinga,cidade,Timóteo - MG,3,2026-08-19 19:47:00.000000,SUB
Ipatinga,cidade,Outra - OU,1,2026-08-19 19:47:00.000000,SUB
Ipatinga,cidade,Açucena - MG,1,2026-08-19 19:47:00.000000,SUB
Ipatinga,cidade,Belo Horizonte - MG,1,2026-08-19 19:47:00.000000,SUB
Ipatinga,cidade,Carlos Chagas - MG,1,2026-08-19 19:47:00.000000,SUB
Ipatinga,cidade,Dores de Guanhães - MG,1,2026-08-19 19:47:00.000000,SUB
Ipatinga,cidade,Mesquita - MG,1,2026-08-19 19:47:00.000000,SUB
Ipatinga,cidade,São Paulo - SP,1,2026-08-19 19:47:00.000000,SUB
Ipatinga,cidade,Salvador - BA,1,2026-08-19 19:47:00.000000,SUB
Ipatinga,cidade,Araçuaí - MG,1,2026-08-19 19:47:00.000000,SUB
Ipatinga,cidade,Bom Jesus do Galho - MG,1,2026-08-19 19:47:00.000000,SUB
Ipatinga,cidade,Iapu - MG,1,2026-08-19 19:47:00.000000,SUB
Ouro Preto,tipo,Pública Estadual,68,2026-08-19 19:47:00.000000,SUB
Ouro Preto,tipo,Privada,14,2026-08-19 19:47:00.000000,SUB
Ouro Preto,tipo,Pública Federal,3,2026-08-19 19:47:00.000000,SUB
Ouro Preto,tipo,Pública Municipal,1,2026-08-19 19:47:00.000000,SUB
Ouro Preto,area,Urbana,86,2026-08-19 19:47:00.000000,SUB
Ouro Preto,cidade,Ouro Preto - MG,32,2026-08-19 19:47:00.000000,SUB
Ouro Preto,cidade,Mariana - MG,10,2026-08-19 19:47:00.000000,SUB
Ouro Preto,cidade,Outra - OU,4,2026-08-19 19:47:00.000000,SUB
Ouro Preto,cidade,Belo Horizonte - MG,4,2026-08-19 19:47:00.000000,SUB
Ouro Preto,cidade,Catas Altas - MG,3,2026-08-19 19:47:00.000000,SUB
Ouro Preto,cidade,Salvador - BA,2,2026-08-19 19:47:00.000000,SUB
Ouro Preto,cidade,Itabirito - MG,2,2026-08-19 19:47:00.000000,SUB
Ouro Preto,cidade,Muriaé - MG,2,2026-08-19 19:47:00.000000,SUB
Ouro Preto,cidade,Congonhas - MG,2,2026-08-19 19:47:00.000000,SUB
Ouro Preto,cidade,Guaraciaba - MG,1,2026-08-19 19:47:00.000000,SUB
Ouro Preto,cidade,Bauru - SP,1,2026-08-19 19:47:00.000000,SUB
Ouro Preto,cidade,Januária - MG,1,2026-08-19 19:47:00.000000,SUB
Ouro Preto,cidade,Belém - PA,1,2026-08-19 19:47:00.000000,SUB
Ouro Preto,cidade,Tupanciretã - RS,1,2026-08-19 19:47:00.000000,SUB
Ouro Preto,cidade,Machado - MG,1,2026-08-19 19:47:00.000000,SUB
Piumhi,tipo,Pública Estadual,36,2026-08-19 19:47:00.000000,SUB
Piumhi,tipo,Privada,5,2026-08-19 19:47:00.000000,SUB
Piumhi,tipo,Pública Federal,3,2026-08-19 19:47:00.000000,SUB
Piumhi,area,Urbana,43,2026-08-19 19:47:00.000000,SUB
Piumhi,area,Rural,1,2026-08-19 19:47:00.000000,SUB
Piumhi,cidade,Piumhi - MG,24,2026-08-19 19:47:00.000000,SUB
Piumhi,cidade,Pimenta - MG,5,2026-08-19 19:47:00.000000,SUB
Piumhi,cidade,São Roque de Minas - MG,2,2026-08-19 19:47:00.000000,SUB
Piumhi,cidade,Franca - SP,2,2026-08-19 19:47:00.000000,SUB
Piumhi,cidade,Doresópolis - MG,2,2026-08-19 19:47:00.000000,SUB
Piumhi,cidade,Outra - OU,1,2026-08-19 19:47:00.000000,SUB
Piumhi,cidade,Icó - CE,1,2026-08-19 19:47:00.000000,SUB
Piumhi,cidade,Arcos - MG,1,2026-08-19 19:47:00.000000,SUB
Piumhi,cidade,Belo Horizonte - MG,1,2026-08-19 19:47:00.000000,SUB
Piumhi,cidade,São Francisco - MG,1,2026-08-19 19:47:00.000000,SUB
Piumhi,cidade,Vargem Bonita - MG,1,2026-08-19 19:47:00.000000,SUB
Piumhi,cidade,Rio Verde - GO,1,2026-08-19 19:47:00.000000,SUB
Piumhi,cidade,Ibicuí - BA,1,2026-08-19 19:47:00.000000,SUB
Piumhi,cidade,Bambuí - MG,1,2026-08-19 19:47:00.000000,SUB
Ribeirão das Neves,tipo,Pública Estadual,137,2026-08-19 19:47:00.000000,SUB
Ribeirão das Neves,tipo,Privada,22,2026-08-19 19:47:00.000000,SUB
Ribeirão das Neves,tipo,Pública Federal,9,2026-08-19 19:47:00.000000,SUB
Ribeirão das Neves,tipo,Pública Municipal,1,2026-08-19 19:47:00.000000,SUB
Ribeirão das Neves,area,Urbana,166,2026-08-19 19:47:00.000000,SUB
Ribeirão das Neves,area,Rural,3,2026-08-19 19:47:00.000000,SUB
Ribeirão das Neves,cidade,Ribeirão das Neves - MG,19,2026-08-19 19:47:00.000000,SUB
Ribeirão das Neves,cidade,Belo Horizonte - MG,18,2026-08-19 19:47:00.000000,SUB
Ribeirão das Neves,cidade,Outra - OU,11,2026-08-19 19:47:00.000000,SUB
Ribeirão das Neves,cidade,Contagem - MG,6,2026-08-19 19:47:00.000000,SUB
Ribeirão das Neves,cidade,Salvador - BA,3,2026-08-19 19:47:00.000000,SUB
Ribeirão das Neves,cidade,Campos dos Goytacazes - RJ,3,2026-08-19 19:47:00.000000,SUB
Ribeirão das Neves,cidade,Matozinhos - MG,2,2026-08-19 19:47:00.000000,SUB
Ribeirão das Neves,cidade,São Bernardo do Campo - SP,2,2026-08-19 19:47:00.000000,SUB
Ribeirão das Neves,cidade,Vila Velha - ES,2,2026-08-19 19:47:00.000000,SUB
Ribeirão das Neves,cidade,Betim - MG,2,2026-08-19 19:47:00.000000,SUB
Ribeirão das Neves,cidade,Cataguases - MG,2,2026-08-19 19:47:00.000000,SUB
Ribeirão das Neves,cidade,Volta Redonda - RJ,2,2026-08-19 19:47:00.000000,SUB
Ribeirão das Neves,cidade,Vespasiano - MG,2,2026-08-19 19:47:00.000000,SUB
Ribeirão das Neves,cidade,São Paulo - SP,2,2026-08-19 19:47:00.000000,SUB
Ribeirão das Neves,cidade,Itaobim - MG,2,2026-08-19 19:47:00.000000,SUB
Santa Luzia,tipo,Pública Estadual,75,2026-08-19 19:47:00.000000,SUB
Santa Luzia,tipo,Privada,14,2026-08-19 19:47:00.000000,SUB
Santa Luzia,tipo,Pública Federal,6,2026-08-19 19:47:00.000000,SUB
Santa Luzia,tipo,Pública Municipal,1,2026-08-19 19:47:00.000000,SUB
Santa Luzia,area,Urbana,95,2026-08-19 19:47:00.000000,SUB
Santa Luzia,area,Rural,1,2026-08-19 19:47:00.000000,SUB
Santa Luzia,cidade,Santa Luzia - MG,36,2026-08-19 19:47:00.000000,SUB
Santa Luzia,cidade,Belo Horizonte - MG,17,2026-08-19 19:47:00.000000,SUB
Santa Luzia,cidade,Outra - OU,6,2026-08-19 19:47:00.000000,SUB
Santa Luzia,cidade,Contagem - MG,2,2026-08-19 19:47:00.000000,SUB
Santa Luzia,cidade,Sabará - MG,2,2026-08-19 19:47:00.000000,SUB
Santa Luzia,cidade,Betim - MG,2,2026-08-19 19:47:00.000000,SUB
Santa Luzia,cidade,São Paulo - SP,2,2026-08-19 19:47:00.000000,SUB
Santa Luzia,cidade,Três Marias - MG,1,2026-08-19 19:47:00.000000,SUB
Santa Luzia,cidade,Araruama - RJ,1,2026-08-19 19:47:00.000000,SUB
Santa Luzia,cidade,Divinópolis - MG,1,2026-08-19 19:47:00.000000,SUB
Santa Luzia,cidade,Niterói - RJ,1,2026-08-19 19:47:00.000000,SUB
Santa Luzia,cidade,Itabira - MG,1,2026-08-19 19:47:00.000000,SUB
Santa Luzia,cidade,Guaratinguetá - SP,1,2026-08-19 19:47:00.000000,SUB
Santa Luzia,cidade,Lavras - MG,1,2026-08-19 19:47:00.000000,SUB
Santa Luzia,cidade,Belém - PA,1,2026-08-19 19:47:00.000000,SUB
Todas as unidades,tipo,Pública Estadual,1381,2026-08-19 19:47:00.000000,SUP
Todas as unidades,tipo,Pública Federal,273,2026-08-19 19:47:00.000000,SUP
Todas as unidades,tipo,Privada,224,2026-08-19 19:47:00.000000,SUP
Todas as unidades,tipo,Pública Municipal,45,2026-08-19 19:47:00.000000,SUP
Todas as unidades,area,Urbana,1853,2026-08-19 19:47:00.000000,SUP
Todas as unidades,area,Rural,70,2026-08-19 19:47:00.000000,SUP
Todas as unidades,cidade,Belo Horizonte - MG,221,2026-08-19 19:47:00.000000,SUP
Todas as unidades,cidade,Ribeirão das Neves - MG,110,2026-08-19 19:47:00.000000,SUP
Todas as unidades,cidade,Ouro Branco - MG,104,2026-08-19 19:47:00.000000,SUP
Todas as unidades,cidade,Betim - MG,98,2026-08-19 19:47:00.000000,SUP
Todas as unidades,cidade,Arcos - MG,85,2026-08-19 19:47:00.000000,SUP
Todas as unidades,cidade,Formiga - MG,78,2026-08-19 19:47:00.000000,SUP
Todas as unidades,cidade,Bambuí - MG,78,2026-08-19 19:47:00.000000,SUP
Todas as unidades,cidade,Sabará - MG,76,2026-08-19 19:47:00.000000,SUP
Todas as unidades,cidade,Outra - OU,59,2026-08-19 19:47:00.000000,SUP
Todas as unidades,cidade,Santa Luzia - MG,59,2026-08-19 19:47:00.000000,SUP
Todas as unidades,cidade,Congonhas - MG,58,2026-08-19 19:47:00.000000,SUP
Todas as unidades,cidade,Governador Valadares - MG,55,2026-08-19 19:47:00.000000,SUP
Todas as unidades,cidade,Contagem - MG,53,2026-08-19 19:47:00.000000,SUP
Todas as unidades,cidade,Ouro Preto - MG,45,2026-08-19 19:47:00.000000,SUP
Todas as unidades,cidade,Conselheiro Lafaiete - MG,44,2026-08-19 19:47:00.000000,SUP
Arcos,tipo,Pública Estadual,107,2026-08-19 19:47:00.000000,SUP
Arcos,tipo,Privada,20,2026-08-19 19:47:00.000000,SUP
Arcos,tipo,Pública Federal,18,2026-08-19 19:47:00.000000,SUP
Arcos,tipo,Pública Municipal,1,2026-08-19 19:47:00.000000,SUP
Arcos,area,Urbana,141,2026-08-19 19:47:00.000000,SUP
Arcos,area,Rural,5,2026-08-19 19:47:00.000000,SUP
Arcos,cidade,Arcos - MG,66,2026-08-19 19:47:00.000000,SUP
Arcos,cidade,Formiga - MG,14,2026-08-19 19:47:00.000000,SUP
Arcos,cidade,Iguatama - MG,7,2026-08-19 19:47:00.000000,SUP
Arcos,cidade,Lagoa da Prata - MG,6,2026-08-19 19:47:00.000000,SUP
Arcos,cidade,Bambuí - MG,5,2026-08-19 19:47:00.000000,SUP
Arcos,cidade,Outra - OU,4,2026-08-19 19:47:00.000000,SUP
Arcos,cidade,Belo Horizonte - MG,4,2026-08-19 19:47:00.000000,SUP
Arcos,cidade,Piumhi - MG,3,2026-08-19 19:47:00.000000,SUP
Arcos,cidade,Contagem - MG,2,2026-08-19 19:47:00.000000,SUP
Arcos,cidade,Florestal - MG,2,2026-08-19 19:47:00.000000,SUP
Arcos,cidade,Pains - MG,2,2026-08-19 19:47:00.000000,SUP
Arcos,cidade,Manaus - AM,2,2026-08-19 19:47:00.000000,SUP
Arcos,cidade,Inconfidentes - MG,1,2026-08-19 19:47:00.000000,SUP
Arcos,cidade,São Bernardo - MA,1,2026-08-19 19:47:00.000000,SUP
Arcos,cidade,Vila Velha - ES,1,2026-08-19 19:47:00.000000,SUP
Bambuí,tipo,Pública Estadual,117,2026-08-19 19:47:00.000000,SUP
Bambuí,tipo,Pública Federal,52,2026-08-19 19:47:00.000000,SUP
Bambuí,tipo,Privada,28,2026-08-19 19:47:00.000000,SUP
Bambuí,tipo,Pública Municipal,6,2026-08-19 19:47:00.000000,SUP
Bambuí,area,Urbana,161,2026-08-19 19:47:00.000000,SUP
Bambuí,area,Rural,42,2026-08-19 19:47:00.000000,SUP
Bambuí,cidade,Bambuí - MG,71,2026-08-19 19:47:00.000000,SUP
Bambuí,cidade,Piumhi - MG,10,2026-08-19 19:47:00.000000,SUP
Bambuí,cidade,Belo Horizonte - MG,9,2026-08-19 19:47:00.000000,SUP
Bambuí,cidade,Lagoa da Prata - MG,7,2026-08-19 19:47:00.000000,SUP
Bambuí,cidade,Arcos - MG,7,2026-08-19 19:47:00.000000,SUP
Bambuí,cidade,Divinópolis - MG,7,2026-08-19 19:47:00.000000,SUP
Bambuí,cidade,Araxá - MG,5,2026-08-19 19:47:00.000000,SUP
Bambuí,cidade,Dores do Indaiá - MG,5,2026-08-19 19:47:00.000000,SUP
Bambuí,cidade,Medeiros - MG,5,2026-08-19 19:47:00.000000,SUP
Bambuí,cidade,Ipatinga - MG,4,2026-08-19 19:47:00.000000,SUP
Bambuí,cidade,Luz - MG,4,2026-08-19 19:47:00.000000,SUP
Bambuí,cidade,Bom Despacho - MG,3,2026-08-19 19:47:00.000000,SUP
Bambuí,cidade,Betim - MG,3,2026-08-19 19:47:00.000000,SUP
Bambuí,cidade,Outra - OU,3,2026-08-19 19:47:00.000000,SUP
Bambuí,cidade,Iguatama - MG,2,2026-08-19 19:47:00.000000,SUP
Betim,tipo,Pública Estadual,115,2026-08-19 19:47:00.000000,SUP
Betim,tipo,Pública Federal,34,2026-08-19 19:47:00.000000,SUP
Betim,tipo,Privada,24,2026-08-19 19:47:00.000000,SUP
Betim,tipo,Pública Municipal,5,2026-08-19 19:47:00.000000,SUP
Betim,area,Urbana,174,2026-08-19 19:47:00.000000,SUP
Betim,area,Rural,4,2026-08-19 19:47:00.000000,SUP
Betim,cidade,Betim - MG,85,2026-08-19 19:47:00.000000,SUP
Betim,cidade,Contagem - MG,30,2026-08-19 19:47:00.000000,SUP
Betim,cidade,Belo Horizonte - MG,15,2026-08-19 19:47:00.000000,SUP
Betim,cidade,Outra - OU,9,2026-08-19 19:47:00.000000,SUP
Betim,cidade,Ibirité - MG,6,2026-08-19 19:47:00.000000,SUP
Betim,cidade,Igarapé - MG,3,2026-08-19 19:47:00.000000,SUP
Betim,cidade,Sarzedo - MG,3,2026-08-19 19:47:00.000000,SUP
Betim,cidade,Mateus Leme - MG,2,2026-08-19 19:47:00.000000,SUP
Betim,cidade,São Joaquim de Bicas - MG,2,2026-08-19 19:47:00.000000,SUP
Betim,cidade,Florestal - MG,1,2026-08-19 19:47:00.000000,SUP
Betim,cidade,Santa Bárbara d'Oeste - SP,1,2026-08-19 19:47:00.000000,SUP
Betim,cidade,Galiléia - MG,1,2026-08-19 19:47:00.000000,SUP
Betim,cidade,Sumaré - SP,1,2026-08-19 19:47:00.000000,SUP
Betim,cidade,São Domingos do Capim - PA,1,2026-08-19 19:47:00.000000,SUP
Betim,cidade,Bambuí - MG,1,2026-08-19 19:47:00.000000,SUP
Congonhas,tipo,Pública Estadual,62,2026-08-19 19:47:00.000000,SUP
Congonhas,tipo,Pública Federal,5,2026-08-19 19:47:00.000000,SUP
Congonhas,tipo,Privada,3,2026-08-19 19:47:00.000000,SUP
Congonhas,tipo,Pública Municipal,1,2026-08-19 19:47:00.000000,SUP
Congonhas,area,Urbana,71,2026-08-19 19:47:00.000000,SUP
Congonhas,cidade,Congonhas - MG,41,2026-08-19 19:47:00.000000,SUP
Congonhas,cidade,Conselheiro Lafaiete - MG,7,2026-08-19 19:47:00.000000,SUP
Congonhas,cidade,Belo Horizonte - MG,4,2026-08-19 19:47:00.000000,SUP
Congonhas,cidade,São Brás do Suaçuí - MG,2,2026-08-19 19:47:00.000000,SUP
Congonhas,cidade,Carandaí - MG,2,2026-08-19 19:47:00.000000,SUP
Congonhas,cidade,Jeceaba - MG,2,2026-08-19 19:47:00.000000,SUP
Congonhas,cidade,Curvelo - MG,1,2026-08-19 19:47:00.000000,SUP
Congonhas,cidade,Itaguara - MG,1,2026-08-19 19:47:00.000000,SUP
Congonhas,cidade,Ouro Branco - MG,1,2026-08-19 19:47:00.000000,SUP
Congonhas,cidade,Piranga - MG,1,2026-08-19 19:47:00.000000,SUP
Congonhas,cidade,Santa Bárbara - MG,1,2026-08-19 19:47:00.000000,SUP
Congonhas,cidade,Outra - OU,1,2026-08-19 19:47:00.000000,SUP
Congonhas,cidade,Entre Rios de Minas - MG,1,2026-08-19 19:47:00.000000,SUP
Congonhas,cidade,Pará de Minas - MG,1,2026-08-19 19:47:00.000000,SUP
Congonhas,cidade,Resende Costa - MG,1,2026-08-19 19:47:00.000000,SUP
Formiga,tipo,Pública Estadual,68,2026-08-19 19:47:00.000000,SUP
Formiga,tipo,Pública Federal,21,2026-08-19 19:47:00.000000,SUP
Formiga,tipo,Privada,15,2026-08-19 19:47:00.000000,SUP
Formiga,tipo,Pública Municipal,1,2026-08-19 19:47:00.000000,SUP
Formiga,area,Urbana,103,2026-08-19 19:47:00.000000,SUP
Formiga,area,Rural,2,2026-08-19 19:47:00.000000,SUP
Formiga,cidade,Formiga - MG,60,2026-08-19 19:47:00.000000,SUP
Formiga,cidade,Arcos - MG,12,2026-08-19 19:47:00.000000,SUP
Formiga,cidade,Lagoa da Prata - MG,5,2026-08-19 19:47:00.000000,SUP
Formiga,cidade,Rio de Janeiro - RJ,2,2026-08-19 19:47:00.000000,SUP
Formiga,cidade,Campo Belo - MG,2,2026-08-19 19:47:00.000000,SUP
Formiga,cidade,Córrego Fundo - MG,2,2026-08-19 19:47:00.000000,SUP
Formiga,cidade,São Paulo - SP,2,2026-08-19 19:47:00.000000,SUP
Formiga,cidade,Salvador - BA,2,2026-08-19 19:47:00.000000,SUP
Formiga,cidade,Piumhi - MG,1,2026-08-19 19:47:00.000000,SUP
Formiga,cidade,Belo Horizonte - MG,1,2026-08-19 19:47:00.000000,SUP
Formiga,cidade,Alto Rio Novo - ES,1,2026-08-19 19:47:00.000000,SUP
Formiga,cidade,Capitólio - MG,1,2026-08-19 19:47:00.000000,SUP
Formiga,cidade,Contagem - MG,1,2026-08-19 19:47:00.000000,SUP
Formiga,cidade,Marília - SP,1,2026-08-19 19:47:00.000000,SUP
Formiga,cidade,Divinópolis - MG,1,2026-08-19 19:47:00.000000,SUP
Governador Valadares,tipo,Pública Estadual,84,2026-08-19 19:47:00.000000,SUP
Governador Valadares,tipo,Privada,8,2026-08-19 19:47:00.000000,SUP
Governador Valadares,tipo,Pública Federal,7,2026-08-19 19:47:00.000000,SUP
Governador Valadares,tipo,Pública Municipal,3,2026-08-19 19:47:00.000000,SUP
Governador Valadares,area,Urbana,102,2026-08-19 19:47:00.000000,SUP
Governador Valadares,cidade,Governador Valadares - MG,53,2026-08-19 19:47:00.000000,SUP
Governador Valadares,cidade,Frei Inocêncio - MG,3,2026-08-19 19:47:00.000000,SUP
Governador Valadares,cidade,Águas Formosas - MG,2,2026-08-19 19:47:00.000000,SUP
Governador Valadares,cidade,Coroaci - MG,2,2026-08-19 19:47:00.000000,SUP
Governador Valadares,cidade,São Paulo - SP,2,2026-08-19 19:47:00.000000,SUP
Governador Valadares,cidade,Outra - OU,2,2026-08-19 19:47:00.000000,SUP
Governador Valadares,cidade,Divino das Laranjeiras - MG,1,2026-08-19 19:47:00.000000,SUP
Governador Valadares,cidade,Guarapari - ES,1,2026-08-19 19:47:00.000000,SUP
Governador Valadares,cidade,Pium - TO,1,2026-08-19 19:47:00.000000,SUP
Governador Valadares,cidade,Entre Rios de Minas - MG,1,2026-08-19 19:47:00.000000,SUP
Governador Valadares,cidade,Maricá - RJ,1,2026-08-19 19:47:00.000000,SUP
Governador Valadares,cidade,Horizonte - CE,1,2026-08-19 19:47:00.000000,SUP
Governador Valadares,cidade,Gonzaga - MG,1,2026-08-19 19:47:00.000000,SUP
Governador Valadares,cidade,Araquari - SC,1,2026-08-19 19:47:00.000000,SUP
Governador Valadares,cidade,Alagoinhas - BA,1,2026-08-19 19:47:00.000000,SUP
Ibirité,tipo,Pública Estadual,57,2026-08-19 19:47:00.000000,SUP
Ibirité,tipo,Privada,32,2026-08-19 19:47:00.000000,SUP
Ibirité,tipo,Pública Federal,18,2026-08-19 19:47:00.000000,SUP
Ibirité,tipo,Pública Municipal,4,2026-08-19 19:47:00.000000,SUP
Ibirité,area,Urbana,111,2026-08-19 19:47:00.000000,SUP
Ibirité,cidade,Belo Horizonte - MG,38,2026-08-19 19:47:00.000000,SUP
Ibirité,cidade,Ibirité - MG,36,2026-08-19 19:47:00.000000,SUP
Ibirité,cidade,Outra - OU,10,2026-08-19 19:47:00.000000,SUP
Ibirité,cidade,Contagem - MG,7,2026-08-19 19:47:00.000000,SUP
Ibirité,cidade,Betim - MG,5,2026-08-19 19:47:00.000000,SUP
Ibirité,cidade,Sarzedo - MG,3,2026-08-19 19:47:00.000000,SUP
Ibirité,cidade,Ribeirão das Neves - MG,1,2026-08-19 19:47:00.000000,SUP
Ibirité,cidade,Urucânia - MG,1,2026-08-19 19:47:00.000000,SUP
Ibirité,cidade,Capim Branco - MG,1,2026-08-19 19:47:00.000000,SUP
Ibirité,cidade,Itabira - MG,1,2026-08-19 19:47:00.000000,SUP
Ibirité,cidade,Juiz de Fora - MG,1,2026-08-19 19:47:00.000000,SUP
Ibirité,cidade,Nepomuceno - MG,1,2026-08-19 19:47:00.000000,SUP
Ibirité,cidade,Pedro Leopoldo - MG,1,2026-08-19 19:47:00.000000,SUP
Ibirité,cidade,Brasília - DF,1,2026-08-19 19:47:00.000000,SUP
Ibirité,cidade,Catuti - MG,1,2026-08-19 19:47:00.000000,SUP
Ipatinga,tipo,Pública Estadual,37,2026-08-19 19:47:00.000000,SUP
Ipatinga,tipo,Pública Federal,7,2026-08-19 19:47:00.000000,SUP
Ipatinga,tipo,Privada,5,2026-08-19 19:47:00.000000,SUP
Ipatinga,area,Urbana,49,2026-08-19 19:47:00.000000,SUP
Ipatinga,cidade,Ipatinga - MG,21,2026-08-19 19:47:00.000000,SUP
Ipatinga,cidade,Coronel Fabriciano - MG,5,2026-08-19 19:47:00.000000,SUP
Ipatinga,cidade,Timóteo - MG,4,2026-08-19 19:47:00.000000,SUP
Ipatinga,cidade,Santana do Paraíso - MG,4,2026-08-19 19:47:00.000000,SUP
Ipatinga,cidade,Iapu - MG,2,2026-08-19 19:47:00.000000,SUP
Ipatinga,cidade,Outra - OU,2,2026-08-19 19:47:00.000000,SUP
Ipatinga,cidade,Pingo-d'Água - MG,1,2026-08-19 19:47:00.000000,SUP
Ipatinga,cidade,Santa Rita do Itueto - MG,1,2026-08-19 19:47:00.000000,SUP
Ipatinga,cidade,Santo Antônio dos Lopes - MA,1,2026-08-19 19:47:00.000000,SUP
Ipatinga,cidade,Belo Horizonte - MG,1,2026-08-19 19:47:00.000000,SUP
Ipatinga,cidade,Caratinga - MG,1,2026-08-19 19:47:00.000000,SUP
Ipatinga,cidade,Joanésia - MG,1,2026-08-19 19:47:00.000000,SUP
Ipatinga,cidade,Nova Era - MG,1,2026-08-19 19:47:00.000000,SUP
Ipatinga,cidade,Teófilo Otoni - MG,1,2026-08-19 19:47:00.000000,SUP
Ipatinga,cidade,Barbacena - MG,1,2026-08-19 19:47:00.000000,SUP
Itabirito,tipo,Pública Estadual,15,2026-08-19 19:47:00.000000,SUP
Itabirito,tipo,Pública Federal,12,2026-08-19 19:47:00.000000,SUP
Itabirito,tipo,Privada,2,2026-08-19 19:47:00.000000,SUP
Itabirito,area,Urbana,28,2026-08-19 19:47:00.000000,SUP
Itabirito,area,Rural,1,2026-08-19 19:47:00.000000,SUP
Itabirito,cidade,Itabirito - MG,19,2026-08-19 19:47:00.000000,SUP
Itabirito,cidade,Ouro Preto - MG,2,2026-08-19 19:47:00.000000,SUP
Itabirito,cidade,Ponte Nova - MG,1,2026-08-19 19:47:00.000000,SUP
Itabirito,cidade,Tutóia - MA,1,2026-08-19 19:47:00.000000,SUP
Itabirito,cidade,Conselheiro Lafaiete - MG,1,2026-08-19 19:47:00.000000,SUP
Itabirito,cidade,Outra - OU,1,2026-08-19 19:47:00.000000,SUP
Itabirito,cidade,Curionópolis - PA,1,2026-08-19 19:47:00.000000,SUP
Itabirito,cidade,Campo Formoso - BA,1,2026-08-19 19:47:00.000000,SUP
Itabirito,cidade,Contagem - MG,1,2026-08-19 19:47:00.000000,SUP
Itabirito,cidade,Nova Lima - MG,1,2026-08-19 19:47:00.000000,SUP
Ouro Branco,tipo,Pública Estadual,165,2026-08-19 19:47:00.000000,SUP
Ouro Branco,tipo,Pública Federal,31,2026-08-19 19:47:00.000000,SUP
Ouro Branco,tipo,Privada,12,2026-08-19 19:47:00.000000,SUP
Ouro Branco,tipo,Pública Municipal,5,2026-08-19 19:47:00.000000,SUP
Ouro Branco,area,Urbana,212,2026-08-19 19:47:00.000000,SUP
Ouro Branco,area,Rural,1,2026-08-19 19:47:00.000000,SUP
Ouro Branco,cidade,Ouro Branco - MG,102,2026-08-19 19:47:00.000000,SUP
Ouro Branco,cidade,Conselheiro Lafaiete - MG,36,2026-08-19 19:47:00.000000,SUP
Ouro Branco,cidade,Congonhas - MG,15,2026-08-19 19:47:00.000000,SUP
Ouro Branco,cidade,Outra - OU,5,2026-08-19 19:47:00.000000,SUP
Ouro Branco,cidade,Ouro Preto - MG,5,2026-08-19 19:47:00.000000,SUP
Ouro Branco,cidade,Belo Horizonte - MG,3,2026-08-19 19:47:00.000000,SUP
Ouro Branco,cidade,Nova Lima - MG,3,2026-08-19 19:47:00.000000,SUP
Ouro Branco,cidade,Mariana - MG,2,2026-08-19 19:47:00.000000,SUP
Ouro Branco,cidade,Barbacena - MG,2,2026-08-19 19:47:00.000000,SUP
Ouro Branco,cidade,São Paulo - SP,2,2026-08-19 19:47:00.000000,SUP
Ouro Branco,cidade,Caranaíba - MG,2,2026-08-19 19:47:00.000000,SUP
Ouro Branco,cidade,Coronel Fabriciano - MG,1,2026-08-19 19:47:00.000000,SUP
Ouro Branco,cidade,Brasília - DF,1,2026-08-19 19:47:00.000000,SUP
Ouro Branco,cidade,Sabará - MG,1,2026-08-19 19:47:00.000000,SUP
Ouro Branco,cidade,Dionísio - MG,1,2026-08-19 19:47:00.000000,SUP
Ouro Preto,tipo,Pública Estadual,53,2026-08-19 19:47:00.000000,SUP
Ouro Preto,tipo,Pública Federal,12,2026-08-19 19:47:00.000000,SUP
Ouro Preto,tipo,Privada,6,2026-08-19 19:47:00.000000,SUP
Ouro Preto,area,Urbana,71,2026-08-19 19:47:00.000000,SUP
Ouro Preto,cidade,Ouro Preto - MG,37,2026-08-19 19:47:00.000000,SUP
Ouro Preto,cidade,Mariana - MG,6,2026-08-19 19:47:00.000000,SUP
Ouro Preto,cidade,Belo Horizonte - MG,3,2026-08-19 19:47:00.000000,SUP
Ouro Preto,cidade,São Luís - MA,2,2026-08-19 19:47:00.000000,SUP
Ouro Preto,cidade,Santana - AP,1,2026-08-19 19:47:00.000000,SUP
Ouro Preto,cidade,Três Rios - RJ,1,2026-08-19 19:47:00.000000,SUP
Ouro Preto,cidade,Eunápolis - BA,1,2026-08-19 19:47:00.000000,SUP
Ouro Preto,cidade,Itatiba - SP,1,2026-08-19 19:47:00.000000,SUP
Ouro Preto,cidade,São João da Boa Vista - SP,1,2026-08-19 19:47:00.000000,SUP
Ouro Preto,cidade,Cruzília - MG,1,2026-08-19 19:47:00.000000,SUP
Ouro Preto,cidade,Florianópolis - SC,1,2026-08-19 19:47:00.000000,SUP
Ouro Preto,cidade,Ouro Branco - MG,1,2026-08-19 19:47:00.000000,SUP
Ouro Preto,cidade,Padre Paraíso - MG,1,2026-08-19 19:47:00.000000,SUP
Ouro Preto,cidade,Rio Piracicaba - MG,1,2026-08-19 19:47:00.000000,SUP
Ouro Preto,cidade,Porto Velho - RO,1,2026-08-19 19:47:00.000000,SUP
Piumhi,tipo,Pública Estadual,7,2026-08-19 19:47:00.000000,SUP
Piumhi,tipo,Pública Federal,1,2026-08-19 19:47:00.000000,SUP
Piumhi,tipo,Pública Municipal,1,2026-08-19 19:47:00.000000,SUP
Piumhi,area,Urbana,8,2026-08-19 19:47:00.000000,SUP
Piumhi,area,Rural,1,2026-08-19 19:47:00.000000,SUP
Piumhi,cidade,Piumhi - MG,6,2026-08-19 19:47:00.000000,SUP
Piumhi,cidade,Belo Horizonte - MG,1,2026-08-19 19:47:00.000000,SUP
Piumhi,cidade,Lavras - MG,1,2026-08-19 19:47:00.000000,SUP
Piumhi,cidade,São João da Ponte - MG,1,2026-08-19 19:47:00.000000,SUP
Ponte Nova,tipo,Pública Estadual,24,2026-08-19 19:47:00.000000,SUP
Ponte Nova,tipo,Privada,1,2026-08-19 19:47:00.000000,SUP
Ponte Nova,tipo,Pública Federal,1,2026-08-19 19:47:00.000000,SUP
Ponte Nova,area,Urbana,26,2026-08-19 19:47:00.000000,SUP
Ponte Nova,cidade,Ponte Nova - MG,23,2026-08-19 19:47:00.000000,SUP
Ponte Nova,cidade,Amparo do Serra - MG,1,2026-08-19 19:47:00.000000,SUP
Ponte Nova,cidade,Ouro Preto - MG,1,2026-08-19 19:47:00.000000,SUP
Ponte Nova,cidade,Santo Antônio do Grama - MG,1,2026-08-19 19:47:00.000000,SUP
Ribeirão das Neves,tipo,Pública Estadual,137,2026-08-19 19:47:00.000000,SUP
Ribeirão das Neves,tipo,Privada,14,2026-08-19 19:47:00.000000,SUP
Ribeirão das Neves,tipo,Pública Federal,9,2026-08-19 19:47:00.000000,SUP
Ribeirão das Neves,tipo,Pública Municipal,3,2026-08-19 19:47:00.000000,SUP
Ribeirão das Neves,area,Urbana,163,2026-08-19 19:47:00.000000,SUP
Ribeirão das Neves,cidade,Ribeirão das Neves - MG,99,2026-08-19 19:47:00.000000,SUP
Ribeirão das Neves,cidade,Belo Horizonte - MG,32,2026-08-19 19:47:00.000000,SUP
Ribeirão das Neves,cidade,Esmeraldas - MG,7,2026-08-19 19:47:00.000000,SUP
Ribeirão das Neves,cidade,Contagem - MG,6,2026-08-19 19:47:00.000000,SUP
Ribeirão das Neves,cidade,Outra - OU,4,2026-08-19 19:47:00.000000,SUP
Ribeirão das Neves,cidade,Sete Lagoas - MG,2,2026-08-19 19:47:00.000000,SUP
Ribeirão das Neves,cidade,Vespasiano - MG,2,2026-08-19 19:47:00.000000,SUP
Ribeirão das Neves,cidade,Vitória - ES,1,2026-08-19 19:47:00.000000,SUP
Ribeirão das Neves,cidade,São Luís - MA,1,2026-08-19 19:47:00.000000,SUP
Ribeirão das Neves,cidade,Catas Altas - MG,1,2026-08-19 19:47:00.000000,SUP
Ribeirão das Neves,cidade,Lagoa Santa - MG,1,2026-08-19 19:47:00.000000,SUP
Ribeirão das Neves,cidade,Santa Luzia - MG,1,2026-08-19 19:47:00.000000,SUP
Ribeirão das Neves,cidade,Tangará da Serra - MT,1,2026-08-19 19:47:00.000000,SUP
Ribeirão das Neves,cidade,Eunápolis - BA,1,2026-08-19 19:47:00.000000,SUP
Ribeirão das Neves,cidade,Betim - MG,1,2026-08-19 19:47:00.000000,SUP
Sabará,tipo,Pública Estadual,130,2026-08-19 19:47:00.000000,SUP
Sabará,tipo,Privada,27,2026-08-19 19:47:00.000000,SUP
Sabará,tipo,Pública Federal,16,2026-08-19 19:47:00.000000,SUP
Sabará,tipo,Pública Municipal,7,2026-08-19 19:47:00.000000,SUP
Sabará,area,Urbana,177,2026-08-19 19:47:00.000000,SUP
Sabará,area,Rural,3,2026-08-19 19:47:00.000000,SUP
Sabará,cidade,Belo Horizonte - MG,71,2026-08-19 19:47:00.000000,SUP
Sabará,cidade,Sabará - MG,69,2026-08-19 19:47:00.000000,SUP
Sabará,cidade,Santa Luzia - MG,5,2026-08-19 19:47:00.000000,SUP
Sabará,cidade,Caeté - MG,4,2026-08-19 19:47:00.000000,SUP
Sabará,cidade,Outra - OU,4,2026-08-19 19:47:00.000000,SUP
Sabará,cidade,Ribeirão das Neves - MG,2,2026-08-19 19:47:00.000000,SUP
Sabará,cidade,Contagem - MG,2,2026-08-19 19:47:00.000000,SUP
Sabará,cidade,Divinópolis - MG,2,2026-08-19 19:47:00.000000,SUP
Sabará,cidade,Juiz de Fora - MG,1,2026-08-19 19:47:00.000000,SUP
Sabará,cidade,Barcarena - PA,1,2026-08-19 19:47:00.000000,SUP
Sabará,cidade,Uruará - PA,1,2026-08-19 19:47:00.000000,SUP
Sabará,cidade,São Pedro dos Ferros - MG,1,2026-08-19 19:47:00.000000,SUP
Sabará,cidade,Canavieiras - BA,1,2026-08-19 19:47:00.000000,SUP
Sabará,cidade,Timóteo - MG,1,2026-08-19 19:47:00.000000,SUP
Sabará,cidade,Cariacica - ES,1,2026-08-19 19:47:00.000000,SUP
Santa Luzia,tipo,Pública Estadual,101,2026-08-19 19:47:00.000000,SUP
Santa Luzia,tipo,Privada,25,2026-08-19 19:47:00.000000,SUP
Santa Luzia,tipo,Pública Federal,19,2026-08-19 19:47:00.000000,SUP
Santa Luzia,tipo,Pública Municipal,8,2026-08-19 19:47:00.000000,SUP
Santa Luzia,area,Urbana,152,2026-08-19 19:47:00.000000,SUP
Santa Luzia,area,Rural,1,2026-08-19 19:47:00.000000,SUP
Santa Luzia,cidade,Santa Luzia - MG,51,2026-08-19 19:47:00.000000,SUP
Santa Luzia,cidade,Belo Horizonte - MG,37,2026-08-19 19:47:00.000000,SUP
Santa Luzia,cidade,Outra - OU,11,2026-08-19 19:47:00.000000,SUP
Santa Luzia,cidade,Ribeirão das Neves - MG,7,2026-08-19 19:47:00.000000,SUP
Santa Luzia,cidade,Vespasiano - MG,5,2026-08-19 19:47:00.000000,SUP
Santa Luzia,cidade,Sabará - MG,3,2026-08-19 19:47:00.000000,SUP
Santa Luzia,cidade,Matozinhos - MG,2,2026-08-19 19:47:00.000000,SUP
Santa Luzia,cidade,Araxá - MG,2,2026-08-19 19:47:00.000000,SUP
Santa Luzia,cidade,Betim - MG,2,2026-08-19 19:47:00.000000,SUP
Santa Luzia,cidade,Sete Lagoas - MG,2,2026-08-19 19:47:00.000000,SUP
Santa Luzia,cidade,Formiga - MG,1,2026-08-19 19:47:00.000000,SUP
Santa Luzia,cidade,Altamira - PA,1,2026-08-19 19:47:00.000000,SUP
Santa Luzia,cidade,Viçosa - MG,1,2026-08-19 19:47:00.000000,SUP
Santa Luzia,cidade,Abreu e Lima - PE,1,2026-08-19 19:47:00.000000,SUP
Santa Luzia,cidade,Boituva - SP,1,2026-08-19 19:47:00.000000,SUP
São João Evangelista,tipo,Pública Estadual,102,2026-08-19 19:47:00.000000,SUP
São João Evangelista,tipo,Pública Federal,10,2026-08-19 19:47:00.000000,SUP
São João Evangelista,tipo,Privada,2,2026-08-19 19:47:00.000000,SUP
São João Evangelista,area,Urbana,104,2026-08-19 19:47:00.000000,SUP
São João Evangelista,area,Rural,10,2026-08-19 19:47:00.000000,SUP
São João Evangelista,cidade,São João Evangelista - MG,31,2026-08-19 19:47:00.000000,SUP
São João Evangelista,cidade,Guanhães - MG,22,2026-08-19 19:47:00.000000,SUP
São João Evangelista,cidade,São Pedro do Suaçuí - MG,8,2026-08-19 19:47:00.000000,SUP
São João Evangelista,cidade,Peçanha - MG,7,2026-08-19 19:47:00.000000,SUP
São João Evangelista,cidade,Virginópolis - MG,5,2026-08-19 19:47:00.000000,SUP
São João Evangelista,cidade,Dores de Guanhães - MG,5,2026-08-19 19:47:00.000000,SUP
São João Evangelista,cidade,Santa Maria do Suaçuí - MG,4,2026-08-19 19:47:00.000000,SUP
São João Evangelista,cidade,Paulistas - MG,3,2026-08-19 19:47:00.000000,SUP
São João Evangelista,cidade,Cantagalo - MG,2,2026-08-19 19:47:00.000000,SUP
São João Evangelista,cidade,Dom Joaquim - MG,2,2026-08-19 19:47:00.000000,SUP
São João Evangelista,cidade,Aricanduva - MG,2,2026-08-19 19:47:00.000000,SUP
São João Evangelista,cidade,Coluna - MG,2,2026-08-19 19:47:00.000000,SUP
São João Evangelista,cidade,Serro - MG,2,2026-08-19 19:47:00.000000,SUP
São João Evangelista,cidade,Outra - OU,2,2026-08-19 19:47:00.000000,SUP
São João Evangelista,cidade,Sabinópolis - MG,2,2026-08-19 19:47:00.000000,SUP
Todas as unidades,tipo,Pública Estadual,2650,2026-08-19 20:02:00.000000,INT
Todas as unidades,tipo,Pública Municipal,2524,2026-08-19 20:02:00.000000,INT
Todas as unidades,tipo,Privada,1444,2026-08-19 20:02:00.000000,INT
Todas as unidades,tipo,Pública Federal,26,2026-08-19 20:02:00.000000,INT
Todas as unidades,area,Urbana,6579,2026-08-19 20:02:00.000000,INT
Todas as unidades,area,Rural,65,2026-08-19 20:02:00.000000,INT
Todas as unidades,cidade,Belo Horizonte - MG,844,2026-08-19 20:02:00.000000,INT
Todas as unidades,cidade,Betim - MG,544,2026-08-19 20:02:00.000000,INT
Todas as unidades,cidade,Ribeirão das Neves - MG,401,2026-08-19 20:02:00.000000,INT
Todas as unidades,cidade,Contagem - MG,351,2026-08-19 20:02:00.000000,INT
Todas as unidades,cidade,Santa Luzia - MG,302,2026-08-19 20:02:00.000000,INT
Todas as unidades,cidade,Sabará - MG,299,2026-08-19 20:02:00.000000,INT
Todas as unidades,cidade,Ouro Preto - MG,269,2026-08-19 20:02:00.000000,INT
Todas as unidades,cidade,Conselheiro Lafaiete - MG,268,2026-08-19 20:02:00.000000,INT
Todas as unidades,cidade,Ipatinga - MG,260,2026-08-19 20:02:00.000000,INT
Todas as unidades,cidade,Itabirito - MG,248,2026-08-19 20:02:00.000000,INT
Todas as unidades,cidade,Ponte Nova - MG,239,2026-08-19 20:02:00.000000,INT
Todas as unidades,cidade,Governador Valadares - MG,222,2026-08-19 20:02:00.000000,INT
Todas as unidades,cidade,Congonhas - MG,196,2026-08-19 20:02:00.000000,INT
Todas as unidades,cidade,Ibirité - MG,164,2026-08-19 20:02:00.000000,INT
Todas as unidades,cidade,Ouro Branco - MG,151,2026-08-19 20:02:00.000000,INT
Arcos,tipo,Pública Estadual,49,2026-08-19 20:02:00.000000,INT
Arcos,tipo,Privada,25,2026-08-19 20:02:00.000000,INT
Arcos,tipo,Pública Municipal,4,2026-08-19 20:02:00.000000,INT
Arcos,area,Urbana,74,2026-08-19 20:02:00.000000,INT
Arcos,area,Rural,4,2026-08-19 20:02:00.000000,INT
Arcos,cidade,Arcos - MG,72,2026-08-19 20:02:00.000000,INT
Arcos,cidade,Acrelândia - AC,1,2026-08-19 20:02:00.000000,INT
Arcos,cidade,Iguatama - MG,1,2026-08-19 20:02:00.000000,INT
Arcos,cidade,Outra - OU,1,2026-08-19 20:02:00.000000,INT
Arcos,cidade,Natal - RN,1,2026-08-19 20:02:00.000000,INT
Arcos,cidade,Doresópolis - MG,1,2026-08-19 20:02:00.000000,INT
Arcos,cidade,Japaraíba - MG,1,2026-08-19 20:02:00.000000,INT
Bambuí,tipo,Pública Estadual,84,2026-08-19 20:02:00.000000,INT
Bambuí,tipo,Pública Municipal,28,2026-08-19 20:02:00.000000,INT
Bambuí,tipo,Privada,22,2026-08-19 20:02:00.000000,INT
Bambuí,area,Urbana,123,2026-08-19 20:02:00.000000,INT
Bambuí,area,Rural,11,2026-08-19 20:02:00.000000,INT
Bambuí,cidade,Bambuí - MG,54,2026-08-19 20:02:00.000000,INT
Bambuí,cidade,Medeiros - MG,11,2026-08-19 20:02:00.000000,INT
Bambuí,cidade,Iguatama - MG,11,2026-08-19 20:02:00.000000,INT
Bambuí,cidade,Luz - MG,6,2026-08-19 20:02:00.000000,INT
Bambuí,cidade,Campos Altos - MG,5,2026-08-19 20:02:00.000000,INT
Bambuí,cidade,Pompéu - MG,5,2026-08-19 20:02:00.000000,INT
Bambuí,cidade,Arcos - MG,4,2026-08-19 20:02:00.000000,INT
Bambuí,cidade,Córrego Danta - MG,3,2026-08-19 20:02:00.000000,INT
Bambuí,cidade,Piumhi - MG,3,2026-08-19 20:02:00.000000,INT
Bambuí,cidade,Santa Rosa da Serra - MG,3,2026-08-19 20:02:00.000000,INT
Bambuí,cidade,Contagem - MG,2,2026-08-19 20:02:00.000000,INT
Bambuí,cidade,Outra - OU,2,2026-08-19 20:02:00.000000,INT
Bambuí,cidade,Ibiá - MG,2,2026-08-19 20:02:00.000000,INT
Bambuí,cidade,Araxá - MG,2,2026-08-19 20:02:00.000000,INT
Bambuí,cidade,Japaraíba - MG,2,2026-08-19 20:02:00.000000,INT
Betim,tipo,Pública Municipal,559,2026-08-19 20:02:00.000000,INT
Betim,tipo,Privada,234,2026-08-19 20:02:00.000000,INT
Betim,tipo,Pública Estadual,150,2026-08-19 20:02:00.000000,INT
Betim,tipo,Pública Federal,4,2026-08-19 20:02:00.000000,INT
Betim,area,Urbana,947,2026-08-19 20:02:00.000000,INT
Betim,cidade,Betim - MG,525,2026-08-19 20:02:00.000000,INT
Betim,cidade,Contagem - MG,284,2026-08-19 20:02:00.000000,INT
Betim,cidade,Belo Horizonte - MG,55,2026-08-19 20:02:00.000000,INT
Betim,cidade,Outra - OU,26,2026-08-19 20:02:00.000000,INT
Betim,cidade,São Joaquim de Bicas - MG,13,2026-08-19 20:02:00.000000,INT
Betim,cidade,Igarapé - MG,11,2026-08-19 20:02:00.000000,INT
Betim,cidade,Juatuba - MG,6,2026-08-19 20:02:00.000000,INT
Betim,cidade,Sarzedo - MG,5,2026-08-19 20:02:00.000000,INT
Betim,cidade,Esmeraldas - MG,5,2026-08-19 20:02:00.000000,INT
Betim,cidade,Nova Lima - MG,3,2026-08-19 20:02:00.000000,INT
Betim,cidade,Paraopeba - MG,1,2026-08-19 20:02:00.000000,INT
Betim,cidade,Santa Bárbara - MG,1,2026-08-19 20:02:00.000000,INT
Betim,cidade,Caeté - MG,1,2026-08-19 20:02:00.000000,INT
Betim,cidade,São José da Lapa - MG,1,2026-08-19 20:02:00.000000,INT
Betim,cidade,Três Marias - MG,1,2026-08-19 20:02:00.000000,INT
Congonhas,tipo,Pública Municipal,172,2026-08-19 20:02:00.000000,INT
Congonhas,tipo,Privada,58,2026-08-19 20:02:00.000000,INT
Congonhas,tipo,Pública Estadual,44,2026-08-19 20:02:00.000000,INT
Congonhas,tipo,Pública Federal,1,2026-08-19 20:02:00.000000,INT
Congonhas,area,Urbana,275,2026-08-19 20:02:00.000000,INT
Congonhas,cidade,Congonhas - MG,194,2026-08-19 20:02:00.000000,INT
Congonhas,cidade,Jeceaba - MG,24,2026-08-19 20:02:00.000000,INT
Congonhas,cidade,Conselheiro Lafaiete - MG,17,2026-08-19 20:02:00.000000,INT
Congonhas,cidade,São Brás do Suaçuí - MG,11,2026-08-19 20:02:00.000000,INT
Congonhas,cidade,Entre Rios de Minas - MG,9,2026-08-19 20:02:00.000000,INT
Congonhas,cidade,Belo Vale - MG,9,2026-08-19 20:02:00.000000,INT
Congonhas,cidade,Outra - OU,6,2026-08-19 20:02:00.000000,INT
Congonhas,cidade,Barrinha - SP,1,2026-08-19 20:02:00.000000,INT
Congonhas,cidade,Belo Horizonte - MG,1,2026-08-19 20:02:00.000000,INT
Congonhas,cidade,Ouro Branco - MG,1,2026-08-19 20:02:00.000000,INT
Congonhas,cidade,Guarapari - ES,1,2026-08-19 20:02:00.000000,INT
Congonhas,cidade,Barão de Cocais - MG,1,2026-08-19 20:02:00.000000,INT
Conselheiro Lafaiete,tipo,Pública Municipal,98,2026-08-19 20:02:00.000000,INT
Conselheiro Lafaiete,tipo,Pública Estadual,93,2026-08-19 20:02:00.000000,INT
Conselheiro Lafaiete,tipo,Privada,23,2026-08-19 20:02:00.000000,INT
Conselheiro Lafaiete,area,Urbana,213,2026-08-19 20:02:00.000000,INT
Conselheiro Lafaiete,area,Rural,1,2026-08-19 20:02:00.000000,INT
Conselheiro Lafaiete,cidade,Conselheiro Lafaiete - MG,161,2026-08-19 20:02:00.000000,INT
Conselheiro Lafaiete,cidade,Carandaí - MG,22,2026-08-19 20:02:00.000000,INT
Conselheiro Lafaiete,cidade,Catas Altas da Noruega - MG,6,2026-08-19 20:02:00.000000,INT
Conselheiro Lafaiete,cidade,Caranaíba - MG,5,2026-08-19 20:02:00.000000,INT
Conselheiro Lafaiete,cidade,Queluzito - MG,3,2026-08-19 20:02:00.000000,INT
Conselheiro Lafaiete,cidade,Cristiano Otoni - MG,3,2026-08-19 20:02:00.000000,INT
Conselheiro Lafaiete,cidade,Outra - OU,3,2026-08-19 20:02:00.000000,INT
Conselheiro Lafaiete,cidade,Jeceaba - MG,2,2026-08-19 20:02:00.000000,INT
Conselheiro Lafaiete,cidade,Itaverava - MG,2,2026-08-19 20:02:00.000000,INT
Conselheiro Lafaiete,cidade,Juiz de Fora - MG,2,2026-08-19 20:02:00.000000,INT
Conselheiro Lafaiete,cidade,Entre Rios de Minas - MG,1,2026-08-19 20:02:00.000000,INT
Conselheiro Lafaiete,cidade,Ouro Branco - MG,1,2026-08-19 20:02:00.000000,INT
Conselheiro Lafaiete,cidade,Santana dos Montes - MG,1,2026-08-19 20:02:00.000000,INT
Conselheiro Lafaiete,cidade,Piranga - MG,1,2026-08-19 20:02:00.000000,INT
Conselheiro Lafaiete,cidade,Rio Espera - MG,1,2026-08-19 20:02:00.000000,INT
Formiga,tipo,Pública Estadual,77,2026-08-19 20:02:00.000000,INT
Formiga,tipo,Pública Municipal,27,2026-08-19 20:02:00.000000,INT
Formiga,tipo,Privada,12,2026-08-19 20:02:00.000000,INT
Formiga,area,Urbana,114,2026-08-19 20:02:00.000000,INT
Formiga,area,Rural,2,2026-08-19 20:02:00.000000,INT
Formiga,cidade,Formiga - MG,84,2026-08-19 20:02:00.000000,INT
Formiga,cidade,Pains - MG,15,2026-08-19 20:02:00.000000,INT
Formiga,cidade,Córrego Fundo - MG,11,2026-08-19 20:02:00.000000,INT
Formiga,cidade,Barra da Estiva - BA,1,2026-08-19 20:02:00.000000,INT
Formiga,cidade,Campo Belo - MG,1,2026-08-19 20:02:00.000000,INT
Formiga,cidade,Outra - OU,1,2026-08-19 20:02:00.000000,INT
Formiga,cidade,Arcos - MG,1,2026-08-19 20:02:00.000000,INT
Formiga,cidade,Córrego Danta - MG,1,2026-08-19 20:02:00.000000,INT
Formiga,cidade,Divinópolis - MG,1,2026-08-19 20:02:00.000000,INT
Governador Valadares,tipo,Pública Estadual,171,2026-08-19 20:02:00.000000,INT
Governador Valadares,tipo,Privada,116,2026-08-19 20:02:00.000000,INT
Governador Valadares,tipo,Pública Municipal,21,2026-08-19 20:02:00.000000,INT
Governador Valadares,area,Urbana,305,2026-08-19 20:02:00.000000,INT
Governador Valadares,area,Rural,3,2026-08-19 20:02:00.000000,INT
Governador Valadares,cidade,Governador Valadares - MG,221,2026-08-19 20:02:00.000000,INT
Governador Valadares,cidade,Engenheiro Caldas - MG,15,2026-08-19 20:02:00.000000,INT
Governador Valadares,cidade,Frei Inocêncio - MG,14,2026-08-19 20:02:00.000000,INT
Governador Valadares,cidade,Mathias Lobato - MG,11,2026-08-19 20:02:00.000000,INT
Governador Valadares,cidade,Outra - OU,10,2026-08-19 20:02:00.000000,INT
Governador Valadares,cidade,Tarumirim - MG,6,2026-08-19 20:02:00.000000,INT
Governador Valadares,cidade,Sardoá - MG,4,2026-08-19 20:02:00.000000,INT
Governador Valadares,cidade,Jampruca - MG,4,2026-08-19 20:02:00.000000,INT
Governador Valadares,cidade,Itanhomi - MG,3,2026-08-19 20:02:00.000000,INT
Governador Valadares,cidade,Aimorés - MG,2,2026-08-19 20:02:00.000000,INT
Governador Valadares,cidade,Alpercata - MG,2,2026-08-19 20:02:00.000000,INT
Governador Valadares,cidade,São Geraldo da Piedade - MG,2,2026-08-19 20:02:00.000000,INT
Governador Valadares,cidade,Capitão Andrade - MG,1,2026-08-19 20:02:00.000000,INT
Governador Valadares,cidade,Coroaci - MG,1,2026-08-19 20:02:00.000000,INT
Governador Valadares,cidade,Divino das Laranjeiras - MG,1,2026-08-19 20:02:00.000000,INT
Ibirité,tipo,Pública Municipal,283,2026-08-19 20:02:00.000000,INT
Ibirité,tipo,Privada,153,2026-08-19 20:02:00.000000,INT
Ibirité,tipo,Pública Estadual,111,2026-08-19 20:02:00.000000,INT
Ibirité,area,Urbana,546,2026-08-19 20:02:00.000000,INT
Ibirité,area,Rural,1,2026-08-19 20:02:00.000000,INT
Ibirité,cidade,Belo Horizonte - MG,289,2026-08-19 20:02:00.000000,INT
Ibirité,cidade,Ibirité - MG,161,2026-08-19 20:02:00.000000,INT
Ibirité,cidade,Contagem - MG,45,2026-08-19 20:02:00.000000,INT
Ibirité,cidade,Betim - MG,16,2026-08-19 20:02:00.000000,INT
Ibirité,cidade,Sarzedo - MG,13,2026-08-19 20:02:00.000000,INT
Ibirité,cidade,Outra - OU,11,2026-08-19 20:02:00.000000,INT
Ibirité,cidade,Brumadinho - MG,4,2026-08-19 20:02:00.000000,INT
Ibirité,cidade,Vespasiano - MG,1,2026-08-19 20:02:00.000000,INT
Ibirité,cidade,Mário Campos - MG,1,2026-08-19 20:02:00.000000,INT
Ibirité,cidade,Piedade dos Gerais - MG,1,2026-08-19 20:02:00.000000,INT
Ibirité,cidade,Rio Doce - MG,1,2026-08-19 20:02:00.000000,INT
Ibirité,cidade,Itambacuri - MG,1,2026-08-19 20:02:00.000000,INT
Ibirité,cidade,Nova Serrana - MG,1,2026-08-19 20:02:00.000000,INT
Ibirité,cidade,Ribeirão das Neves - MG,1,2026-08-19 20:02:00.000000,INT
Ibirité,cidade,São Joaquim de Bicas - MG,1,2026-08-19 20:02:00.000000,INT
Ipatinga,tipo,Pública Municipal,161,2026-08-19 20:02:00.000000,INT
Ipatinga,tipo,Pública Estadual,132,2026-08-19 20:02:00.000000,INT
Ipatinga,tipo,Privada,69,2026-08-19 20:02:00.000000,INT
Ipatinga,area,Urbana,360,2026-08-19 20:02:00.000000,INT
Ipatinga,area,Rural,2,2026-08-19 20:02:00.000000,INT
Ipatinga,cidade,Ipatinga - MG,259,2026-08-19 20:02:00.000000,INT
Ipatinga,cidade,Coronel Fabriciano - MG,38,2026-08-19 20:02:00.000000,INT
Ipatinga,cidade,Belo Oriente - MG,13,2026-08-19 20:02:00.000000,INT
Ipatinga,cidade,Timóteo - MG,12,2026-08-19 20:02:00.000000,INT
Ipatinga,cidade,Santana do Paraíso - MG,10,2026-08-19 20:02:00.000000,INT
Ipatinga,cidade,São Domingos do Prata - MG,5,2026-08-19 20:02:00.000000,INT
Ipatinga,cidade,Outra - OU,3,2026-08-19 20:02:00.000000,INT
Ipatinga,cidade,Ipaba - MG,3,2026-08-19 20:02:00.000000,INT
Ipatinga,cidade,Pingo-d'Água - MG,2,2026-08-19 20:02:00.000000,INT
Ipatinga,cidade,Caratinga - MG,2,2026-08-19 20:02:00.000000,INT
Ipatinga,cidade,Dom Cavati - MG,2,2026-08-19 20:02:00.000000,INT
Ipatinga,cidade,Joaíma - MG,1,2026-08-19 20:02:00.000000,INT
Ipatinga,cidade,Mesquita - MG,1,2026-08-19 20:02:00.000000,INT
Ipatinga,cidade,Abre Campo - MG,1,2026-08-19 20:02:00.000000,INT
Ipatinga,cidade,Santa Bárbara - MG,1,2026-08-19 20:02:00.000000,INT
Itabirito,tipo,Pública Municipal,115,2026-08-19 20:02:00.000000,INT
Itabirito,tipo,Pública Estadual,41,2026-08-19 20:02:00.000000,INT
Itabirito,tipo,Privada,19,2026-08-19 20:02:00.000000,INT
Itabirito,tipo,Pública Federal,1,2026-08-19 20:02:00.000000,INT
Itabirito,area,Urbana,176,2026-08-19 20:02:00.000000,INT
Itabirito,cidade,Itabirito - MG,170,2026-08-19 20:02:00.000000,INT
Itabirito,cidade,Ouro Preto - MG,2,2026-08-19 20:02:00.000000,INT
Itabirito,cidade,Belo Horizonte - MG,1,2026-08-19 20:02:00.000000,INT
Itabirito,cidade,Mariana - MG,1,2026-08-19 20:02:00.000000,INT
Itabirito,cidade,Ouro Branco - MG,1,2026-08-19 20:02:00.000000,INT
Itabirito,cidade,Nova Lima - MG,1,2026-08-19 20:02:00.000000,INT
Ouro Branco,tipo,Pública Municipal,132,2026-08-19 20:02:00.000000,INT
Ouro Branco,tipo,Pública Estadual,64,2026-08-19 20:02:00.000000,INT
Ouro Branco,tipo,Privada,62,2026-08-19 20:02:00.000000,INT
Ouro Branco,tipo,Pública Federal,1,2026-08-19 20:02:00.000000,INT
Ouro Branco,area,Urbana,250,2026-08-19 20:02:00.000000,INT
Ouro Branco,area,Rural,9,2026-08-19 20:02:00.000000,INT
Ouro Branco,cidade,Ouro Branco - MG,147,2026-08-19 20:02:00.000000,INT
Ouro Branco,cidade,Conselheiro Lafaiete - MG,88,2026-08-19 20:02:00.000000,INT
Ouro Branco,cidade,Jeceaba - MG,7,2026-08-19 20:02:00.000000,INT
Ouro Branco,cidade,Caranaíba - MG,2,2026-08-19 20:02:00.000000,INT
Ouro Branco,cidade,Congonhas - MG,2,2026-08-19 20:02:00.000000,INT
Ouro Branco,cidade,Entre Rios de Minas - MG,2,2026-08-19 20:02:00.000000,INT
Ouro Branco,cidade,Itaverava - MG,2,2026-08-19 20:02:00.000000,INT
Ouro Branco,cidade,Piranga - MG,2,2026-08-19 20:02:00.000000,INT
Ouro Branco,cidade,Ipatinga - MG,1,2026-08-19 20:02:00.000000,INT
Ouro Branco,cidade,Ouro Preto - MG,1,2026-08-19 20:02:00.000000,INT
Ouro Branco,cidade,Senhora de Oliveira - MG,1,2026-08-19 20:02:00.000000,INT
Ouro Branco,cidade,Brumado - BA,1,2026-08-19 20:02:00.000000,INT
Ouro Branco,cidade,Belo Horizonte - MG,1,2026-08-19 20:02:00.000000,INT
Ouro Branco,cidade,Macaé - RJ,1,2026-08-19 20:02:00.000000,INT
Ouro Branco,cidade,Barão de Cocais - MG,1,2026-08-19 20:02:00.000000,INT
Ouro Preto,tipo,Pública Municipal,239,2026-08-19 20:02:00.000000,INT
Ouro Preto,tipo,Pública Estadual,179,2026-08-19 20:02:00.000000,INT
Ouro Preto,tipo,Privada,126,2026-08-19 20:02:00.000000,INT
Ouro Preto,tipo,Pública Federal,4,2026-08-19 20:02:00.000000,INT
Ouro Preto,area,Urbana,536,2026-08-19 20:02:00.000000,INT
Ouro Preto,area,Rural,12,2026-08-19 20:02:00.000000,INT
Ouro Preto,cidade,Ouro Preto - MG,266,2026-08-19 20:02:00.000000,INT
Ouro Preto,cidade,Mariana - MG,148,2026-08-19 20:02:00.000000,INT
Ouro Preto,cidade,Itabirito - MG,78,2026-08-19 20:02:00.000000,INT
Ouro Preto,cidade,Santa Bárbara - MG,11,2026-08-19 20:02:00.000000,INT
Ouro Preto,cidade,Outra - OU,10,2026-08-19 20:02:00.000000,INT
Ouro Preto,cidade,Catas Altas - MG,10,2026-08-19 20:02:00.000000,INT
Ouro Preto,cidade,Belo Horizonte - MG,6,2026-08-19 20:02:00.000000,INT
Ouro Preto,cidade,Barão de Cocais - MG,2,2026-08-19 20:02:00.000000,INT
Ouro Preto,cidade,Piranga - MG,2,2026-08-19 20:02:00.000000,INT
Ouro Preto,cidade,Conselheiro Lafaiete - MG,2,2026-08-19 20:02:00.000000,INT
Ouro Preto,cidade,Mateus Leme - MG,1,2026-08-19 20:02:00.000000,INT
Ouro Preto,cidade,Barra Longa - MG,1,2026-08-19 20:02:00.000000,INT
Ouro Preto,cidade,Rio Casca - MG,1,2026-08-19 20:02:00.000000,INT
Ouro Preto,cidade,Betim - MG,1,2026-08-19 20:02:00.000000,INT
Ouro Preto,cidade,Espera Feliz - MG,1,2026-08-19 20:02:00.000000,INT
Piumhi,tipo,Pública Estadual,59,2026-08-19 20:02:00.000000,INT
Piumhi,tipo,Privada,26,2026-08-19 20:02:00.000000,INT
Piumhi,tipo,Pública Municipal,3,2026-08-19 20:02:00.000000,INT
Piumhi,area,Urbana,88,2026-08-19 20:02:00.000000,INT
Piumhi,cidade,Piumhi - MG,59,2026-08-19 20:02:00.000000,INT
Piumhi,cidade,Pimenta - MG,16,2026-08-19 20:02:00.000000,INT
Piumhi,cidade,Capitólio - MG,10,2026-08-19 20:02:00.000000,INT
Piumhi,cidade,Doresópolis - MG,3,2026-08-19 20:02:00.000000,INT
Ponte Nova,tipo,Pública Estadual,152,2026-08-19 20:02:00.000000,INT
Ponte Nova,tipo,Pública Municipal,135,2026-08-19 20:02:00.000000,INT
Ponte Nova,tipo,Privada,94,2026-08-19 20:02:00.000000,INT
Ponte Nova,area,Urbana,378,2026-08-19 20:02:00.000000,INT
Ponte Nova,area,Rural,3,2026-08-19 20:02:00.000000,INT
Ponte Nova,cidade,Ponte Nova - MG,239,2026-08-19 20:02:00.000000,INT
Ponte Nova,cidade,Urucânia - MG,20,2026-08-19 20:02:00.000000,INT
Ponte Nova,cidade,Dom Silvério - MG,18,2026-08-19 20:02:00.000000,INT
Ponte Nova,cidade,Jequeri - MG,16,2026-08-19 20:02:00.000000,INT
Ponte Nova,cidade,Amparo do Serra - MG,15,2026-08-19 20:02:00.000000,INT
Ponte Nova,cidade,Raul Soares - MG,10,2026-08-19 20:02:00.000000,INT
Ponte Nova,cidade,Alvinópolis - MG,9,2026-08-19 20:02:00.000000,INT
Ponte Nova,cidade,Rio Casca - MG,9,2026-08-19 20:02:00.000000,INT
Ponte Nova,cidade,Santa Cruz do Escalvado - MG,8,2026-08-19 20:02:00.000000,INT
Ponte Nova,cidade,Oratórios - MG,7,2026-08-19 20:02:00.000000,INT
Ponte Nova,cidade,Outra - OU,5,2026-08-19 20:02:00.000000,INT
Ponte Nova,cidade,Guaraciaba - MG,4,2026-08-19 20:02:00.000000,INT
Ponte Nova,cidade,Rio Doce - MG,3,2026-08-19 20:02:00.000000,INT
Ponte Nova,cidade,Piedade de Ponte Nova - MG,3,2026-08-19 20:02:00.000000,INT
Ponte Nova,cidade,Sem-Peixe - MG,2,2026-08-19 20:02:00.000000,INT
Ribeirão das Neves,tipo,Pública Estadual,342,2026-08-19 20:02:00.000000,INT
Ribeirão das Neves,tipo,Pública Municipal,199,2026-08-19 20:02:00.000000,INT
Ribeirão das Neves,tipo,Privada,117,2026-08-19 20:02:00.000000,INT
Ribeirão das Neves,tipo,Pública Federal,4,2026-08-19 20:02:00.000000,INT
Ribeirão das Neves,area,Urbana,662,2026-08-19 20:02:00.000000,INT
Ribeirão das Neves,cidade,Ribeirão das Neves - MG,398,2026-08-19 20:02:00.000000,INT
Ribeirão das Neves,cidade,Belo Horizonte - MG,173,2026-08-19 20:02:00.000000,INT
Ribeirão das Neves,cidade,Esmeraldas - MG,25,2026-08-19 20:02:00.000000,INT
Ribeirão das Neves,cidade,São José da Lapa - MG,18,2026-08-19 20:02:00.000000,INT
Ribeirão das Neves,cidade,Outra - OU,17,2026-08-19 20:02:00.000000,INT
Ribeirão das Neves,cidade,Contagem - MG,15,2026-08-19 20:02:00.000000,INT
Ribeirão das Neves,cidade,Vespasiano - MG,4,2026-08-19 20:02:00.000000,INT
Ribeirão das Neves,cidade,Pedro Leopoldo - MG,1,2026-08-19 20:02:00.000000,INT
Ribeirão das Neves,cidade,Santa Rita do Itueto - MG,1,2026-08-19 20:02:00.000000,INT
Ribeirão das Neves,cidade,Brumadinho - MG,1,2026-08-19 20:02:00.000000,INT
Ribeirão das Neves,cidade,Confins - MG,1,2026-08-19 20:02:00.000000,INT
Ribeirão das Neves,cidade,Ibirité - MG,1,2026-08-19 20:02:00.000000,INT
Ribeirão das Neves,cidade,Lagoa Santa - MG,1,2026-08-19 20:02:00.000000,INT
Ribeirão das Neves,cidade,Montes Claros - MG,1,2026-08-19 20:02:00.000000,INT
Ribeirão das Neves,cidade,Betim - MG,1,2026-08-19 20:02:00.000000,INT
Sabará,tipo,Pública Estadual,246,2026-08-19 20:02:00.000000,INT
Sabará,tipo,Pública Municipal,165,2026-08-19 20:02:00.000000,INT
Sabará,tipo,Privada,128,2026-08-19 20:02:00.000000,INT
Sabará,tipo,Pública Federal,5,2026-08-19 20:02:00.000000,INT
Sabará,area,Urbana,544,2026-08-19 20:02:00.000000,INT
Sabará,cidade,Sabará - MG,297,2026-08-19 20:02:00.000000,INT
Sabará,cidade,Belo Horizonte - MG,181,2026-08-19 20:02:00.000000,INT
Sabará,cidade,Caeté - MG,41,2026-08-19 20:02:00.000000,INT
Sabará,cidade,Outra - OU,9,2026-08-19 20:02:00.000000,INT
Sabará,cidade,Santa Luzia - MG,6,2026-08-19 20:02:00.000000,INT
Sabará,cidade,Nova Lima - MG,5,2026-08-19 20:02:00.000000,INT
Sabará,cidade,Contagem - MG,2,2026-08-19 20:02:00.000000,INT
Sabará,cidade,Carmópolis de Minas - MG,1,2026-08-19 20:02:00.000000,INT
Sabará,cidade,Jaboticatubas - MG,1,2026-08-19 20:02:00.000000,INT
Sabará,cidade,São José da Lapa - MG,1,2026-08-19 20:02:00.000000,INT
Santa Luzia,tipo,Pública Estadual,202,2026-08-19 20:02:00.000000,INT
Santa Luzia,tipo,Pública Municipal,161,2026-08-19 20:02:00.000000,INT
Santa Luzia,tipo,Privada,128,2026-08-19 20:02:00.000000,INT
Santa Luzia,tipo,Pública Federal,6,2026-08-19 20:02:00.000000,INT
Santa Luzia,area,Urbana,497,2026-08-19 20:02:00.000000,INT
Santa Luzia,cidade,Santa Luzia - MG,296,2026-08-19 20:02:00.000000,INT
Santa Luzia,cidade,Belo Horizonte - MG,131,2026-08-19 20:02:00.000000,INT
Santa Luzia,cidade,Vespasiano - MG,20,2026-08-19 20:02:00.000000,INT
Santa Luzia,cidade,Outra - OU,14,2026-08-19 20:02:00.000000,INT
Santa Luzia,cidade,Lagoa Santa - MG,9,2026-08-19 20:02:00.000000,INT
Santa Luzia,cidade,São José da Lapa - MG,6,2026-08-19 20:02:00.000000,INT
Santa Luzia,cidade,Pedro Leopoldo - MG,4,2026-08-19 20:02:00.000000,INT
Santa Luzia,cidade,Brasília - DF,2,2026-08-19 20:02:00.000000,INT
Santa Luzia,cidade,Contagem - MG,2,2026-08-19 20:02:00.000000,INT
Santa Luzia,cidade,Sabará - MG,2,2026-08-19 20:02:00.000000,INT
Santa Luzia,cidade,Caeté - MG,1,2026-08-19 20:02:00.000000,INT
Santa Luzia,cidade,Jaboticatubas - MG,1,2026-08-19 20:02:00.000000,INT
Santa Luzia,cidade,Mateus Leme - MG,1,2026-08-19 20:02:00.000000,INT
Santa Luzia,cidade,Montes Claros - MG,1,2026-08-19 20:02:00.000000,INT
Santa Luzia,cidade,Ribeirão das Neves - MG,1,2026-08-19 20:02:00.000000,INT
Todas as unidades,tipo,Pública Estadual,449,2026-08-19 20:02:00.000000,SUB
Todas as unidades,tipo,Privada,71,2026-08-19 20:02:00.000000,SUB
Todas as unidades,tipo,Pública Federal,23,2026-08-19 20:02:00.000000,SUB
Todas as unidades,tipo,Pública Municipal,16,2026-08-19 20:02:00.000000,SUB
Todas as unidades,area,Urbana,551,2026-08-19 20:02:00.000000,SUB
Todas as unidades,area,Rural,8,2026-08-19 20:02:00.000000,SUB
Todas as unidades,cidade,Belo Horizonte - MG,43,2026-08-19 20:02:00.000000,SUB
Todas as unidades,cidade,Conselheiro Lafaiete - MG,40,2026-08-19 20:02:00.000000,SUB
Todas as unidades,cidade,Santa Luzia - MG,37,2026-08-19 20:02:00.000000,SUB
Todas as unidades,cidade,Ouro Preto - MG,34,2026-08-19 20:02:00.000000,SUB
Todas as unidades,cidade,Outra - OU,29,2026-08-19 20:02:00.000000,SUB
Todas as unidades,cidade,Piumhi - MG,24,2026-08-19 20:02:00.000000,SUB
Todas as unidades,cidade,Congonhas - MG,21,2026-08-19 20:02:00.000000,SUB
Todas as unidades,cidade,Ribeirão das Neves - MG,20,2026-08-19 20:02:00.000000,SUB
Todas as unidades,cidade,Governador Valadares - MG,12,2026-08-19 20:02:00.000000,SUB
Todas as unidades,cidade,Ipatinga - MG,10,2026-08-19 20:02:00.000000,SUB
Todas as unidades,cidade,Mariana - MG,10,2026-08-19 20:02:00.000000,SUB
Todas as unidades,cidade,Contagem - MG,8,2026-08-19 20:02:00.000000,SUB
Todas as unidades,cidade,Betim - MG,6,2026-08-19 20:02:00.000000,SUB
Todas as unidades,cidade,Salvador - BA,6,2026-08-19 20:02:00.000000,SUB
Todas as unidades,cidade,Bambuí - MG,6,2026-08-19 20:02:00.000000,SUB
Bambuí,tipo,Pública Estadual,9,2026-08-19 20:02:00.000000,SUB
Bambuí,tipo,Privada,4,2026-08-19 20:02:00.000000,SUB
Bambuí,tipo,Pública Municipal,3,2026-08-19 20:02:00.000000,SUB
Bambuí,area,Urbana,13,2026-08-19 20:02:00.000000,SUB
Bambuí,area,Rural,3,2026-08-19 20:02:00.000000,SUB
Bambuí,cidade,Bambuí - MG,4,2026-08-19 20:02:00.000000,SUB
Bambuí,cidade,Formiga - MG,2,2026-08-19 20:02:00.000000,SUB
Bambuí,cidade,Campinas - SP,1,2026-08-19 20:02:00.000000,SUB
Bambuí,cidade,Arcos - MG,1,2026-08-19 20:02:00.000000,SUB
Bambuí,cidade,Belo Horizonte - MG,1,2026-08-19 20:02:00.000000,SUB
Bambuí,cidade,Perdões - MG,1,2026-08-19 20:02:00.000000,SUB
Bambuí,cidade,Santa Rosa da Serra - MG,1,2026-08-19 20:02:00.000000,SUB
Bambuí,cidade,Leme - SP,1,2026-08-19 20:02:00.000000,SUB
Bambuí,cidade,Santa Filomena - PE,1,2026-08-19 20:02:00.000000,SUB
Bambuí,cidade,Caraí - MG,1,2026-08-19 20:02:00.000000,SUB
Bambuí,cidade,Oliveira - MG,1,2026-08-19 20:02:00.000000,SUB
Bambuí,cidade,Pimenta - MG,1,2026-08-19 20:02:00.000000,SUB
Congonhas,tipo,Pública Estadual,24,2026-08-19 20:02:00.000000,SUB
Congonhas,tipo,Privada,2,2026-08-19 20:02:00.000000,SUB
Congonhas,area,Urbana,26,2026-08-19 20:02:00.000000,SUB
Congonhas,cidade,Congonhas - MG,15,2026-08-19 20:02:00.000000,SUB
Congonhas,cidade,Oriximiná - PA,1,2026-08-19 20:02:00.000000,SUB
Congonhas,cidade,Belo Horizonte - MG,1,2026-08-19 20:02:00.000000,SUB
Congonhas,cidade,Ouro Preto - MG,1,2026-08-19 20:02:00.000000,SUB
Congonhas,cidade,São Brás do Suaçuí - MG,1,2026-08-19 20:02:00.000000,SUB
Congonhas,cidade,Ubiratã - PR,1,2026-08-19 20:02:00.000000,SUB
Congonhas,cidade,Maceió - AL,1,2026-08-19 20:02:00.000000,SUB
Congonhas,cidade,Betim - MG,1,2026-08-19 20:02:00.000000,SUB
Congonhas,cidade,Entre Rios de Minas - MG,1,2026-08-19 20:02:00.000000,SUB
Congonhas,cidade,Sabará - MG,1,2026-08-19 20:02:00.000000,SUB
Congonhas,cidade,Barrinha - SP,1,2026-08-19 20:02:00.000000,SUB
Congonhas,cidade,Outra - OU,1,2026-08-19 20:02:00.000000,SUB
Conselheiro Lafaiete,tipo,Pública Estadual,52,2026-08-19 20:02:00.000000,SUB
Conselheiro Lafaiete,tipo,Pública Municipal,8,2026-08-19 20:02:00.000000,SUB
Conselheiro Lafaiete,tipo,Privada,6,2026-08-19 20:02:00.000000,SUB
Conselheiro Lafaiete,tipo,Pública Federal,1,2026-08-19 20:02:00.000000,SUB
Conselheiro Lafaiete,area,Urbana,67,2026-08-19 20:02:00.000000,SUB
Conselheiro Lafaiete,cidade,Conselheiro Lafaiete - MG,38,2026-08-19 20:02:00.000000,SUB
Conselheiro Lafaiete,cidade,Congonhas - MG,4,2026-08-19 20:02:00.000000,SUB
Conselheiro Lafaiete,cidade,Barbacena - MG,3,2026-08-19 20:02:00.000000,SUB
Conselheiro Lafaiete,cidade,Outra - OU,3,2026-08-19 20:02:00.000000,SUB
Conselheiro Lafaiete,cidade,Ouro Branco - MG,3,2026-08-19 20:02:00.000000,SUB
Conselheiro Lafaiete,cidade,Entre Rios de Minas - MG,2,2026-08-19 20:02:00.000000,SUB
Conselheiro Lafaiete,cidade,Senhora de Oliveira - MG,2,2026-08-19 20:02:00.000000,SUB
Conselheiro Lafaiete,cidade,Rio de Janeiro - RJ,1,2026-08-19 20:02:00.000000,SUB
Conselheiro Lafaiete,cidade,Carandaí - MG,1,2026-08-19 20:02:00.000000,SUB
Conselheiro Lafaiete,cidade,Guanhães - MG,1,2026-08-19 20:02:00.000000,SUB
Conselheiro Lafaiete,cidade,Patos de Minas - MG,1,2026-08-19 20:02:00.000000,SUB
Conselheiro Lafaiete,cidade,São Brás do Suaçuí - MG,1,2026-08-19 20:02:00.000000,SUB
Conselheiro Lafaiete,cidade,Varginha - MG,1,2026-08-19 20:02:00.000000,SUB
Conselheiro Lafaiete,cidade,Recife - PE,1,2026-08-19 20:02:00.000000,SUB
Conselheiro Lafaiete,cidade,Mairiporã - SP,1,2026-08-19 20:02:00.000000,SUB
Governador Valadares,tipo,Pública Estadual,18,2026-08-19 20:02:00.000000,SUB
Governador Valadares,tipo,Privada,3,2026-08-19 20:02:00.000000,SUB
Governador Valadares,tipo,Pública Municipal,1,2026-08-19 20:02:00.000000,SUB
Governador Valadares,area,Urbana,22,2026-08-19 20:02:00.000000,SUB
Governador Valadares,cidade,Governador Valadares - MG,11,2026-08-19 20:02:00.000000,SUB
Governador Valadares,cidade,Galiléia - MG,2,2026-08-19 20:02:00.000000,SUB
Governador Valadares,cidade,Outra - OU,2,2026-08-19 20:02:00.000000,SUB
Governador Valadares,cidade,Itabuna - BA,1,2026-08-19 20:02:00.000000,SUB
Governador Valadares,cidade,Santa Maria do Suaçuí - MG,1,2026-08-19 20:02:00.000000,SUB
Governador Valadares,cidade,São Domingos do Norte - ES,1,2026-08-19 20:02:00.000000,SUB
Governador Valadares,cidade,São Paulo - SP,1,2026-08-19 20:02:00.000000,SUB
Governador Valadares,cidade,Resplendor - MG,1,2026-08-19 20:02:00.000000,SUB
Governador Valadares,cidade,São Félix de Minas - MG,1,2026-08-19 20:02:00.000000,SUB
Governador Valadares,cidade,São Mateus - ES,1,2026-08-19 20:02:00.000000,SUB
Ipatinga,tipo,Pública Estadual,30,2026-08-19 20:02:00.000000,SUB
Ipatinga,tipo,Pública Federal,1,2026-08-19 20:02:00.000000,SUB
Ipatinga,tipo,Privada,1,2026-08-19 20:02:00.000000,SUB
Ipatinga,tipo,Pública Municipal,1,2026-08-19 20:02:00.000000,SUB
Ipatinga,area,Urbana,33,2026-08-19 20:02:00.000000,SUB
Ipatinga,cidade,Ipatinga - MG,10,2026-08-19 20:02:00.000000,SUB
Ipatinga,cidade,Coronel Fabriciano - MG,4,2026-08-19 20:02:00.000000,SUB
Ipatinga,cidade,Santana do Paraíso - MG,3,2026-08-19 20:02:00.000000,SUB
Ipatinga,cidade,Timóteo - MG,3,2026-08-19 20:02:00.000000,SUB
Ipatinga,cidade,Outra - OU,1,2026-08-19 20:02:00.000000,SUB
Ipatinga,cidade,Açucena - MG,1,2026-08-19 20:02:00.000000,SUB
Ipatinga,cidade,Belo Horizonte - MG,1,2026-08-19 20:02:00.000000,SUB
Ipatinga,cidade,Carlos Chagas - MG,1,2026-08-19 20:02:00.000000,SUB
Ipatinga,cidade,Dores de Guanhães - MG,1,2026-08-19 20:02:00.000000,SUB
Ipatinga,cidade,Mesquita - MG,1,2026-08-19 20:02:00.000000,SUB
Ipatinga,cidade,São Paulo - SP,1,2026-08-19 20:02:00.000000,SUB
Ipatinga,cidade,Salvador - BA,1,2026-08-19 20:02:00.000000,SUB
Ipatinga,cidade,Araçuaí - MG,1,2026-08-19 20:02:00.000000,SUB
Ipatinga,cidade,Bom Jesus do Galho - MG,1,2026-08-19 20:02:00.000000,SUB
Ipatinga,cidade,Iapu - MG,1,2026-08-19 20:02:00.000000,SUB
Ouro Preto,tipo,Pública Estadual,68,2026-08-19 20:02:00.000000,SUB
Ouro Preto,tipo,Privada,14,2026-08-19 20:02:00.000000,SUB
Ouro Preto,tipo,Pública Federal,3,2026-08-19 20:02:00.000000,SUB
Ouro Preto,tipo,Pública Municipal,1,2026-08-19 20:02:00.000000,SUB
Ouro Preto,area,Urbana,86,2026-08-19 20:02:00.000000,SUB
Ouro Preto,cidade,Ouro Preto - MG,32,2026-08-19 20:02:00.000000,SUB
Ouro Preto,cidade,Mariana - MG,10,2026-08-19 20:02:00.000000,SUB
Ouro Preto,cidade,Outra - OU,4,2026-08-19 20:02:00.000000,SUB
Ouro Preto,cidade,Belo Horizonte - MG,4,2026-08-19 20:02:00.000000,SUB
Ouro Preto,cidade,Catas Altas - MG,3,2026-08-19 20:02:00.000000,SUB
Ouro Preto,cidade,Congonhas - MG,2,2026-08-19 20:02:00.000000,SUB
Ouro Preto,cidade,Salvador - BA,2,2026-08-19 20:02:00.000000,SUB
Ouro Preto,cidade,Itabirito - MG,2,2026-08-19 20:02:00.000000,SUB
Ouro Preto,cidade,Muriaé - MG,2,2026-08-19 20:02:00.000000,SUB
Ouro Preto,cidade,Urucânia - MG,1,2026-08-19 20:02:00.000000,SUB
Ouro Preto,cidade,Guaraciaba - MG,1,2026-08-19 20:02:00.000000,SUB
Ouro Preto,cidade,Bauru - SP,1,2026-08-19 20:02:00.000000,SUB
Ouro Preto,cidade,Januária - MG,1,2026-08-19 20:02:00.000000,SUB
Ouro Preto,cidade,Belém - PA,1,2026-08-19 20:02:00.000000,SUB
Ouro Preto,cidade,Tupanciretã - RS,1,2026-08-19 20:02:00.000000,SUB
Piumhi,tipo,Pública Estadual,36,2026-08-19 20:02:00.000000,SUB
Piumhi,tipo,Privada,5,2026-08-19 20:02:00.000000,SUB
Piumhi,tipo,Pública Federal,3,2026-08-19 20:02:00.000000,SUB
Piumhi,area,Urbana,43,2026-08-19 20:02:00.000000,SUB
Piumhi,area,Rural,1,2026-08-19 20:02:00.000000,SUB
Piumhi,cidade,Piumhi - MG,24,2026-08-19 20:02:00.000000,SUB
Piumhi,cidade,Pimenta - MG,5,2026-08-19 20:02:00.000000,SUB
Piumhi,cidade,Doresópolis - MG,2,2026-08-19 20:02:00.000000,SUB
Piumhi,cidade,São Roque de Minas - MG,2,2026-08-19 20:02:00.000000,SUB
Piumhi,cidade,Franca - SP,2,2026-08-19 20:02:00.000000,SUB
Piumhi,cidade,Belo Horizonte - MG,1,2026-08-19 20:02:00.000000,SUB
Piumhi,cidade,São Francisco - MG,1,2026-08-19 20:02:00.000000,SUB
Piumhi,cidade,Vargem Bonita - MG,1,2026-08-19 20:02:00.000000,SUB
Piumhi,cidade,Rio Verde - GO,1,2026-08-19 20:02:00.000000,SUB
Piumhi,cidade,Ibicuí - BA,1,2026-08-19 20:02:00.000000,SUB
Piumhi,cidade,Bambuí - MG,1,2026-08-19 20:02:00.000000,SUB
Piumhi,cidade,Outra - OU,1,2026-08-19 20:02:00.000000,SUB
Piumhi,cidade,Icó - CE,1,2026-08-19 20:02:00.000000,SUB
Piumhi,cidade,Arcos - MG,1,2026-08-19 20:02:00.000000,SUB
Ribeirão das Neves,tipo,Pública Estadual,137,2026-08-19 20:02:00.000000,SUB
Ribeirão das Neves,tipo,Privada,22,2026-08-19 20:02:00.000000,SUB
Ribeirão das Neves,tipo,Pública Federal,9,2026-08-19 20:02:00.000000,SUB
Ribeirão das Neves,tipo,Pública Municipal,1,2026-08-19 20:02:00.000000,SUB
Ribeirão das Neves,area,Urbana,166,2026-08-19 20:02:00.000000,SUB
Ribeirão das Neves,area,Rural,3,2026-08-19 20:02:00.000000,SUB
Ribeirão das Neves,cidade,Ribeirão das Neves - MG,19,2026-08-19 20:02:00.000000,SUB
Ribeirão das Neves,cidade,Belo Horizonte - MG,18,2026-08-19 20:02:00.000000,SUB
Ribeirão das Neves,cidade,Outra - OU,11,2026-08-19 20:02:00.000000,SUB
Ribeirão das Neves,cidade,Contagem - MG,6,2026-08-19 20:02:00.000000,SUB
Ribeirão das Neves,cidade,Salvador - BA,3,2026-08-19 20:02:00.000000,SUB
Ribeirão das Neves,cidade,Campos dos Goytacazes - RJ,3,2026-08-19 20:02:00.000000,SUB
Ribeirão das Neves,cidade,São Bernardo do Campo - SP,2,2026-08-19 20:02:00.000000,SUB
Ribeirão das Neves,cidade,Vila Velha - ES,2,2026-08-19 20:02:00.000000,SUB
Ribeirão das Neves,cidade,Betim - MG,2,2026-08-19 20:02:00.000000,SUB
Ribeirão das Neves,cidade,Cataguases - MG,2,2026-08-19 20:02:00.000000,SUB
Ribeirão das Neves,cidade,Volta Redonda - RJ,2,2026-08-19 20:02:00.000000,SUB
Ribeirão das Neves,cidade,Vespasiano - MG,2,2026-08-19 20:02:00.000000,SUB
Ribeirão das Neves,cidade,São Paulo - SP,2,2026-08-19 20:02:00.000000,SUB
Ribeirão das Neves,cidade,Itaobim - MG,2,2026-08-19 20:02:00.000000,SUB
Ribeirão das Neves,cidade,Matozinhos - MG,2,2026-08-19 20:02:00.000000,SUB
Santa Luzia,tipo,Pública Estadual,75,2026-08-19 20:02:00.000000,SUB
Santa Luzia,tipo,Privada,14,2026-08-19 20:02:00.000000,SUB
Santa Luzia,tipo,Pública Federal,6,2026-08-19 20:02:00.000000,SUB
Santa Luzia,tipo,Pública Municipal,1,2026-08-19 20:02:00.000000,SUB
Santa Luzia,area,Urbana,95,2026-08-19 20:02:00.000000,SUB
Santa Luzia,area,Rural,1,2026-08-19 20:02:00.000000,SUB
Santa Luzia,cidade,Santa Luzia - MG,36,2026-08-19 20:02:00.000000,SUB
Santa Luzia,cidade,Belo Horizonte - MG,17,2026-08-19 20:02:00.000000,SUB
Santa Luzia,cidade,Outra - OU,6,2026-08-19 20:02:00.000000,SUB
Santa Luzia,cidade,Contagem - MG,2,2026-08-19 20:02:00.000000,SUB
Santa Luzia,cidade,Sabará - MG,2,2026-08-19 20:02:00.000000,SUB
Santa Luzia,cidade,Betim - MG,2,2026-08-19 20:02:00.000000,SUB
Santa Luzia,cidade,São Paulo - SP,2,2026-08-19 20:02:00.000000,SUB
Santa Luzia,cidade,Ribeirão das Neves - MG,1,2026-08-19 20:02:00.000000,SUB
Santa Luzia,cidade,Tomar do Geru - SE,1,2026-08-19 20:02:00.000000,SUB
Santa Luzia,cidade,Eunápolis - BA,1,2026-08-19 20:02:00.000000,SUB
Santa Luzia,cidade,Setubinha - MG,1,2026-08-19 20:02:00.000000,SUB
Santa Luzia,cidade,Três Marias - MG,1,2026-08-19 20:02:00.000000,SUB
Santa Luzia,cidade,Araruama - RJ,1,2026-08-19 20:02:00.000000,SUB
Santa Luzia,cidade,Divinópolis - MG,1,2026-08-19 20:02:00.000000,SUB
Santa Luzia,cidade,Niterói - RJ,1,2026-08-19 20:02:00.000000,SUB
Todas as unidades,tipo,Pública Estadual,1383,2026-08-19 20:02:00.000000,SUP
Todas as unidades,tipo,Pública Federal,273,2026-08-19 20:02:00.000000,SUP
Todas as unidades,tipo,Privada,225,2026-08-19 20:02:00.000000,SUP
Todas as unidades,tipo,Pública Municipal,45,2026-08-19 20:02:00.000000,SUP
Todas as unidades,area,Urbana,1855,2026-08-19 20:02:00.000000,SUP
Todas as unidades,area,Rural,71,2026-08-19 20:02:00.000000,SUP
Todas as unidades,cidade,Belo Horizonte - MG,221,2026-08-19 20:02:00.000000,SUP
Todas as unidades,cidade,Ribeirão das Neves - MG,111,2026-08-19 20:02:00.000000,SUP
Todas as unidades,cidade,Ouro Branco - MG,104,2026-08-19 20:02:00.000000,SUP
Todas as unidades,cidade,Betim - MG,98,2026-08-19 20:02:00.000000,SUP
Todas as unidades,cidade,Arcos - MG,85,2026-08-19 20:02:00.000000,SUP
Todas as unidades,cidade,Formiga - MG,78,2026-08-19 20:02:00.000000,SUP
Todas as unidades,cidade,Bambuí - MG,78,2026-08-19 20:02:00.000000,SUP
Todas as unidades,cidade,Sabará - MG,76,2026-08-19 20:02:00.000000,SUP
Todas as unidades,cidade,Outra - OU,59,2026-08-19 20:02:00.000000,SUP
Todas as unidades,cidade,Congonhas - MG,59,2026-08-19 20:02:00.000000,SUP
Todas as unidades,cidade,Santa Luzia - MG,59,2026-08-19 20:02:00.000000,SUP
Todas as unidades,cidade,Governador Valadares - MG,55,2026-08-19 20:02:00.000000,SUP
Todas as unidades,cidade,Contagem - MG,53,2026-08-19 20:02:00.000000,SUP
Todas as unidades,cidade,Ouro Preto - MG,45,2026-08-19 20:02:00.000000,SUP
Todas as unidades,cidade,Conselheiro Lafaiete - MG,44,2026-08-19 20:02:00.000000,SUP
Arcos,tipo,Pública Estadual,107,2026-08-19 20:02:00.000000,SUP
Arcos,tipo,Privada,20,2026-08-19 20:02:00.000000,SUP
Arcos,tipo,Pública Federal,18,2026-08-19 20:02:00.000000,SUP
Arcos,tipo,Pública Municipal,1,2026-08-19 20:02:00.000000,SUP
Arcos,area,Urbana,141,2026-08-19 20:02:00.000000,SUP
Arcos,area,Rural,5,2026-08-19 20:02:00.000000,SUP
Arcos,cidade,Arcos - MG,66,2026-08-19 20:02:00.000000,SUP
Arcos,cidade,Formiga - MG,14,2026-08-19 20:02:00.000000,SUP
Arcos,cidade,Iguatama - MG,7,2026-08-19 20:02:00.000000,SUP
Arcos,cidade,Lagoa da Prata - MG,6,2026-08-19 20:02:00.000000,SUP
Arcos,cidade,Bambuí - MG,5,2026-08-19 20:02:00.000000,SUP
Arcos,cidade,Outra - OU,4,2026-08-19 20:02:00.000000,SUP
Arcos,cidade,Belo Horizonte - MG,4,2026-08-19 20:02:00.000000,SUP
Arcos,cidade,Piumhi - MG,3,2026-08-19 20:02:00.000000,SUP
Arcos,cidade,Manaus - AM,2,2026-08-19 20:02:00.000000,SUP
Arcos,cidade,Contagem - MG,2,2026-08-19 20:02:00.000000,SUP
Arcos,cidade,Florestal - MG,2,2026-08-19 20:02:00.000000,SUP
Arcos,cidade,Pains - MG,2,2026-08-19 20:02:00.000000,SUP
Arcos,cidade,Capitão Enéas - MG,1,2026-08-19 20:02:00.000000,SUP
Arcos,cidade,Sabará - MG,1,2026-08-19 20:02:00.000000,SUP
Arcos,cidade,Divinolândia de Minas - MG,1,2026-08-19 20:02:00.000000,SUP
Bambuí,tipo,Pública Estadual,117,2026-08-19 20:02:00.000000,SUP
Bambuí,tipo,Pública Federal,52,2026-08-19 20:02:00.000000,SUP
Bambuí,tipo,Privada,28,2026-08-19 20:02:00.000000,SUP
Bambuí,tipo,Pública Municipal,6,2026-08-19 20:02:00.000000,SUP
Bambuí,area,Urbana,161,2026-08-19 20:02:00.000000,SUP
Bambuí,area,Rural,42,2026-08-19 20:02:00.000000,SUP
Bambuí,cidade,Bambuí - MG,71,2026-08-19 20:02:00.000000,SUP
Bambuí,cidade,Piumhi - MG,10,2026-08-19 20:02:00.000000,SUP
Bambuí,cidade,Belo Horizonte - MG,9,2026-08-19 20:02:00.000000,SUP
Bambuí,cidade,Lagoa da Prata - MG,7,2026-08-19 20:02:00.000000,SUP
Bambuí,cidade,Arcos - MG,7,2026-08-19 20:02:00.000000,SUP
Bambuí,cidade,Divinópolis - MG,7,2026-08-19 20:02:00.000000,SUP
Bambuí,cidade,Medeiros - MG,5,2026-08-19 20:02:00.000000,SUP
Bambuí,cidade,Araxá - MG,5,2026-08-19 20:02:00.000000,SUP
Bambuí,cidade,Dores do Indaiá - MG,5,2026-08-19 20:02:00.000000,SUP
Bambuí,cidade,Ipatinga - MG,4,2026-08-19 20:02:00.000000,SUP
Bambuí,cidade,Luz - MG,4,2026-08-19 20:02:00.000000,SUP
Bambuí,cidade,Outra - OU,3,2026-08-19 20:02:00.000000,SUP
Bambuí,cidade,Bom Despacho - MG,3,2026-08-19 20:02:00.000000,SUP
Bambuí,cidade,Betim - MG,3,2026-08-19 20:02:00.000000,SUP
Bambuí,cidade,Martinho Campos - MG,2,2026-08-19 20:02:00.000000,SUP
Betim,tipo,Pública Estadual,115,2026-08-19 20:02:00.000000,SUP
Betim,tipo,Pública Federal,34,2026-08-19 20:02:00.000000,SUP
Betim,tipo,Privada,24,2026-08-19 20:02:00.000000,SUP
Betim,tipo,Pública Municipal,5,2026-08-19 20:02:00.000000,SUP
Betim,area,Urbana,174,2026-08-19 20:02:00.000000,SUP
Betim,area,Rural,4,2026-08-19 20:02:00.000000,SUP
Betim,cidade,Betim - MG,85,2026-08-19 20:02:00.000000,SUP
Betim,cidade,Contagem - MG,30,2026-08-19 20:02:00.000000,SUP
Betim,cidade,Belo Horizonte - MG,15,2026-08-19 20:02:00.000000,SUP
Betim,cidade,Outra - OU,9,2026-08-19 20:02:00.000000,SUP
Betim,cidade,Ibirité - MG,6,2026-08-19 20:02:00.000000,SUP
Betim,cidade,Sarzedo - MG,3,2026-08-19 20:02:00.000000,SUP
Betim,cidade,Igarapé - MG,3,2026-08-19 20:02:00.000000,SUP
Betim,cidade,Mateus Leme - MG,2,2026-08-19 20:02:00.000000,SUP
Betim,cidade,São Joaquim de Bicas - MG,2,2026-08-19 20:02:00.000000,SUP
Betim,cidade,Pedro Leopoldo - MG,1,2026-08-19 20:02:00.000000,SUP
Betim,cidade,Brumadinho - MG,1,2026-08-19 20:02:00.000000,SUP
Betim,cidade,Ribeirão das Neves - MG,1,2026-08-19 20:02:00.000000,SUP
Betim,cidade,Cataguases - MG,1,2026-08-19 20:02:00.000000,SUP
Betim,cidade,Santa Teresa - ES,1,2026-08-19 20:02:00.000000,SUP
Betim,cidade,Florestal - MG,1,2026-08-19 20:02:00.000000,SUP
Congonhas,tipo,Pública Estadual,63,2026-08-19 20:02:00.000000,SUP
Congonhas,tipo,Pública Federal,5,2026-08-19 20:02:00.000000,SUP
Congonhas,tipo,Privada,3,2026-08-19 20:02:00.000000,SUP
Congonhas,tipo,Pública Municipal,1,2026-08-19 20:02:00.000000,SUP
Congonhas,area,Urbana,72,2026-08-19 20:02:00.000000,SUP
Congonhas,cidade,Congonhas - MG,42,2026-08-19 20:02:00.000000,SUP
Congonhas,cidade,Conselheiro Lafaiete - MG,7,2026-08-19 20:02:00.000000,SUP
Congonhas,cidade,Belo Horizonte - MG,4,2026-08-19 20:02:00.000000,SUP
Congonhas,cidade,São Brás do Suaçuí - MG,2,2026-08-19 20:02:00.000000,SUP
Congonhas,cidade,Carandaí - MG,2,2026-08-19 20:02:00.000000,SUP
Congonhas,cidade,Jeceaba - MG,2,2026-08-19 20:02:00.000000,SUP
Congonhas,cidade,Pará de Minas - MG,1,2026-08-19 20:02:00.000000,SUP
Congonhas,cidade,Resende Costa - MG,1,2026-08-19 20:02:00.000000,SUP
Congonhas,cidade,Santos Dumont - MG,1,2026-08-19 20:02:00.000000,SUP
Congonhas,cidade,Belém - PA,1,2026-08-19 20:02:00.000000,SUP
Congonhas,cidade,Barrinha - SP,1,2026-08-19 20:02:00.000000,SUP
Congonhas,cidade,Belo Vale - MG,1,2026-08-19 20:02:00.000000,SUP
Congonhas,cidade,Curvelo - MG,1,2026-08-19 20:02:00.000000,SUP
Congonhas,cidade,Itaguara - MG,1,2026-08-19 20:02:00.000000,SUP
Congonhas,cidade,Ouro Branco - MG,1,2026-08-19 20:02:00.000000,SUP
Formiga,tipo,Pública Estadual,68,2026-08-19 20:02:00.000000,SUP
Formiga,tipo,Pública Federal,21,2026-08-19 20:02:00.000000,SUP
Formiga,tipo,Privada,15,2026-08-19 20:02:00.000000,SUP
Formiga,tipo,Pública Municipal,1,2026-08-19 20:02:00.000000,SUP
Formiga,area,Urbana,103,2026-08-19 20:02:00.000000,SUP
Formiga,area,Rural,2,2026-08-19 20:02:00.000000,SUP
Formiga,cidade,Formiga - MG,60,2026-08-19 20:02:00.000000,SUP
Formiga,cidade,Arcos - MG,12,2026-08-19 20:02:00.000000,SUP
Formiga,cidade,Lagoa da Prata - MG,5,2026-08-19 20:02:00.000000,SUP
Formiga,cidade,Campo Belo - MG,2,2026-08-19 20:02:00.000000,SUP
Formiga,cidade,Córrego Fundo - MG,2,2026-08-19 20:02:00.000000,SUP
Formiga,cidade,São Paulo - SP,2,2026-08-19 20:02:00.000000,SUP
Formiga,cidade,Salvador - BA,2,2026-08-19 20:02:00.000000,SUP
Formiga,cidade,Rio de Janeiro - RJ,2,2026-08-19 20:02:00.000000,SUP
Formiga,cidade,Marília - SP,1,2026-08-19 20:02:00.000000,SUP
Formiga,cidade,Divinópolis - MG,1,2026-08-19 20:02:00.000000,SUP
Formiga,cidade,Outra - OU,1,2026-08-19 20:02:00.000000,SUP
Formiga,cidade,Ipatinga - MG,1,2026-08-19 20:02:00.000000,SUP
Formiga,cidade,Passos - MG,1,2026-08-19 20:02:00.000000,SUP
Formiga,cidade,Pitangui - MG,1,2026-08-19 20:02:00.000000,SUP
Formiga,cidade,São João Evangelista - MG,1,2026-08-19 20:02:00.000000,SUP
Governador Valadares,tipo,Pública Estadual,84,2026-08-19 20:02:00.000000,SUP
Governador Valadares,tipo,Privada,8,2026-08-19 20:02:00.000000,SUP
Governador Valadares,tipo,Pública Federal,7,2026-08-19 20:02:00.000000,SUP
Governador Valadares,tipo,Pública Municipal,3,2026-08-19 20:02:00.000000,SUP
Governador Valadares,area,Urbana,102,2026-08-19 20:02:00.000000,SUP
Governador Valadares,cidade,Governador Valadares - MG,53,2026-08-19 20:02:00.000000,SUP
Governador Valadares,cidade,Frei Inocêncio - MG,3,2026-08-19 20:02:00.000000,SUP
Governador Valadares,cidade,Águas Formosas - MG,2,2026-08-19 20:02:00.000000,SUP
Governador Valadares,cidade,Coroaci - MG,2,2026-08-19 20:02:00.000000,SUP
Governador Valadares,cidade,São Paulo - SP,2,2026-08-19 20:02:00.000000,SUP
Governador Valadares,cidade,Outra - OU,2,2026-08-19 20:02:00.000000,SUP
Governador Valadares,cidade,Aimorés - MG,1,2026-08-19 20:02:00.000000,SUP
Governador Valadares,cidade,Resplendor - MG,1,2026-08-19 20:02:00.000000,SUP
Governador Valadares,cidade,Central de Minas - MG,1,2026-08-19 20:02:00.000000,SUP
Governador Valadares,cidade,Boa Vista do Ramos - AM,1,2026-08-19 20:02:00.000000,SUP
Governador Valadares,cidade,Santa Luzia - MG,1,2026-08-19 20:02:00.000000,SUP
Governador Valadares,cidade,Contagem - MG,1,2026-08-19 20:02:00.000000,SUP
Governador Valadares,cidade,Barcarena - PA,1,2026-08-19 20:02:00.000000,SUP
Governador Valadares,cidade,Serro - MG,1,2026-08-19 20:02:00.000000,SUP
Governador Valadares,cidade,Divino das Laranjeiras - MG,1,2026-08-19 20:02:00.000000,SUP
Ibirité,tipo,Pública Estadual,57,2026-08-19 20:02:00.000000,SUP
Ibirité,tipo,Privada,32,2026-08-19 20:02:00.000000,SUP
Ibirité,tipo,Pública Federal,18,2026-08-19 20:02:00.000000,SUP
Ibirité,tipo,Pública Municipal,4,2026-08-19 20:02:00.000000,SUP
Ibirité,area,Urbana,111,2026-08-19 20:02:00.000000,SUP
Ibirité,cidade,Belo Horizonte - MG,38,2026-08-19 20:02:00.000000,SUP
Ibirité,cidade,Ibirité - MG,36,2026-08-19 20:02:00.000000,SUP
Ibirité,cidade,Outra - OU,10,2026-08-19 20:02:00.000000,SUP
Ibirité,cidade,Contagem - MG,7,2026-08-19 20:02:00.000000,SUP
Ibirité,cidade,Betim - MG,5,2026-08-19 20:02:00.000000,SUP
Ibirité,cidade,Sarzedo - MG,3,2026-08-19 20:02:00.000000,SUP
Ibirité,cidade,Ribeirão das Neves - MG,1,2026-08-19 20:02:00.000000,SUP
Ibirité,cidade,Urucânia - MG,1,2026-08-19 20:02:00.000000,SUP
Ibirité,cidade,Capim Branco - MG,1,2026-08-19 20:02:00.000000,SUP
Ibirité,cidade,Itabira - MG,1,2026-08-19 20:02:00.000000,SUP
Ibirité,cidade,Juiz de Fora - MG,1,2026-08-19 20:02:00.000000,SUP
Ibirité,cidade,Nepomuceno - MG,1,2026-08-19 20:02:00.000000,SUP
Ibirité,cidade,Pedro Leopoldo - MG,1,2026-08-19 20:02:00.000000,SUP
Ibirité,cidade,Brasília - DF,1,2026-08-19 20:02:00.000000,SUP
Ibirité,cidade,Catuti - MG,1,2026-08-19 20:02:00.000000,SUP
Ipatinga,tipo,Pública Estadual,37,2026-08-19 20:02:00.000000,SUP
Ipatinga,tipo,Pública Federal,7,2026-08-19 20:02:00.000000,SUP
Ipatinga,tipo,Privada,5,2026-08-19 20:02:00.000000,SUP
Ipatinga,area,Urbana,49,2026-08-19 20:02:00.000000,SUP
Ipatinga,cidade,Ipatinga - MG,21,2026-08-19 20:02:00.000000,SUP
Ipatinga,cidade,Coronel Fabriciano - MG,5,2026-08-19 20:02:00.000000,SUP
Ipatinga,cidade,Timóteo - MG,4,2026-08-19 20:02:00.000000,SUP
Ipatinga,cidade,Santana do Paraíso - MG,4,2026-08-19 20:02:00.000000,SUP
Ipatinga,cidade,Iapu - MG,2,2026-08-19 20:02:00.000000,SUP
Ipatinga,cidade,Outra - OU,2,2026-08-19 20:02:00.000000,SUP
Ipatinga,cidade,Pingo-d'Água - MG,1,2026-08-19 20:02:00.000000,SUP
Ipatinga,cidade,Santa Rita do Itueto - MG,1,2026-08-19 20:02:00.000000,SUP
Ipatinga,cidade,Santo Antônio dos Lopes - MA,1,2026-08-19 20:02:00.000000,SUP
Ipatinga,cidade,Belo Horizonte - MG,1,2026-08-19 20:02:00.000000,SUP
Ipatinga,cidade,Caratinga - MG,1,2026-08-19 20:02:00.000000,SUP
Ipatinga,cidade,Joanésia - MG,1,2026-08-19 20:02:00.000000,SUP
Ipatinga,cidade,Nova Era - MG,1,2026-08-19 20:02:00.000000,SUP
Ipatinga,cidade,Teófilo Otoni - MG,1,2026-08-19 20:02:00.000000,SUP
Ipatinga,cidade,Barbacena - MG,1,2026-08-19 20:02:00.000000,SUP
Itabirito,tipo,Pública Estadual,15,2026-08-19 20:02:00.000000,SUP
Itabirito,tipo,Pública Federal,12,2026-08-19 20:02:00.000000,SUP
Itabirito,tipo,Privada,2,2026-08-19 20:02:00.000000,SUP
Itabirito,area,Urbana,28,2026-08-19 20:02:00.000000,SUP
Itabirito,area,Rural,1,2026-08-19 20:02:00.000000,SUP
Itabirito,cidade,Itabirito - MG,19,2026-08-19 20:02:00.000000,SUP
Itabirito,cidade,Ouro Preto - MG,2,2026-08-19 20:02:00.000000,SUP
Itabirito,cidade,Curionópolis - PA,1,2026-08-19 20:02:00.000000,SUP
Itabirito,cidade,Campo Formoso - BA,1,2026-08-19 20:02:00.000000,SUP
Itabirito,cidade,Contagem - MG,1,2026-08-19 20:02:00.000000,SUP
Itabirito,cidade,Nova Lima - MG,1,2026-08-19 20:02:00.000000,SUP
Itabirito,cidade,Ponte Nova - MG,1,2026-08-19 20:02:00.000000,SUP
Itabirito,cidade,Tutóia - MA,1,2026-08-19 20:02:00.000000,SUP
Itabirito,cidade,Conselheiro Lafaiete - MG,1,2026-08-19 20:02:00.000000,SUP
Itabirito,cidade,Outra - OU,1,2026-08-19 20:02:00.000000,SUP
Ouro Branco,tipo,Pública Estadual,165,2026-08-19 20:02:00.000000,SUP
Ouro Branco,tipo,Pública Federal,31,2026-08-19 20:02:00.000000,SUP
Ouro Branco,tipo,Privada,12,2026-08-19 20:02:00.000000,SUP
Ouro Branco,tipo,Pública Municipal,5,2026-08-19 20:02:00.000000,SUP
Ouro Branco,area,Urbana,212,2026-08-19 20:02:00.000000,SUP
Ouro Branco,area,Rural,1,2026-08-19 20:02:00.000000,SUP
Ouro Branco,cidade,Ouro Branco - MG,102,2026-08-19 20:02:00.000000,SUP
Ouro Branco,cidade,Conselheiro Lafaiete - MG,36,2026-08-19 20:02:00.000000,SUP
Ouro Branco,cidade,Congonhas - MG,15,2026-08-19 20:02:00.000000,SUP
Ouro Branco,cidade,Outra - OU,5,2026-08-19 20:02:00.000000,SUP
Ouro Branco,cidade,Ouro Preto - MG,5,2026-08-19 20:02:00.000000,SUP
Ouro Branco,cidade,Belo Horizonte - MG,3,2026-08-19 20:02:00.000000,SUP
Ouro Branco,cidade,Nova Lima - MG,3,2026-08-19 20:02:00.000000,SUP
Ouro Branco,cidade,Mariana - MG,2,2026-08-19 20:02:00.000000,SUP
Ouro Branco,cidade,Barbacena - MG,2,2026-08-19 20:02:00.000000,SUP
Ouro Branco,cidade,São Paulo - SP,2,2026-08-19 20:02:00.000000,SUP
Ouro Branco,cidade,Caranaíba - MG,2,2026-08-19 20:02:00.000000,SUP
Ouro Branco,cidade,Entre Rios de Minas - MG,1,2026-08-19 20:02:00.000000,SUP
Ouro Branco,cidade,Pilõezinhos - PB,1,2026-08-19 20:02:00.000000,SUP
Ouro Branco,cidade,Duque de Caxias - RJ,1,2026-08-19 20:02:00.000000,SUP
Ouro Branco,cidade,Itabirito - MG,1,2026-08-19 20:02:00.000000,SUP
Ouro Preto,tipo,Pública Estadual,53,2026-08-19 20:02:00.000000,SUP
Ouro Preto,tipo,Pública Federal,12,2026-08-19 20:02:00.000000,SUP
Ouro Preto,tipo,Privada,6,2026-08-19 20:02:00.000000,SUP
Ouro Preto,area,Urbana,71,2026-08-19 20:02:00.000000,SUP
Ouro Preto,cidade,Ouro Preto - MG,37,2026-08-19 20:02:00.000000,SUP
Ouro Preto,cidade,Mariana - MG,6,2026-08-19 20:02:00.000000,SUP
Ouro Preto,cidade,Belo Horizonte - MG,3,2026-08-19 20:02:00.000000,SUP
Ouro Preto,cidade,São Luís - MA,2,2026-08-19 20:02:00.000000,SUP
Ouro Preto,cidade,Padre Paraíso - MG,1,2026-08-19 20:02:00.000000,SUP
Ouro Preto,cidade,Rio Piracicaba - MG,1,2026-08-19 20:02:00.000000,SUP
Ouro Preto,cidade,Porto Velho - RO,1,2026-08-19 20:02:00.000000,SUP
Ouro Preto,cidade,São João del Rei - MG,1,2026-08-19 20:02:00.000000,SUP
Ouro Preto,cidade,Laranjal do Jari - AP,1,2026-08-19 20:02:00.000000,SUP
Ouro Preto,cidade,Guaçuí - ES,1,2026-08-19 20:02:00.000000,SUP
Ouro Preto,cidade,Carapicuíba - SP,1,2026-08-19 20:02:00.000000,SUP
Ouro Preto,cidade,São Gabriel - BA,1,2026-08-19 20:02:00.000000,SUP
Ouro Preto,cidade,São Bernardo do Campo - SP,1,2026-08-19 20:02:00.000000,SUP
Ouro Preto,cidade,Congonhas - MG,1,2026-08-19 20:02:00.000000,SUP
Ouro Preto,cidade,São Paulo - SP,1,2026-08-19 20:02:00.000000,SUP
Piumhi,tipo,Pública Estadual,7,2026-08-19 20:02:00.000000,SUP
Piumhi,tipo,Pública Federal,1,2026-08-19 20:02:00.000000,SUP
Piumhi,tipo,Pública Municipal,1,2026-08-19 20:02:00.000000,SUP
Piumhi,area,Urbana,8,2026-08-19 20:02:00.000000,SUP
Piumhi,area,Rural,1,2026-08-19 20:02:00.000000,SUP
Piumhi,cidade,Piumhi - MG,6,2026-08-19 20:02:00.000000,SUP
Piumhi,cidade,São João da Ponte - MG,1,2026-08-19 20:02:00.000000,SUP
Piumhi,cidade,Belo Horizonte - MG,1,2026-08-19 20:02:00.000000,SUP
Piumhi,cidade,Lavras - MG,1,2026-08-19 20:02:00.000000,SUP
Ponte Nova,tipo,Pública Estadual,24,2026-08-19 20:02:00.000000,SUP
Ponte Nova,tipo,Privada,1,2026-08-19 20:02:00.000000,SUP
Ponte Nova,tipo,Pública Federal,1,2026-08-19 20:02:00.000000,SUP
Ponte Nova,area,Urbana,26,2026-08-19 20:02:00.000000,SUP
Ponte Nova,cidade,Ponte Nova - MG,23,2026-08-19 20:02:00.000000,SUP
Ponte Nova,cidade,Amparo do Serra - MG,1,2026-08-19 20:02:00.000000,SUP
Ponte Nova,cidade,Ouro Preto - MG,1,2026-08-19 20:02:00.000000,SUP
Ponte Nova,cidade,Santo Antônio do Grama - MG,1,2026-08-19 20:02:00.000000,SUP
Ribeirão das Neves,tipo,Pública Estadual,138,2026-08-19 20:02:00.000000,SUP
Ribeirão das Neves,tipo,Privada,14,2026-08-19 20:02:00.000000,SUP
Ribeirão das Neves,tipo,Pública Federal,9,2026-08-19 20:02:00.000000,SUP
Ribeirão das Neves,tipo,Pública Municipal,3,2026-08-19 20:02:00.000000,SUP
Ribeirão das Neves,area,Urbana,164,2026-08-19 20:02:00.000000,SUP
Ribeirão das Neves,cidade,Ribeirão das Neves - MG,100,2026-08-19 20:02:00.000000,SUP
Ribeirão das Neves,cidade,Belo Horizonte - MG,32,2026-08-19 20:02:00.000000,SUP
Ribeirão das Neves,cidade,Esmeraldas - MG,7,2026-08-19 20:02:00.000000,SUP
Ribeirão das Neves,cidade,Contagem - MG,6,2026-08-19 20:02:00.000000,SUP
Ribeirão das Neves,cidade,Outra - OU,4,2026-08-19 20:02:00.000000,SUP
Ribeirão das Neves,cidade,Sete Lagoas - MG,2,2026-08-19 20:02:00.000000,SUP
Ribeirão das Neves,cidade,Vespasiano - MG,2,2026-08-19 20:02:00.000000,SUP
Ribeirão das Neves,cidade,Rio Pomba - MG,1,2026-08-19 20:02:00.000000,SUP
Ribeirão das Neves,cidade,Vitória - ES,1,2026-08-19 20:02:00.000000,SUP
Ribeirão das Neves,cidade,São Luís - MA,1,2026-08-19 20:02:00.000000,SUP
Ribeirão das Neves,cidade,Catas Altas - MG,1,2026-08-19 20:02:00.000000,SUP
Ribeirão das Neves,cidade,Lagoa Santa - MG,1,2026-08-19 20:02:00.000000,SUP
Ribeirão das Neves,cidade,Santa Luzia - MG,1,2026-08-19 20:02:00.000000,SUP
Ribeirão das Neves,cidade,Tangará da Serra - MT,1,2026-08-19 20:02:00.000000,SUP
Ribeirão das Neves,cidade,Eunápolis - BA,1,2026-08-19 20:02:00.000000,SUP
Sabará,tipo,Pública Estadual,130,2026-08-19 20:02:00.000000,SUP
Sabará,tipo,Privada,27,2026-08-19 20:02:00.000000,SUP
Sabará,tipo,Pública Federal,16,2026-08-19 20:02:00.000000,SUP
Sabará,tipo,Pública Municipal,7,2026-08-19 20:02:00.000000,SUP
Sabará,area,Urbana,177,2026-08-19 20:02:00.000000,SUP
Sabará,area,Rural,3,2026-08-19 20:02:00.000000,SUP
Sabará,cidade,Belo Horizonte - MG,71,2026-08-19 20:02:00.000000,SUP
Sabará,cidade,Sabará - MG,69,2026-08-19 20:02:00.000000,SUP
Sabará,cidade,Santa Luzia - MG,5,2026-08-19 20:02:00.000000,SUP
Sabará,cidade,Caeté - MG,4,2026-08-19 20:02:00.000000,SUP
Sabará,cidade,Outra - OU,4,2026-08-19 20:02:00.000000,SUP
Sabará,cidade,Contagem - MG,2,2026-08-19 20:02:00.000000,SUP
Sabará,cidade,Divinópolis - MG,2,2026-08-19 20:02:00.000000,SUP
Sabará,cidade,Ribeirão das Neves - MG,2,2026-08-19 20:02:00.000000,SUP
Sabará,cidade,Uruará - PA,1,2026-08-19 20:02:00.000000,SUP
Sabará,cidade,São Pedro dos Ferros - MG,1,2026-08-19 20:02:00.000000,SUP
Sabará,cidade,Canavieiras - BA,1,2026-08-19 20:02:00.000000,SUP
Sabará,cidade,Timóteo - MG,1,2026-08-19 20:02:00.000000,SUP
Sabará,cidade,Cariacica - ES,1,2026-08-19 20:02:00.000000,SUP
Sabará,cidade,Bom Jesus do Galho - MG,1,2026-08-19 20:02:00.000000,SUP
Sabará,cidade,Hortolândia - SP,1,2026-08-19 20:02:00.000000,SUP
Santa Luzia,tipo,Pública Estadual,101,2026-08-19 20:02:00.000000,SUP
Santa Luzia,tipo,Privada,25,2026-08-19 20:02:00.000000,SUP
Santa Luzia,tipo,Pública Federal,19,2026-08-19 20:02:00.000000,SUP
Santa Luzia,tipo,Pública Municipal,8,2026-08-19 20:02:00.000000,SUP
Santa Luzia,area,Urbana,152,2026-08-19 20:02:00.000000,SUP
Santa Luzia,area,Rural,1,2026-08-19 20:02:00.000000,SUP
Santa Luzia,cidade,Santa Luzia - MG,51,2026-08-19 20:02:00.000000,SUP
Santa Luzia,cidade,Belo Horizonte - MG,37,2026-08-19 20:02:00.000000,SUP
Santa Luzia,cidade,Outra - OU,11,2026-08-19 20:02:00.000000,SUP
Santa Luzia,cidade,Ribeirão das Neves - MG,7,2026-08-19 20:02:00.000000,SUP
Santa Luzia,cidade,Vespasiano - MG,5,2026-08-19 20:02:00.000000,SUP
Santa Luzia,cidade,Sabará - MG,3,2026-08-19 20:02:00.000000,SUP
Santa Luzia,cidade,Araxá - MG,2,2026-08-19 20:02:00.000000,SUP
Santa Luzia,cidade,Betim - MG,2,2026-08-19 20:02:00.000000,SUP
Santa Luzia,cidade,Sete Lagoas - MG,2,2026-08-19 20:02:00.000000,SUP
Santa Luzia,cidade,Matozinhos - MG,2,2026-08-19 20:02:00.000000,SUP
Santa Luzia,cidade,Fortaleza - CE,1,2026-08-19 20:02:00.000000,SUP
Santa Luzia,cidade,Vila Velha - ES,1,2026-08-19 20:02:00.000000,SUP
Santa Luzia,cidade,Monte Azul - MG,1,2026-08-19 20:02:00.000000,SUP
Santa Luzia,cidade,Petrolina - PE,1,2026-08-19 20:02:00.000000,SUP
Santa Luzia,cidade,Piracicaba - SP,1,2026-08-19 20:02:00.000000,SUP
São João Evangelista,tipo,Pública Estadual,102,2026-08-19 20:02:00.000000,SUP
São João Evangelista,tipo,Pública Federal,10,2026-08-19 20:02:00.000000,SUP
São João Evangelista,tipo,Privada,3,2026-08-19 20:02:00.000000,SUP
São João Evangelista,area,Urbana,104,2026-08-19 20:02:00.000000,SUP
São João Evangelista,area,Rural,11,2026-08-19 20:02:00.000000,SUP
São João Evangelista,cidade,São João Evangelista - MG,31,2026-08-19 20:02:00.000000,SUP
São João Evangelista,cidade,Guanhães - MG,22,2026-08-19 20:02:00.000000,SUP
São João Evangelista,cidade,São Pedro do Suaçuí - MG,8,2026-08-19 20:02:00.000000,SUP
São João Evangelista,cidade,Peçanha - MG,7,2026-08-19 20:02:00.000000,SUP
São João Evangelista,cidade,Dores de Guanhães - MG,5,2026-08-19 20:02:00.000000,SUP
São João Evangelista,cidade,Virginópolis - MG,5,2026-08-19 20:02:00.000000,SUP
São João Evangelista,cidade,Santa Maria do Suaçuí - MG,4,2026-08-19 20:02:00.000000,SUP
São João Evangelista,cidade,Paulistas - MG,3,2026-08-19 20:02:00.000000,SUP
São João Evangelista,cidade,Outra - OU,2,2026-08-19 20:02:00.000000,SUP
São João Evangelista,cidade,Aricanduva - MG,2,2026-08-19 20:02:00.000000,SUP
São João Evangelista,cidade,Coluna - MG,2,2026-08-19 20:02:00.000000,SUP
São João Evangelista,cidade,Serro - MG,2,2026-08-19 20:02:00.000000,SUP
São João Evangelista,cidade,Sabinópolis - MG,2,2026-08-19 20:02:00.000000,SUP
São João Evangelista,cidade,Cantagalo - MG,2,2026-08-19 20:02:00.000000,SUP
São João Evangelista,cidade,Dom Joaquim - MG,2,2026-08-19 20:02:00.000000,SUP
Todas as unidades,tipo,Pública Estadual,2712,2026-08-20 07:00:00.000000,INT
Todas as unidades,tipo,Pública Municipal,2603,2026-08-20 07:00:00.000000,INT
Todas as unidades,tipo,Privada,1466,2026-08-20 07:00:00.000000,INT
Todas as unidades,tipo,Pública Federal,28,2026-08-20 07:00:00.000000,INT
Todas as unidades,area,Urbana,6742,2026-08-20 07:00:00.000000,INT
Todas as unidades,area,Rural,67,2026-08-20 07:00:00.000000,INT
Todas as unidades,cidade,Belo Horizonte - MG,875,2026-08-20 07:00:00.000000,INT
Todas as unidades,cidade,Betim - MG,565,2026-08-20 07:00:00.000000,INT
Todas as unidades,cidade,Ribeirão das Neves - MG,412,2026-08-20 07:00:00.000000,INT
Todas as unidades,cidade,Contagem - MG,362,2026-08-20 07:00:00.000000,INT
Todas as unidades,cidade,Santa Luzia - MG,313,2026-08-20 07:00:00.000000,INT
Todas as unidades,cidade,Sabará - MG,306,2026-08-20 07:00:00.000000,INT
Todas as unidades,cidade,Conselheiro Lafaiete - MG,275,2026-08-20 07:00:00.000000,INT
Todas as unidades,cidade,Ouro Preto - MG,273,2026-08-20 07:00:00.000000,INT
Todas as unidades,cidade,Ipatinga - MG,265,2026-08-20 07:00:00.000000,INT
Todas as unidades,cidade,Itabirito - MG,251,2026-08-20 07:00:00.000000,INT
Todas as unidades,cidade,Ponte Nova - MG,243,2026-08-20 07:00:00.000000,INT
Todas as unidades,cidade,Governador Valadares - MG,226,2026-08-20 07:00:00.000000,INT
Todas as unidades,cidade,Congonhas - MG,206,2026-08-20 07:00:00.000000,INT
Todas as unidades,cidade,Ibirité - MG,169,2026-08-20 07:00:00.000000,INT
Todas as unidades,cidade,Ouro Branco - MG,152,2026-08-20 07:00:00.000000,INT
Arcos,tipo,Pública Estadual,51,2026-08-20 07:00:00.000000,INT
Arcos,tipo,Privada,25,2026-08-20 07:00:00.000000,INT
Arcos,tipo,Pública Municipal,4,2026-08-20 07:00:00.000000,INT
Arcos,area,Urbana,76,2026-08-20 07:00:00.000000,INT
Arcos,area,Rural,4,2026-08-20 07:00:00.000000,INT
Arcos,cidade,Arcos - MG,74,2026-08-20 07:00:00.000000,INT
Arcos,cidade,Acrelândia - AC,1,2026-08-20 07:00:00.000000,INT
Arcos,cidade,Iguatama - MG,1,2026-08-20 07:00:00.000000,INT
Arcos,cidade,Outra - OU,1,2026-08-20 07:00:00.000000,INT
Arcos,cidade,Natal - RN,1,2026-08-20 07:00:00.000000,INT
Arcos,cidade,Doresópolis - MG,1,2026-08-20 07:00:00.000000,INT
Arcos,cidade,Japaraíba - MG,1,2026-08-20 07:00:00.000000,INT
Bambuí,tipo,Pública Estadual,85,2026-08-20 07:00:00.000000,INT
Bambuí,tipo,Pública Municipal,29,2026-08-20 07:00:00.000000,INT
Bambuí,tipo,Privada,22,2026-08-20 07:00:00.000000,INT
Bambuí,area,Urbana,124,2026-08-20 07:00:00.000000,INT
Bambuí,area,Rural,12,2026-08-20 07:00:00.000000,INT
Bambuí,cidade,Bambuí - MG,55,2026-08-20 07:00:00.000000,INT
Bambuí,cidade,Medeiros - MG,11,2026-08-20 07:00:00.000000,INT
Bambuí,cidade,Iguatama - MG,11,2026-08-20 07:00:00.000000,INT
Bambuí,cidade,Luz - MG,6,2026-08-20 07:00:00.000000,INT
Bambuí,cidade,Campos Altos - MG,5,2026-08-20 07:00:00.000000,INT
Bambuí,cidade,Pompéu - MG,5,2026-08-20 07:00:00.000000,INT
Bambuí,cidade,Arcos - MG,4,2026-08-20 07:00:00.000000,INT
Bambuí,cidade,Córrego Danta - MG,3,2026-08-20 07:00:00.000000,INT
Bambuí,cidade,Japaraíba - MG,3,2026-08-20 07:00:00.000000,INT
Bambuí,cidade,Piumhi - MG,3,2026-08-20 07:00:00.000000,INT
Bambuí,cidade,Santa Rosa da Serra - MG,3,2026-08-20 07:00:00.000000,INT
Bambuí,cidade,Contagem - MG,2,2026-08-20 07:00:00.000000,INT
Bambuí,cidade,Outra - OU,2,2026-08-20 07:00:00.000000,INT
Bambuí,cidade,Ibiá - MG,2,2026-08-20 07:00:00.000000,INT
Bambuí,cidade,Araxá - MG,2,2026-08-20 07:00:00.000000,INT
Betim,tipo,Pública Municipal,584,2026-08-20 07:00:00.000000,INT
Betim,tipo,Privada,239,2026-08-20 07:00:00.000000,INT
Betim,tipo,Pública Estadual,152,2026-08-20 07:00:00.000000,INT
Betim,tipo,Pública Federal,4,2026-08-20 07:00:00.000000,INT
Betim,area,Urbana,979,2026-08-20 07:00:00.000000,INT
Betim,cidade,Betim - MG,546,2026-08-20 07:00:00.000000,INT
Betim,cidade,Contagem - MG,293,2026-08-20 07:00:00.000000,INT
Betim,cidade,Belo Horizonte - MG,56,2026-08-20 07:00:00.000000,INT
Betim,cidade,Outra - OU,26,2026-08-20 07:00:00.000000,INT
Betim,cidade,São Joaquim de Bicas - MG,13,2026-08-20 07:00:00.000000,INT
Betim,cidade,Igarapé - MG,11,2026-08-20 07:00:00.000000,INT
Betim,cidade,Juatuba - MG,7,2026-08-20 07:00:00.000000,INT
Betim,cidade,Esmeraldas - MG,5,2026-08-20 07:00:00.000000,INT
Betim,cidade,Sarzedo - MG,5,2026-08-20 07:00:00.000000,INT
Betim,cidade,Nova Lima - MG,3,2026-08-20 07:00:00.000000,INT
Betim,cidade,Turmalina - MG,1,2026-08-20 07:00:00.000000,INT
Betim,cidade,Ibirité - MG,1,2026-08-20 07:00:00.000000,INT
Betim,cidade,Itabira - MG,1,2026-08-20 07:00:00.000000,INT
Betim,cidade,Paraopeba - MG,1,2026-08-20 07:00:00.000000,INT
Betim,cidade,Santa Bárbara - MG,1,2026-08-20 07:00:00.000000,INT
Congonhas,tipo,Pública Municipal,178,2026-08-20 07:00:00.000000,INT
Congonhas,tipo,Privada,59,2026-08-20 07:00:00.000000,INT
Congonhas,tipo,Pública Estadual,47,2026-08-20 07:00:00.000000,INT
Congonhas,tipo,Pública Federal,1,2026-08-20 07:00:00.000000,INT
Congonhas,area,Urbana,285,2026-08-20 07:00:00.000000,INT
Congonhas,cidade,Congonhas - MG,204,2026-08-20 07:00:00.000000,INT
Congonhas,cidade,Jeceaba - MG,24,2026-08-20 07:00:00.000000,INT
Congonhas,cidade,Conselheiro Lafaiete - MG,17,2026-08-20 07:00:00.000000,INT
Congonhas,cidade,São Brás do Suaçuí - MG,11,2026-08-20 07:00:00.000000,INT
Congonhas,cidade,Belo Vale - MG,9,2026-08-20 07:00:00.000000,INT
Congonhas,cidade,Entre Rios de Minas - MG,9,2026-08-20 07:00:00.000000,INT
Congonhas,cidade,Outra - OU,6,2026-08-20 07:00:00.000000,INT
Congonhas,cidade,Guarapari - ES,1,2026-08-20 07:00:00.000000,INT
Congonhas,cidade,Barão de Cocais - MG,1,2026-08-20 07:00:00.000000,INT
Congonhas,cidade,Barrinha - SP,1,2026-08-20 07:00:00.000000,INT
Congonhas,cidade,Belo Horizonte - MG,1,2026-08-20 07:00:00.000000,INT
Congonhas,cidade,Ouro Branco - MG,1,2026-08-20 07:00:00.000000,INT
Conselheiro Lafaiete,tipo,Pública Municipal,101,2026-08-20 07:00:00.000000,INT
Conselheiro Lafaiete,tipo,Pública Estadual,96,2026-08-20 07:00:00.000000,INT
Conselheiro Lafaiete,tipo,Privada,24,2026-08-20 07:00:00.000000,INT
Conselheiro Lafaiete,area,Urbana,220,2026-08-20 07:00:00.000000,INT
Conselheiro Lafaiete,area,Rural,1,2026-08-20 07:00:00.000000,INT
Conselheiro Lafaiete,cidade,Conselheiro Lafaiete - MG,167,2026-08-20 07:00:00.000000,INT
Conselheiro Lafaiete,cidade,Carandaí - MG,23,2026-08-20 07:00:00.000000,INT
Conselheiro Lafaiete,cidade,Catas Altas da Noruega - MG,6,2026-08-20 07:00:00.000000,INT
Conselheiro Lafaiete,cidade,Caranaíba - MG,5,2026-08-20 07:00:00.000000,INT
Conselheiro Lafaiete,cidade,Cristiano Otoni - MG,3,2026-08-20 07:00:00.000000,INT
Conselheiro Lafaiete,cidade,Outra - OU,3,2026-08-20 07:00:00.000000,INT
Conselheiro Lafaiete,cidade,Queluzito - MG,3,2026-08-20 07:00:00.000000,INT
Conselheiro Lafaiete,cidade,Itaverava - MG,2,2026-08-20 07:00:00.000000,INT
Conselheiro Lafaiete,cidade,Juiz de Fora - MG,2,2026-08-20 07:00:00.000000,INT
Conselheiro Lafaiete,cidade,Jeceaba - MG,2,2026-08-20 07:00:00.000000,INT
Conselheiro Lafaiete,cidade,Santana dos Montes - MG,1,2026-08-20 07:00:00.000000,INT
Conselheiro Lafaiete,cidade,Piranga - MG,1,2026-08-20 07:00:00.000000,INT
Conselheiro Lafaiete,cidade,Rio Espera - MG,1,2026-08-20 07:00:00.000000,INT
Conselheiro Lafaiete,cidade,Entre Rios de Minas - MG,1,2026-08-20 07:00:00.000000,INT
Conselheiro Lafaiete,cidade,Ouro Branco - MG,1,2026-08-20 07:00:00.000000,INT
Formiga,tipo,Pública Estadual,78,2026-08-20 07:00:00.000000,INT
Formiga,tipo,Pública Municipal,28,2026-08-20 07:00:00.000000,INT
Formiga,tipo,Privada,12,2026-08-20 07:00:00.000000,INT
Formiga,area,Urbana,116,2026-08-20 07:00:00.000000,INT
Formiga,area,Rural,2,2026-08-20 07:00:00.000000,INT
Formiga,cidade,Formiga - MG,86,2026-08-20 07:00:00.000000,INT
Formiga,cidade,Pains - MG,15,2026-08-20 07:00:00.000000,INT
Formiga,cidade,Córrego Fundo - MG,11,2026-08-20 07:00:00.000000,INT
Formiga,cidade,Divinópolis - MG,1,2026-08-20 07:00:00.000000,INT
Formiga,cidade,Barra da Estiva - BA,1,2026-08-20 07:00:00.000000,INT
Formiga,cidade,Campo Belo - MG,1,2026-08-20 07:00:00.000000,INT
Formiga,cidade,Outra - OU,1,2026-08-20 07:00:00.000000,INT
Formiga,cidade,Arcos - MG,1,2026-08-20 07:00:00.000000,INT
Formiga,cidade,Córrego Danta - MG,1,2026-08-20 07:00:00.000000,INT
Governador Valadares,tipo,Pública Estadual,173,2026-08-20 07:00:00.000000,INT
Governador Valadares,tipo,Privada,117,2026-08-20 07:00:00.000000,INT
Governador Valadares,tipo,Pública Municipal,22,2026-08-20 07:00:00.000000,INT
Governador Valadares,tipo,Pública Federal,1,2026-08-20 07:00:00.000000,INT
Governador Valadares,area,Urbana,310,2026-08-20 07:00:00.000000,INT
Governador Valadares,area,Rural,3,2026-08-20 07:00:00.000000,INT
Governador Valadares,cidade,Governador Valadares - MG,225,2026-08-20 07:00:00.000000,INT
Governador Valadares,cidade,Engenheiro Caldas - MG,15,2026-08-20 07:00:00.000000,INT
Governador Valadares,cidade,Frei Inocêncio - MG,14,2026-08-20 07:00:00.000000,INT
Governador Valadares,cidade,Mathias Lobato - MG,11,2026-08-20 07:00:00.000000,INT
Governador Valadares,cidade,Outra - OU,10,2026-08-20 07:00:00.000000,INT
Governador Valadares,cidade,Tarumirim - MG,7,2026-08-20 07:00:00.000000,INT
Governador Valadares,cidade,Jampruca - MG,4,2026-08-20 07:00:00.000000,INT
Governador Valadares,cidade,Sardoá - MG,4,2026-08-20 07:00:00.000000,INT
Governador Valadares,cidade,Itanhomi - MG,3,2026-08-20 07:00:00.000000,INT
Governador Valadares,cidade,Aimorés - MG,2,2026-08-20 07:00:00.000000,INT
Governador Valadares,cidade,Alpercata - MG,2,2026-08-20 07:00:00.000000,INT
Governador Valadares,cidade,São Geraldo da Piedade - MG,2,2026-08-20 07:00:00.000000,INT
Governador Valadares,cidade,Novo Cruzeiro - MG,1,2026-08-20 07:00:00.000000,INT
Governador Valadares,cidade,Santa Rita do Itueto - MG,1,2026-08-20 07:00:00.000000,INT
Governador Valadares,cidade,Campanário - MG,1,2026-08-20 07:00:00.000000,INT
Ibirité,tipo,Pública Municipal,295,2026-08-20 07:00:00.000000,INT
Ibirité,tipo,Privada,156,2026-08-20 07:00:00.000000,INT
Ibirité,tipo,Pública Estadual,115,2026-08-20 07:00:00.000000,INT
Ibirité,area,Urbana,565,2026-08-20 07:00:00.000000,INT
Ibirité,area,Rural,1,2026-08-20 07:00:00.000000,INT
Ibirité,cidade,Belo Horizonte - MG,301,2026-08-20 07:00:00.000000,INT
Ibirité,cidade,Ibirité - MG,166,2026-08-20 07:00:00.000000,INT
Ibirité,cidade,Contagem - MG,47,2026-08-20 07:00:00.000000,INT
Ibirité,cidade,Betim - MG,16,2026-08-20 07:00:00.000000,INT
Ibirité,cidade,Sarzedo - MG,13,2026-08-20 07:00:00.000000,INT
Ibirité,cidade,Outra - OU,11,2026-08-20 07:00:00.000000,INT
Ibirité,cidade,Brumadinho - MG,4,2026-08-20 07:00:00.000000,INT
Ibirité,cidade,Vespasiano - MG,1,2026-08-20 07:00:00.000000,INT
Ibirité,cidade,Mário Campos - MG,1,2026-08-20 07:00:00.000000,INT
Ibirité,cidade,Piedade dos Gerais - MG,1,2026-08-20 07:00:00.000000,INT
Ibirité,cidade,Rio Doce - MG,1,2026-08-20 07:00:00.000000,INT
Ibirité,cidade,Itambacuri - MG,1,2026-08-20 07:00:00.000000,INT
Ibirité,cidade,Nova Serrana - MG,1,2026-08-20 07:00:00.000000,INT
Ibirité,cidade,Ribeirão das Neves - MG,1,2026-08-20 07:00:00.000000,INT
Ibirité,cidade,São Joaquim de Bicas - MG,1,2026-08-20 07:00:00.000000,INT
Ipatinga,tipo,Pública Municipal,168,2026-08-20 07:00:00.000000,INT
Ipatinga,tipo,Pública Estadual,133,2026-08-20 07:00:00.000000,INT
Ipatinga,tipo,Privada,70,2026-08-20 07:00:00.000000,INT
Ipatinga,area,Urbana,369,2026-08-20 07:00:00.000000,INT
Ipatinga,area,Rural,2,2026-08-20 07:00:00.000000,INT
Ipatinga,cidade,Ipatinga - MG,264,2026-08-20 07:00:00.000000,INT
Ipatinga,cidade,Coronel Fabriciano - MG,38,2026-08-20 07:00:00.000000,INT
Ipatinga,cidade,Belo Oriente - MG,16,2026-08-20 07:00:00.000000,INT
Ipatinga,cidade,Timóteo - MG,13,2026-08-20 07:00:00.000000,INT
Ipatinga,cidade,Santana do Paraíso - MG,10,2026-08-20 07:00:00.000000,INT
Ipatinga,cidade,São Domingos do Prata - MG,5,2026-08-20 07:00:00.000000,INT
Ipatinga,cidade,Outra - OU,3,2026-08-20 07:00:00.000000,INT
Ipatinga,cidade,Ipaba - MG,3,2026-08-20 07:00:00.000000,INT
Ipatinga,cidade,Pingo-d'Água - MG,2,2026-08-20 07:00:00.000000,INT
Ipatinga,cidade,Caratinga - MG,2,2026-08-20 07:00:00.000000,INT
Ipatinga,cidade,Dom Cavati - MG,2,2026-08-20 07:00:00.000000,INT
Ipatinga,cidade,Joaíma - MG,1,2026-08-20 07:00:00.000000,INT
Ipatinga,cidade,Mesquita - MG,1,2026-08-20 07:00:00.000000,INT
Ipatinga,cidade,Abre Campo - MG,1,2026-08-20 07:00:00.000000,INT
Ipatinga,cidade,Santa Bárbara - MG,1,2026-08-20 07:00:00.000000,INT
Itabirito,tipo,Pública Municipal,115,2026-08-20 07:00:00.000000,INT
Itabirito,tipo,Pública Estadual,42,2026-08-20 07:00:00.000000,INT
Itabirito,tipo,Privada,19,2026-08-20 07:00:00.000000,INT
Itabirito,tipo,Pública Federal,1,2026-08-20 07:00:00.000000,INT
Itabirito,area,Urbana,177,2026-08-20 07:00:00.000000,INT
Itabirito,cidade,Itabirito - MG,171,2026-08-20 07:00:00.000000,INT
Itabirito,cidade,Ouro Preto - MG,2,2026-08-20 07:00:00.000000,INT
Itabirito,cidade,Belo Horizonte - MG,1,2026-08-20 07:00:00.000000,INT
Itabirito,cidade,Mariana - MG,1,2026-08-20 07:00:00.000000,INT
Itabirito,cidade,Ouro Branco - MG,1,2026-08-20 07:00:00.000000,INT
Itabirito,cidade,Nova Lima - MG,1,2026-08-20 07:00:00.000000,INT
Ouro Branco,tipo,Pública Municipal,133,2026-08-20 07:00:00.000000,INT
Ouro Branco,tipo,Pública Estadual,65,2026-08-20 07:00:00.000000,INT
Ouro Branco,tipo,Privada,63,2026-08-20 07:00:00.000000,INT
Ouro Branco,tipo,Pública Federal,1,2026-08-20 07:00:00.000000,INT
Ouro Branco,area,Urbana,252,2026-08-20 07:00:00.000000,INT
Ouro Branco,area,Rural,10,2026-08-20 07:00:00.000000,INT
Ouro Branco,cidade,Ouro Branco - MG,148,2026-08-20 07:00:00.000000,INT
Ouro Branco,cidade,Conselheiro Lafaiete - MG,89,2026-08-20 07:00:00.000000,INT
Ouro Branco,cidade,Jeceaba - MG,7,2026-08-20 07:00:00.000000,INT
Ouro Branco,cidade,Entre Rios de Minas - MG,3,2026-08-20 07:00:00.000000,INT
Ouro Branco,cidade,Congonhas - MG,2,2026-08-20 07:00:00.000000,INT
Ouro Branco,cidade,Itaverava - MG,2,2026-08-20 07:00:00.000000,INT
Ouro Branco,cidade,Piranga - MG,2,2026-08-20 07:00:00.000000,INT
Ouro Branco,cidade,Caranaíba - MG,2,2026-08-20 07:00:00.000000,INT
Ouro Branco,cidade,Ouro Preto - MG,1,2026-08-20 07:00:00.000000,INT
Ouro Branco,cidade,Senhora de Oliveira - MG,1,2026-08-20 07:00:00.000000,INT
Ouro Branco,cidade,Brumado - BA,1,2026-08-20 07:00:00.000000,INT
Ouro Branco,cidade,Belo Horizonte - MG,1,2026-08-20 07:00:00.000000,INT
Ouro Branco,cidade,Macaé - RJ,1,2026-08-20 07:00:00.000000,INT
Ouro Branco,cidade,Barão de Cocais - MG,1,2026-08-20 07:00:00.000000,INT
Ouro Branco,cidade,Ipatinga - MG,1,2026-08-20 07:00:00.000000,INT
Ouro Preto,tipo,Pública Municipal,242,2026-08-20 07:00:00.000000,INT
Ouro Preto,tipo,Pública Estadual,185,2026-08-20 07:00:00.000000,INT
Ouro Preto,tipo,Privada,127,2026-08-20 07:00:00.000000,INT
Ouro Preto,tipo,Pública Federal,4,2026-08-20 07:00:00.000000,INT
Ouro Preto,area,Urbana,546,2026-08-20 07:00:00.000000,INT
Ouro Preto,area,Rural,12,2026-08-20 07:00:00.000000,INT
Ouro Preto,cidade,Ouro Preto - MG,270,2026-08-20 07:00:00.000000,INT
Ouro Preto,cidade,Mariana - MG,149,2026-08-20 07:00:00.000000,INT
Ouro Preto,cidade,Itabirito - MG,80,2026-08-20 07:00:00.000000,INT
Ouro Preto,cidade,Santa Bárbara - MG,12,2026-08-20 07:00:00.000000,INT
Ouro Preto,cidade,Catas Altas - MG,11,2026-08-20 07:00:00.000000,INT
Ouro Preto,cidade,Outra - OU,10,2026-08-20 07:00:00.000000,INT
Ouro Preto,cidade,Belo Horizonte - MG,6,2026-08-20 07:00:00.000000,INT
Ouro Preto,cidade,Conselheiro Lafaiete - MG,2,2026-08-20 07:00:00.000000,INT
Ouro Preto,cidade,Barão de Cocais - MG,2,2026-08-20 07:00:00.000000,INT
Ouro Preto,cidade,Piranga - MG,2,2026-08-20 07:00:00.000000,INT
Ouro Preto,cidade,Rio Casca - MG,2,2026-08-20 07:00:00.000000,INT
Ouro Preto,cidade,Betim - MG,1,2026-08-20 07:00:00.000000,INT
Ouro Preto,cidade,Espera Feliz - MG,1,2026-08-20 07:00:00.000000,INT
Ouro Preto,cidade,Itaguara - MG,1,2026-08-20 07:00:00.000000,INT
Ouro Preto,cidade,Salvador - BA,1,2026-08-20 07:00:00.000000,INT
Piumhi,tipo,Pública Estadual,61,2026-08-20 07:00:00.000000,INT
Piumhi,tipo,Privada,26,2026-08-20 07:00:00.000000,INT
Piumhi,tipo,Pública Municipal,3,2026-08-20 07:00:00.000000,INT
Piumhi,area,Urbana,90,2026-08-20 07:00:00.000000,INT
Piumhi,cidade,Piumhi - MG,61,2026-08-20 07:00:00.000000,INT
Piumhi,cidade,Pimenta - MG,16,2026-08-20 07:00:00.000000,INT
Piumhi,cidade,Capitólio - MG,10,2026-08-20 07:00:00.000000,INT
Piumhi,cidade,Doresópolis - MG,3,2026-08-20 07:00:00.000000,INT
Ponte Nova,tipo,Pública Estadual,155,2026-08-20 07:00:00.000000,INT
Ponte Nova,tipo,Pública Municipal,137,2026-08-20 07:00:00.000000,INT
Ponte Nova,tipo,Privada,95,2026-08-20 07:00:00.000000,INT
Ponte Nova,area,Urbana,384,2026-08-20 07:00:00.000000,INT
Ponte Nova,area,Rural,3,2026-08-20 07:00:00.000000,INT
Ponte Nova,cidade,Ponte Nova - MG,243,2026-08-20 07:00:00.000000,INT
Ponte Nova,cidade,Urucânia - MG,20,2026-08-20 07:00:00.000000,INT
Ponte Nova,cidade,Dom Silvério - MG,18,2026-08-20 07:00:00.000000,INT
Ponte Nova,cidade,Jequeri - MG,16,2026-08-20 07:00:00.000000,INT
Ponte Nova,cidade,Amparo do Serra - MG,15,2026-08-20 07:00:00.000000,INT
Ponte Nova,cidade,Raul Soares - MG,10,2026-08-20 07:00:00.000000,INT
Ponte Nova,cidade,Alvinópolis - MG,9,2026-08-20 07:00:00.000000,INT
Ponte Nova,cidade,Rio Casca - MG,9,2026-08-20 07:00:00.000000,INT
Ponte Nova,cidade,Santa Cruz do Escalvado - MG,8,2026-08-20 07:00:00.000000,INT
Ponte Nova,cidade,Oratórios - MG,7,2026-08-20 07:00:00.000000,INT
Ponte Nova,cidade,Outra - OU,5,2026-08-20 07:00:00.000000,INT
Ponte Nova,cidade,Guaraciaba - MG,4,2026-08-20 07:00:00.000000,INT
Ponte Nova,cidade,Piedade de Ponte Nova - MG,3,2026-08-20 07:00:00.000000,INT
Ponte Nova,cidade,Rio Doce - MG,3,2026-08-20 07:00:00.000000,INT
Ponte Nova,cidade,Sem-Peixe - MG,2,2026-08-20 07:00:00.000000,INT
Ribeirão das Neves,tipo,Pública Estadual,350,2026-08-20 07:00:00.000000,INT
Ribeirão das Neves,tipo,Pública Municipal,206,2026-08-20 07:00:00.000000,INT
Ribeirão das Neves,tipo,Privada,118,2026-08-20 07:00:00.000000,INT
Ribeirão das Neves,tipo,Pública Federal,5,2026-08-20 07:00:00.000000,INT
Ribeirão das Neves,area,Urbana,679,2026-08-20 07:00:00.000000,INT
Ribeirão das Neves,cidade,Ribeirão das Neves - MG,409,2026-08-20 07:00:00.000000,INT
Ribeirão das Neves,cidade,Belo Horizonte - MG,178,2026-08-20 07:00:00.000000,INT
Ribeirão das Neves,cidade,Esmeraldas - MG,25,2026-08-20 07:00:00.000000,INT
Ribeirão das Neves,cidade,São José da Lapa - MG,18,2026-08-20 07:00:00.000000,INT
Ribeirão das Neves,cidade,Outra - OU,17,2026-08-20 07:00:00.000000,INT
Ribeirão das Neves,cidade,Contagem - MG,15,2026-08-20 07:00:00.000000,INT
Ribeirão das Neves,cidade,Vespasiano - MG,4,2026-08-20 07:00:00.000000,INT
Ribeirão das Neves,cidade,Pedro Leopoldo - MG,2,2026-08-20 07:00:00.000000,INT
Ribeirão das Neves,cidade,Santa Rita do Itueto - MG,1,2026-08-20 07:00:00.000000,INT
Ribeirão das Neves,cidade,Brumadinho - MG,1,2026-08-20 07:00:00.000000,INT
Ribeirão das Neves,cidade,Confins - MG,1,2026-08-20 07:00:00.000000,INT
Ribeirão das Neves,cidade,Ibirité - MG,1,2026-08-20 07:00:00.000000,INT
Ribeirão das Neves,cidade,Lagoa Santa - MG,1,2026-08-20 07:00:00.000000,INT
Ribeirão das Neves,cidade,Montes Claros - MG,1,2026-08-20 07:00:00.000000,INT
Ribeirão das Neves,cidade,Betim - MG,1,2026-08-20 07:00:00.000000,INT
Sabará,tipo,Pública Estadual,255,2026-08-20 07:00:00.000000,INT
Sabará,tipo,Pública Municipal,167,2026-08-20 07:00:00.000000,INT
Sabará,tipo,Privada,129,2026-08-20 07:00:00.000000,INT
Sabará,tipo,Pública Federal,5,2026-08-20 07:00:00.000000,INT
Sabará,area,Urbana,556,2026-08-20 07:00:00.000000,INT
Sabará,cidade,Sabará - MG,304,2026-08-20 07:00:00.000000,INT
Sabará,cidade,Belo Horizonte - MG,186,2026-08-20 07:00:00.000000,INT
Sabará,cidade,Caeté - MG,41,2026-08-20 07:00:00.000000,INT
Sabará,cidade,Outra - OU,9,2026-08-20 07:00:00.000000,INT
Sabará,cidade,Santa Luzia - MG,6,2026-08-20 07:00:00.000000,INT
Sabará,cidade,Nova Lima - MG,5,2026-08-20 07:00:00.000000,INT
Sabará,cidade,Contagem - MG,2,2026-08-20 07:00:00.000000,INT
Sabará,cidade,Carmópolis de Minas - MG,1,2026-08-20 07:00:00.000000,INT
Sabará,cidade,Jaboticatubas - MG,1,2026-08-20 07:00:00.000000,INT
Sabará,cidade,São José da Lapa - MG,1,2026-08-20 07:00:00.000000,INT
Santa Luzia,tipo,Pública Estadual,208,2026-08-20 07:00:00.000000,INT
Santa Luzia,tipo,Pública Municipal,169,2026-08-20 07:00:00.000000,INT
Santa Luzia,tipo,Privada,133,2026-08-20 07:00:00.000000,INT
Santa Luzia,tipo,Pública Federal,6,2026-08-20 07:00:00.000000,INT
Santa Luzia,area,Urbana,516,2026-08-20 07:00:00.000000,INT
Santa Luzia,cidade,Santa Luzia - MG,307,2026-08-20 07:00:00.000000,INT
Santa Luzia,cidade,Belo Horizonte - MG,139,2026-08-20 07:00:00.000000,INT
Santa Luzia,cidade,Vespasiano - MG,20,2026-08-20 07:00:00.000000,INT
Santa Luzia,cidade,Outra - OU,14,2026-08-20 07:00:00.000000,INT
Santa Luzia,cidade,Lagoa Santa - MG,9,2026-08-20 07:00:00.000000,INT
Santa Luzia,cidade,São José da Lapa - MG,6,2026-08-20 07:00:00.000000,INT
Santa Luzia,cidade,Pedro Leopoldo - MG,4,2026-08-20 07:00:00.000000,INT
Santa Luzia,cidade,Sabará - MG,2,2026-08-20 07:00:00.000000,INT
Santa Luzia,cidade,Brasília - DF,2,2026-08-20 07:00:00.000000,INT
Santa Luzia,cidade,Contagem - MG,2,2026-08-20 07:00:00.000000,INT
Santa Luzia,cidade,Matozinhos - MG,1,2026-08-20 07:00:00.000000,INT
Santa Luzia,cidade,Camaçari - BA,1,2026-08-20 07:00:00.000000,INT
Santa Luzia,cidade,Araçaí - MG,1,2026-08-20 07:00:00.000000,INT
Santa Luzia,cidade,Caeté - MG,1,2026-08-20 07:00:00.000000,INT
Santa Luzia,cidade,Jaboticatubas - MG,1,2026-08-20 07:00:00.000000,INT
São João Evangelista,tipo,Pública Estadual,461,2026-08-20 07:00:00.000000,INT
São João Evangelista,tipo,Privada,32,2026-08-20 07:00:00.000000,INT
São João Evangelista,tipo,Pública Municipal,22,2026-08-20 07:00:00.000000,INT
São João Evangelista,area,Urbana,498,2026-08-20 07:00:00.000000,INT
São João Evangelista,area,Rural,17,2026-08-20 07:00:00.000000,INT
São João Evangelista,cidade,Guanhães - MG,102,2026-08-20 07:00:00.000000,INT
São João Evangelista,cidade,São João Evangelista - MG,89,2026-08-20 07:00:00.000000,INT
São João Evangelista,cidade,Peçanha - MG,40,2026-08-20 07:00:00.000000,INT
São João Evangelista,cidade,Santa Maria do Suaçuí - MG,35,2026-08-20 07:00:00.000000,INT
São João Evangelista,cidade,Coluna - MG,26,2026-08-20 07:00:00.000000,INT
São João Evangelista,cidade,Virginópolis - MG,24,2026-08-20 07:00:00.000000,INT
São João Evangelista,cidade,São Pedro do Suaçuí - MG,18,2026-08-20 07:00:00.000000,INT
São João Evangelista,cidade,Capelinha - MG,15,2026-08-20 07:00:00.000000,INT
São João Evangelista,cidade,Cantagalo - MG,12,2026-08-20 07:00:00.000000,INT
São João Evangelista,cidade,São José do Jacuri - MG,12,2026-08-20 07:00:00.000000,INT
São João Evangelista,cidade,Dom Joaquim - MG,10,2026-08-20 07:00:00.000000,INT
São João Evangelista,cidade,Angelândia - MG,9,2026-08-20 07:00:00.000000,INT
São João Evangelista,cidade,Divinolândia de Minas - MG,9,2026-08-20 07:00:00.000000,INT
São João Evangelista,cidade,Paulistas - MG,9,2026-08-20 07:00:00.000000,INT
São João Evangelista,cidade,Frei Lagonegro - MG,9,2026-08-20 07:00:00.000000,INT
Todas as unidades,tipo,Pública Estadual,456,2026-08-20 07:00:00.000000,SUB
Todas as unidades,tipo,Privada,72,2026-08-20 07:00:00.000000,SUB
Todas as unidades,tipo,Pública Federal,25,2026-08-20 07:00:00.000000,SUB
Todas as unidades,tipo,Pública Municipal,17,2026-08-20 07:00:00.000000,SUB
Todas as unidades,area,Urbana,561,2026-08-20 07:00:00.000000,SUB
Todas as unidades,area,Rural,9,2026-08-20 07:00:00.000000,SUB
Todas as unidades,cidade,Belo Horizonte - MG,44,2026-08-20 07:00:00.000000,SUB
Todas as unidades,cidade,Conselheiro Lafaiete - MG,40,2026-08-20 07:00:00.000000,SUB
Todas as unidades,cidade,Santa Luzia - MG,37,2026-08-20 07:00:00.000000,SUB
Todas as unidades,cidade,Ouro Preto - MG,36,2026-08-20 07:00:00.000000,SUB
Todas as unidades,cidade,Outra - OU,30,2026-08-20 07:00:00.000000,SUB
Todas as unidades,cidade,Piumhi - MG,24,2026-08-20 07:00:00.000000,SUB
Todas as unidades,cidade,Ribeirão das Neves - MG,21,2026-08-20 07:00:00.000000,SUB
Todas as unidades,cidade,Congonhas - MG,21,2026-08-20 07:00:00.000000,SUB
Todas as unidades,cidade,Governador Valadares - MG,12,2026-08-20 07:00:00.000000,SUB
Todas as unidades,cidade,Contagem - MG,10,2026-08-20 07:00:00.000000,SUB
Todas as unidades,cidade,Ipatinga - MG,10,2026-08-20 07:00:00.000000,SUB
Todas as unidades,cidade,Mariana - MG,10,2026-08-20 07:00:00.000000,SUB
Todas as unidades,cidade,São Paulo - SP,7,2026-08-20 07:00:00.000000,SUB
Todas as unidades,cidade,Betim - MG,6,2026-08-20 07:00:00.000000,SUB
Todas as unidades,cidade,Pimenta - MG,6,2026-08-20 07:00:00.000000,SUB
Bambuí,tipo,Pública Estadual,9,2026-08-20 07:00:00.000000,SUB
Bambuí,tipo,Pública Municipal,4,2026-08-20 07:00:00.000000,SUB
Bambuí,tipo,Privada,4,2026-08-20 07:00:00.000000,SUB
Bambuí,area,Urbana,14,2026-08-20 07:00:00.000000,SUB
Bambuí,area,Rural,3,2026-08-20 07:00:00.000000,SUB
Bambuí,cidade,Bambuí - MG,4,2026-08-20 07:00:00.000000,SUB
Bambuí,cidade,Formiga - MG,2,2026-08-20 07:00:00.000000,SUB
Bambuí,cidade,Santa Rosa da Serra - MG,1,2026-08-20 07:00:00.000000,SUB
Bambuí,cidade,Campinas - SP,1,2026-08-20 07:00:00.000000,SUB
Bambuí,cidade,Santa Filomena - PE,1,2026-08-20 07:00:00.000000,SUB
Bambuí,cidade,Caraí - MG,1,2026-08-20 07:00:00.000000,SUB
Bambuí,cidade,Oliveira - MG,1,2026-08-20 07:00:00.000000,SUB
Bambuí,cidade,Pimenta - MG,1,2026-08-20 07:00:00.000000,SUB
Bambuí,cidade,Tapiraí - MG,1,2026-08-20 07:00:00.000000,SUB
Bambuí,cidade,Leme - SP,1,2026-08-20 07:00:00.000000,SUB
Bambuí,cidade,Arcos - MG,1,2026-08-20 07:00:00.000000,SUB
Bambuí,cidade,Belo Horizonte - MG,1,2026-08-20 07:00:00.000000,SUB
Bambuí,cidade,Perdões - MG,1,2026-08-20 07:00:00.000000,SUB
Congonhas,tipo,Pública Estadual,25,2026-08-20 07:00:00.000000,SUB
Congonhas,tipo,Privada,2,2026-08-20 07:00:00.000000,SUB
Congonhas,area,Urbana,27,2026-08-20 07:00:00.000000,SUB
Congonhas,cidade,Congonhas - MG,15,2026-08-20 07:00:00.000000,SUB
Congonhas,cidade,Entre Rios de Minas - MG,1,2026-08-20 07:00:00.000000,SUB
Congonhas,cidade,Sabará - MG,1,2026-08-20 07:00:00.000000,SUB
Congonhas,cidade,São Brás do Suaçuí - MG,1,2026-08-20 07:00:00.000000,SUB
Congonhas,cidade,Ubiratã - PR,1,2026-08-20 07:00:00.000000,SUB
Congonhas,cidade,Oriximiná - PA,1,2026-08-20 07:00:00.000000,SUB
Congonhas,cidade,Belo Horizonte - MG,1,2026-08-20 07:00:00.000000,SUB
Congonhas,cidade,Ouro Preto - MG,1,2026-08-20 07:00:00.000000,SUB
Congonhas,cidade,Santos Dumont - MG,1,2026-08-20 07:00:00.000000,SUB
Congonhas,cidade,Barrinha - SP,1,2026-08-20 07:00:00.000000,SUB
Congonhas,cidade,Outra - OU,1,2026-08-20 07:00:00.000000,SUB
Congonhas,cidade,Maceió - AL,1,2026-08-20 07:00:00.000000,SUB
Congonhas,cidade,Betim - MG,1,2026-08-20 07:00:00.000000,SUB
Conselheiro Lafaiete,tipo,Pública Estadual,52,2026-08-20 07:00:00.000000,SUB
Conselheiro Lafaiete,tipo,Pública Municipal,8,2026-08-20 07:00:00.000000,SUB
Conselheiro Lafaiete,tipo,Privada,6,2026-08-20 07:00:00.000000,SUB
Conselheiro Lafaiete,tipo,Pública Federal,1,2026-08-20 07:00:00.000000,SUB
Conselheiro Lafaiete,area,Urbana,67,2026-08-20 07:00:00.000000,SUB
Conselheiro Lafaiete,cidade,Conselheiro Lafaiete - MG,38,2026-08-20 07:00:00.000000,SUB
Conselheiro Lafaiete,cidade,Congonhas - MG,4,2026-08-20 07:00:00.000000,SUB
Conselheiro Lafaiete,cidade,Barbacena - MG,3,2026-08-20 07:00:00.000000,SUB
Conselheiro Lafaiete,cidade,Outra - OU,3,2026-08-20 07:00:00.000000,SUB
Conselheiro Lafaiete,cidade,Ouro Branco - MG,3,2026-08-20 07:00:00.000000,SUB
Conselheiro Lafaiete,cidade,Entre Rios de Minas - MG,2,2026-08-20 07:00:00.000000,SUB
Conselheiro Lafaiete,cidade,Senhora de Oliveira - MG,2,2026-08-20 07:00:00.000000,SUB
Conselheiro Lafaiete,cidade,São Brás do Suaçuí - MG,1,2026-08-20 07:00:00.000000,SUB
Conselheiro Lafaiete,cidade,Varginha - MG,1,2026-08-20 07:00:00.000000,SUB
Conselheiro Lafaiete,cidade,Recife - PE,1,2026-08-20 07:00:00.000000,SUB
Conselheiro Lafaiete,cidade,Mairiporã - SP,1,2026-08-20 07:00:00.000000,SUB
Conselheiro Lafaiete,cidade,Caranaíba - MG,1,2026-08-20 07:00:00.000000,SUB
Conselheiro Lafaiete,cidade,Nova Lima - MG,1,2026-08-20 07:00:00.000000,SUB
Conselheiro Lafaiete,cidade,Ouro Preto - MG,1,2026-08-20 07:00:00.000000,SUB
Conselheiro Lafaiete,cidade,Piranga - MG,1,2026-08-20 07:00:00.000000,SUB
Governador Valadares,tipo,Pública Estadual,18,2026-08-20 07:00:00.000000,SUB
Governador Valadares,tipo,Privada,3,2026-08-20 07:00:00.000000,SUB
Governador Valadares,tipo,Pública Municipal,1,2026-08-20 07:00:00.000000,SUB
Governador Valadares,area,Urbana,22,2026-08-20 07:00:00.000000,SUB
Governador Valadares,cidade,Governador Valadares - MG,11,2026-08-20 07:00:00.000000,SUB
Governador Valadares,cidade,Outra - OU,2,2026-08-20 07:00:00.000000,SUB
Governador Valadares,cidade,Galiléia - MG,2,2026-08-20 07:00:00.000000,SUB
Governador Valadares,cidade,Itabuna - BA,1,2026-08-20 07:00:00.000000,SUB
Governador Valadares,cidade,Santa Maria do Suaçuí - MG,1,2026-08-20 07:00:00.000000,SUB
Governador Valadares,cidade,São Domingos do Norte - ES,1,2026-08-20 07:00:00.000000,SUB
Governador Valadares,cidade,São Paulo - SP,1,2026-08-20 07:00:00.000000,SUB
Governador Valadares,cidade,Resplendor - MG,1,2026-08-20 07:00:00.000000,SUB
Governador Valadares,cidade,São Félix de Minas - MG,1,2026-08-20 07:00:00.000000,SUB
Governador Valadares,cidade,São Mateus - ES,1,2026-08-20 07:00:00.000000,SUB
Ipatinga,tipo,Pública Estadual,31,2026-08-20 07:00:00.000000,SUB
Ipatinga,tipo,Privada,1,2026-08-20 07:00:00.000000,SUB
Ipatinga,tipo,Pública Municipal,1,2026-08-20 07:00:00.000000,SUB
Ipatinga,tipo,Pública Federal,1,2026-08-20 07:00:00.000000,SUB
Ipatinga,area,Urbana,33,2026-08-20 07:00:00.000000,SUB
Ipatinga,area,Rural,1,2026-08-20 07:00:00.000000,SUB
Ipatinga,cidade,Ipatinga - MG,10,2026-08-20 07:00:00.000000,SUB
Ipatinga,cidade,Coronel Fabriciano - MG,4,2026-08-20 07:00:00.000000,SUB
Ipatinga,cidade,Timóteo - MG,3,2026-08-20 07:00:00.000000,SUB
Ipatinga,cidade,Santana do Paraíso - MG,3,2026-08-20 07:00:00.000000,SUB
Ipatinga,cidade,Carlos Chagas - MG,1,2026-08-20 07:00:00.000000,SUB
Ipatinga,cidade,Dores de Guanhães - MG,1,2026-08-20 07:00:00.000000,SUB
Ipatinga,cidade,Mesquita - MG,1,2026-08-20 07:00:00.000000,SUB
Ipatinga,cidade,Pingo-d'Água - MG,1,2026-08-20 07:00:00.000000,SUB
Ipatinga,cidade,Salvador - BA,1,2026-08-20 07:00:00.000000,SUB
Ipatinga,cidade,Outra - OU,1,2026-08-20 07:00:00.000000,SUB
Ipatinga,cidade,Araçuaí - MG,1,2026-08-20 07:00:00.000000,SUB
Ipatinga,cidade,Bom Jesus do Galho - MG,1,2026-08-20 07:00:00.000000,SUB
Ipatinga,cidade,Iapu - MG,1,2026-08-20 07:00:00.000000,SUB
Ipatinga,cidade,Itaobim - MG,1,2026-08-20 07:00:00.000000,SUB
Ipatinga,cidade,Pavão - MG,1,2026-08-20 07:00:00.000000,SUB
Ouro Preto,tipo,Pública Estadual,69,2026-08-20 07:00:00.000000,SUB
Ouro Preto,tipo,Privada,14,2026-08-20 07:00:00.000000,SUB
Ouro Preto,tipo,Pública Federal,5,2026-08-20 07:00:00.000000,SUB
Ouro Preto,tipo,Pública Municipal,1,2026-08-20 07:00:00.000000,SUB
Ouro Preto,area,Urbana,89,2026-08-20 07:00:00.000000,SUB
Ouro Preto,cidade,Ouro Preto - MG,34,2026-08-20 07:00:00.000000,SUB
Ouro Preto,cidade,Mariana - MG,10,2026-08-20 07:00:00.000000,SUB
Ouro Preto,cidade,Belo Horizonte - MG,4,2026-08-20 07:00:00.000000,SUB
Ouro Preto,cidade,Outra - OU,4,2026-08-20 07:00:00.000000,SUB
Ouro Preto,cidade,Catas Altas - MG,3,2026-08-20 07:00:00.000000,SUB
Ouro Preto,cidade,Congonhas - MG,2,2026-08-20 07:00:00.000000,SUB
Ouro Preto,cidade,Salvador - BA,2,2026-08-20 07:00:00.000000,SUB
Ouro Preto,cidade,Itabirito - MG,2,2026-08-20 07:00:00.000000,SUB
Ouro Preto,cidade,Muriaé - MG,2,2026-08-20 07:00:00.000000,SUB
Ouro Preto,cidade,Santana - BA,1,2026-08-20 07:00:00.000000,SUB
Ouro Preto,cidade,Ouro Branco - MG,1,2026-08-20 07:00:00.000000,SUB
Ouro Preto,cidade,Padre Paraíso - MG,1,2026-08-20 07:00:00.000000,SUB
Ouro Preto,cidade,Carmo do Rio Claro - MG,1,2026-08-20 07:00:00.000000,SUB
Ouro Preto,cidade,Rodeiro - MG,1,2026-08-20 07:00:00.000000,SUB
Ouro Preto,cidade,Urucânia - MG,1,2026-08-20 07:00:00.000000,SUB
Piumhi,tipo,Pública Estadual,36,2026-08-20 07:00:00.000000,SUB
Piumhi,tipo,Privada,5,2026-08-20 07:00:00.000000,SUB
Piumhi,tipo,Pública Federal,3,2026-08-20 07:00:00.000000,SUB
Piumhi,area,Urbana,43,2026-08-20 07:00:00.000000,SUB
Piumhi,area,Rural,1,2026-08-20 07:00:00.000000,SUB
Piumhi,cidade,Piumhi - MG,24,2026-08-20 07:00:00.000000,SUB
Piumhi,cidade,Pimenta - MG,5,2026-08-20 07:00:00.000000,SUB
Piumhi,cidade,São Roque de Minas - MG,2,2026-08-20 07:00:00.000000,SUB
Piumhi,cidade,Franca - SP,2,2026-08-20 07:00:00.000000,SUB
Piumhi,cidade,Doresópolis - MG,2,2026-08-20 07:00:00.000000,SUB
Piumhi,cidade,Outra - OU,1,2026-08-20 07:00:00.000000,SUB
Piumhi,cidade,Icó - CE,1,2026-08-20 07:00:00.000000,SUB
Piumhi,cidade,Arcos - MG,1,2026-08-20 07:00:00.000000,SUB
Piumhi,cidade,Belo Horizonte - MG,1,2026-08-20 07:00:00.000000,SUB
Piumhi,cidade,São Francisco - MG,1,2026-08-20 07:00:00.000000,SUB
Piumhi,cidade,Vargem Bonita - MG,1,2026-08-20 07:00:00.000000,SUB
Piumhi,cidade,Rio Verde - GO,1,2026-08-20 07:00:00.000000,SUB
Piumhi,cidade,Ibicuí - BA,1,2026-08-20 07:00:00.000000,SUB
Piumhi,cidade,Bambuí - MG,1,2026-08-20 07:00:00.000000,SUB
Ribeirão das Neves,tipo,Pública Estadual,141,2026-08-20 07:00:00.000000,SUB
Ribeirão das Neves,tipo,Privada,23,2026-08-20 07:00:00.000000,SUB
Ribeirão das Neves,tipo,Pública Federal,9,2026-08-20 07:00:00.000000,SUB
Ribeirão das Neves,tipo,Pública Municipal,1,2026-08-20 07:00:00.000000,SUB
Ribeirão das Neves,area,Urbana,171,2026-08-20 07:00:00.000000,SUB
Ribeirão das Neves,area,Rural,3,2026-08-20 07:00:00.000000,SUB
Ribeirão das Neves,cidade,Ribeirão das Neves - MG,20,2026-08-20 07:00:00.000000,SUB
Ribeirão das Neves,cidade,Belo Horizonte - MG,19,2026-08-20 07:00:00.000000,SUB
Ribeirão das Neves,cidade,Outra - OU,12,2026-08-20 07:00:00.000000,SUB
Ribeirão das Neves,cidade,Contagem - MG,8,2026-08-20 07:00:00.000000,SUB
Ribeirão das Neves,cidade,Campos dos Goytacazes - RJ,3,2026-08-20 07:00:00.000000,SUB
Ribeirão das Neves,cidade,Salvador - BA,3,2026-08-20 07:00:00.000000,SUB
Ribeirão das Neves,cidade,Vila Velha - ES,2,2026-08-20 07:00:00.000000,SUB
Ribeirão das Neves,cidade,Betim - MG,2,2026-08-20 07:00:00.000000,SUB
Ribeirão das Neves,cidade,Cataguases - MG,2,2026-08-20 07:00:00.000000,SUB
Ribeirão das Neves,cidade,Volta Redonda - RJ,2,2026-08-20 07:00:00.000000,SUB
Ribeirão das Neves,cidade,Vespasiano - MG,2,2026-08-20 07:00:00.000000,SUB
Ribeirão das Neves,cidade,São Paulo - SP,2,2026-08-20 07:00:00.000000,SUB
Ribeirão das Neves,cidade,Itaobim - MG,2,2026-08-20 07:00:00.000000,SUB
Ribeirão das Neves,cidade,Matozinhos - MG,2,2026-08-20 07:00:00.000000,SUB
Ribeirão das Neves,cidade,São Bernardo do Campo - SP,2,2026-08-20 07:00:00.000000,SUB
Santa Luzia,tipo,Pública Estadual,75,2026-08-20 07:00:00.000000,SUB
Santa Luzia,tipo,Privada,14,2026-08-20 07:00:00.000000,SUB
Santa Luzia,tipo,Pública Federal,6,2026-08-20 07:00:00.000000,SUB
Santa Luzia,tipo,Pública Municipal,1,2026-08-20 07:00:00.000000,SUB
Santa Luzia,area,Urbana,95,2026-08-20 07:00:00.000000,SUB
Santa Luzia,area,Rural,1,2026-08-20 07:00:00.000000,SUB
Santa Luzia,cidade,Santa Luzia - MG,36,2026-08-20 07:00:00.000000,SUB
Santa Luzia,cidade,Belo Horizonte - MG,17,2026-08-20 07:00:00.000000,SUB
Santa Luzia,cidade,Outra - OU,6,2026-08-20 07:00:00.000000,SUB
Santa Luzia,cidade,Betim - MG,2,2026-08-20 07:00:00.000000,SUB
Santa Luzia,cidade,São Paulo - SP,2,2026-08-20 07:00:00.000000,SUB
Santa Luzia,cidade,Contagem - MG,2,2026-08-20 07:00:00.000000,SUB
Santa Luzia,cidade,Sabará - MG,2,2026-08-20 07:00:00.000000,SUB
Santa Luzia,cidade,Várzea da Palma - MG,1,2026-08-20 07:00:00.000000,SUB
Santa Luzia,cidade,Corinto - MG,1,2026-08-20 07:00:00.000000,SUB
Santa Luzia,cidade,Duque de Caxias - RJ,1,2026-08-20 07:00:00.000000,SUB
Santa Luzia,cidade,Eugenópolis - MG,1,2026-08-20 07:00:00.000000,SUB
Santa Luzia,cidade,Boituva - SP,1,2026-08-20 07:00:00.000000,SUB
Santa Luzia,cidade,Jequitinhonha - MG,1,2026-08-20 07:00:00.000000,SUB
Santa Luzia,cidade,Manaus - AM,1,2026-08-20 07:00:00.000000,SUB
Santa Luzia,cidade,Pará de Minas - MG,1,2026-08-20 07:00:00.000000,SUB
Todas as unidades,tipo,Pública Estadual,1418,2026-08-20 07:00:00.000000,SUP
Todas as unidades,tipo,Pública Federal,278,2026-08-20 07:00:00.000000,SUP
Todas as unidades,tipo,Privada,228,2026-08-20 07:00:00.000000,SUP
Todas as unidades,tipo,Pública Municipal,45,2026-08-20 07:00:00.000000,SUP
Todas as unidades,area,Urbana,1898,2026-08-20 07:00:00.000000,SUP
Todas as unidades,area,Rural,71,2026-08-20 07:00:00.000000,SUP
Todas as unidades,cidade,Belo Horizonte - MG,222,2026-08-20 07:00:00.000000,SUP
Todas as unidades,cidade,Ribeirão das Neves - MG,111,2026-08-20 07:00:00.000000,SUP
Todas as unidades,cidade,Ouro Branco - MG,108,2026-08-20 07:00:00.000000,SUP
Todas as unidades,cidade,Betim - MG,99,2026-08-20 07:00:00.000000,SUP
Todas as unidades,cidade,Arcos - MG,87,2026-08-20 07:00:00.000000,SUP
Todas as unidades,cidade,Formiga - MG,81,2026-08-20 07:00:00.000000,SUP
Todas as unidades,cidade,Bambuí - MG,79,2026-08-20 07:00:00.000000,SUP
Todas as unidades,cidade,Sabará - MG,77,2026-08-20 07:00:00.000000,SUP
Todas as unidades,cidade,Congonhas - MG,63,2026-08-20 07:00:00.000000,SUP
Todas as unidades,cidade,Santa Luzia - MG,59,2026-08-20 07:00:00.000000,SUP
Todas as unidades,cidade,Outra - OU,59,2026-08-20 07:00:00.000000,SUP
Todas as unidades,cidade,Governador Valadares - MG,57,2026-08-20 07:00:00.000000,SUP
Todas as unidades,cidade,Contagem - MG,54,2026-08-20 07:00:00.000000,SUP
Todas as unidades,cidade,Ouro Preto - MG,46,2026-08-20 07:00:00.000000,SUP
Todas as unidades,cidade,Conselheiro Lafaiete - MG,45,2026-08-20 07:00:00.000000,SUP
Arcos,tipo,Pública Estadual,111,2026-08-20 07:00:00.000000,SUP
Arcos,tipo,Privada,20,2026-08-20 07:00:00.000000,SUP
Arcos,tipo,Pública Federal,18,2026-08-20 07:00:00.000000,SUP
Arcos,tipo,Pública Municipal,1,2026-08-20 07:00:00.000000,SUP
Arcos,area,Urbana,145,2026-08-20 07:00:00.000000,SUP
Arcos,area,Rural,5,2026-08-20 07:00:00.000000,SUP
Arcos,cidade,Arcos - MG,67,2026-08-20 07:00:00.000000,SUP
Arcos,cidade,Formiga - MG,14,2026-08-20 07:00:00.000000,SUP
Arcos,cidade,Iguatama - MG,8,2026-08-20 07:00:00.000000,SUP
Arcos,cidade,Lagoa da Prata - MG,6,2026-08-20 07:00:00.000000,SUP
Arcos,cidade,Bambuí - MG,5,2026-08-20 07:00:00.000000,SUP
Arcos,cidade,Belo Horizonte - MG,4,2026-08-20 07:00:00.000000,SUP
Arcos,cidade,Outra - OU,4,2026-08-20 07:00:00.000000,SUP
Arcos,cidade,Piumhi - MG,3,2026-08-20 07:00:00.000000,SUP
Arcos,cidade,Manaus - AM,2,2026-08-20 07:00:00.000000,SUP
Arcos,cidade,Contagem - MG,2,2026-08-20 07:00:00.000000,SUP
Arcos,cidade,Florestal - MG,2,2026-08-20 07:00:00.000000,SUP
Arcos,cidade,Pains - MG,2,2026-08-20 07:00:00.000000,SUP
Arcos,cidade,Capitão Enéas - MG,1,2026-08-20 07:00:00.000000,SUP
Arcos,cidade,Pouso Alegre - MG,1,2026-08-20 07:00:00.000000,SUP
Arcos,cidade,Córrego Fundo - MG,1,2026-08-20 07:00:00.000000,SUP
Bambuí,tipo,Pública Estadual,120,2026-08-20 07:00:00.000000,SUP
Bambuí,tipo,Pública Federal,52,2026-08-20 07:00:00.000000,SUP
Bambuí,tipo,Privada,29,2026-08-20 07:00:00.000000,SUP
Bambuí,tipo,Pública Municipal,6,2026-08-20 07:00:00.000000,SUP
Bambuí,area,Urbana,165,2026-08-20 07:00:00.000000,SUP
Bambuí,area,Rural,42,2026-08-20 07:00:00.000000,SUP
Bambuí,cidade,Bambuí - MG,72,2026-08-20 07:00:00.000000,SUP
Bambuí,cidade,Belo Horizonte - MG,10,2026-08-20 07:00:00.000000,SUP
Bambuí,cidade,Piumhi - MG,10,2026-08-20 07:00:00.000000,SUP
Bambuí,cidade,Arcos - MG,7,2026-08-20 07:00:00.000000,SUP
Bambuí,cidade,Divinópolis - MG,7,2026-08-20 07:00:00.000000,SUP
Bambuí,cidade,Lagoa da Prata - MG,7,2026-08-20 07:00:00.000000,SUP
Bambuí,cidade,Medeiros - MG,5,2026-08-20 07:00:00.000000,SUP
Bambuí,cidade,Araxá - MG,5,2026-08-20 07:00:00.000000,SUP
Bambuí,cidade,Dores do Indaiá - MG,5,2026-08-20 07:00:00.000000,SUP
Bambuí,cidade,Ipatinga - MG,4,2026-08-20 07:00:00.000000,SUP
Bambuí,cidade,Luz - MG,4,2026-08-20 07:00:00.000000,SUP
Bambuí,cidade,Bom Despacho - MG,3,2026-08-20 07:00:00.000000,SUP
Bambuí,cidade,Carmópolis de Minas - MG,3,2026-08-20 07:00:00.000000,SUP
Bambuí,cidade,Betim - MG,3,2026-08-20 07:00:00.000000,SUP
Bambuí,cidade,Outra - OU,3,2026-08-20 07:00:00.000000,SUP
Betim,tipo,Pública Estadual,116,2026-08-20 07:00:00.000000,SUP
Betim,tipo,Pública Federal,34,2026-08-20 07:00:00.000000,SUP
Betim,tipo,Privada,24,2026-08-20 07:00:00.000000,SUP
Betim,tipo,Pública Municipal,5,2026-08-20 07:00:00.000000,SUP
Betim,area,Urbana,175,2026-08-20 07:00:00.000000,SUP
Betim,area,Rural,4,2026-08-20 07:00:00.000000,SUP
Betim,cidade,Betim - MG,85,2026-08-20 07:00:00.000000,SUP
Betim,cidade,Contagem - MG,31,2026-08-20 07:00:00.000000,SUP
Betim,cidade,Belo Horizonte - MG,15,2026-08-20 07:00:00.000000,SUP
Betim,cidade,Outra - OU,9,2026-08-20 07:00:00.000000,SUP
Betim,cidade,Ibirité - MG,6,2026-08-20 07:00:00.000000,SUP
Betim,cidade,Igarapé - MG,3,2026-08-20 07:00:00.000000,SUP
Betim,cidade,Sarzedo - MG,3,2026-08-20 07:00:00.000000,SUP
Betim,cidade,Mateus Leme - MG,2,2026-08-20 07:00:00.000000,SUP
Betim,cidade,São Joaquim de Bicas - MG,2,2026-08-20 07:00:00.000000,SUP
Betim,cidade,Galiléia - MG,1,2026-08-20 07:00:00.000000,SUP
Betim,cidade,Sumaré - SP,1,2026-08-20 07:00:00.000000,SUP
Betim,cidade,São Domingos do Capim - PA,1,2026-08-20 07:00:00.000000,SUP
Betim,cidade,Bambuí - MG,1,2026-08-20 07:00:00.000000,SUP
Betim,cidade,Montes Claros - MG,1,2026-08-20 07:00:00.000000,SUP
Betim,cidade,Piracema - MG,1,2026-08-20 07:00:00.000000,SUP
Congonhas,tipo,Pública Estadual,68,2026-08-20 07:00:00.000000,SUP
Congonhas,tipo,Pública Federal,7,2026-08-20 07:00:00.000000,SUP
Congonhas,tipo,Privada,3,2026-08-20 07:00:00.000000,SUP
Congonhas,tipo,Pública Municipal,1,2026-08-20 07:00:00.000000,SUP
Congonhas,area,Urbana,79,2026-08-20 07:00:00.000000,SUP
Congonhas,cidade,Congonhas - MG,46,2026-08-20 07:00:00.000000,SUP
Congonhas,cidade,Conselheiro Lafaiete - MG,8,2026-08-20 07:00:00.000000,SUP
Congonhas,cidade,Belo Horizonte - MG,4,2026-08-20 07:00:00.000000,SUP
Congonhas,cidade,São Brás do Suaçuí - MG,3,2026-08-20 07:00:00.000000,SUP
Congonhas,cidade,Carandaí - MG,2,2026-08-20 07:00:00.000000,SUP
Congonhas,cidade,Entre Rios de Minas - MG,2,2026-08-20 07:00:00.000000,SUP
Congonhas,cidade,Jeceaba - MG,2,2026-08-20 07:00:00.000000,SUP
Congonhas,cidade,Pará de Minas - MG,1,2026-08-20 07:00:00.000000,SUP
Congonhas,cidade,Resende Costa - MG,1,2026-08-20 07:00:00.000000,SUP
Congonhas,cidade,Santos Dumont - MG,1,2026-08-20 07:00:00.000000,SUP
Congonhas,cidade,Belém - PA,1,2026-08-20 07:00:00.000000,SUP
Congonhas,cidade,Barrinha - SP,1,2026-08-20 07:00:00.000000,SUP
Congonhas,cidade,Belo Vale - MG,1,2026-08-20 07:00:00.000000,SUP
Congonhas,cidade,Curvelo - MG,1,2026-08-20 07:00:00.000000,SUP
Congonhas,cidade,Itaguara - MG,1,2026-08-20 07:00:00.000000,SUP
Formiga,tipo,Pública Estadual,73,2026-08-20 07:00:00.000000,SUP
Formiga,tipo,Pública Federal,21,2026-08-20 07:00:00.000000,SUP
Formiga,tipo,Privada,15,2026-08-20 07:00:00.000000,SUP
Formiga,tipo,Pública Municipal,1,2026-08-20 07:00:00.000000,SUP
Formiga,area,Urbana,108,2026-08-20 07:00:00.000000,SUP
Formiga,area,Rural,2,2026-08-20 07:00:00.000000,SUP
Formiga,cidade,Formiga - MG,63,2026-08-20 07:00:00.000000,SUP
Formiga,cidade,Arcos - MG,13,2026-08-20 07:00:00.000000,SUP
Formiga,cidade,Lagoa da Prata - MG,5,2026-08-20 07:00:00.000000,SUP
Formiga,cidade,Salvador - BA,2,2026-08-20 07:00:00.000000,SUP
Formiga,cidade,São Paulo - SP,2,2026-08-20 07:00:00.000000,SUP
Formiga,cidade,Campo Belo - MG,2,2026-08-20 07:00:00.000000,SUP
Formiga,cidade,Rio de Janeiro - RJ,2,2026-08-20 07:00:00.000000,SUP
Formiga,cidade,Córrego Fundo - MG,2,2026-08-20 07:00:00.000000,SUP
Formiga,cidade,Oliveira - MG,1,2026-08-20 07:00:00.000000,SUP
Formiga,cidade,Pedra do Indaiá - MG,1,2026-08-20 07:00:00.000000,SUP
Formiga,cidade,Piumhi - MG,1,2026-08-20 07:00:00.000000,SUP
Formiga,cidade,Belo Horizonte - MG,1,2026-08-20 07:00:00.000000,SUP
Formiga,cidade,São João Evangelista - MG,1,2026-08-20 07:00:00.000000,SUP
Formiga,cidade,Capitólio - MG,1,2026-08-20 07:00:00.000000,SUP
Formiga,cidade,Guarapari - ES,1,2026-08-20 07:00:00.000000,SUP
Governador Valadares,tipo,Pública Estadual,87,2026-08-20 07:00:00.000000,SUP
Governador Valadares,tipo,Privada,8,2026-08-20 07:00:00.000000,SUP
Governador Valadares,tipo,Pública Federal,7,2026-08-20 07:00:00.000000,SUP
Governador Valadares,tipo,Pública Municipal,3,2026-08-20 07:00:00.000000,SUP
Governador Valadares,area,Urbana,105,2026-08-20 07:00:00.000000,SUP
Governador Valadares,cidade,Governador Valadares - MG,55,2026-08-20 07:00:00.000000,SUP
Governador Valadares,cidade,Frei Inocêncio - MG,3,2026-08-20 07:00:00.000000,SUP
Governador Valadares,cidade,Coroaci - MG,2,2026-08-20 07:00:00.000000,SUP
Governador Valadares,cidade,São Paulo - SP,2,2026-08-20 07:00:00.000000,SUP
Governador Valadares,cidade,Águas Formosas - MG,2,2026-08-20 07:00:00.000000,SUP
Governador Valadares,cidade,Outra - OU,2,2026-08-20 07:00:00.000000,SUP
Governador Valadares,cidade,Palmas - TO,1,2026-08-20 07:00:00.000000,SUP
Governador Valadares,cidade,Guarapari - ES,1,2026-08-20 07:00:00.000000,SUP
Governador Valadares,cidade,Entre Rios de Minas - MG,1,2026-08-20 07:00:00.000000,SUP
Governador Valadares,cidade,Natal - RN,1,2026-08-20 07:00:00.000000,SUP
Governador Valadares,cidade,Maricá - RJ,1,2026-08-20 07:00:00.000000,SUP
Governador Valadares,cidade,Gonzaga - MG,1,2026-08-20 07:00:00.000000,SUP
Governador Valadares,cidade,Canarana - BA,1,2026-08-20 07:00:00.000000,SUP
Governador Valadares,cidade,Araquari - SC,1,2026-08-20 07:00:00.000000,SUP
Governador Valadares,cidade,Guanhães - MG,1,2026-08-20 07:00:00.000000,SUP
Ibirité,tipo,Pública Estadual,58,2026-08-20 07:00:00.000000,SUP
Ibirité,tipo,Privada,32,2026-08-20 07:00:00.000000,SUP
Ibirité,tipo,Pública Federal,19,2026-08-20 07:00:00.000000,SUP
Ibirité,tipo,Pública Municipal,4,2026-08-20 07:00:00.000000,SUP
Ibirité,area,Urbana,113,2026-08-20 07:00:00.000000,SUP
Ibirité,cidade,Belo Horizonte - MG,38,2026-08-20 07:00:00.000000,SUP
Ibirité,cidade,Ibirité - MG,38,2026-08-20 07:00:00.000000,SUP
Ibirité,cidade,Outra - OU,10,2026-08-20 07:00:00.000000,SUP
Ibirité,cidade,Contagem - MG,7,2026-08-20 07:00:00.000000,SUP
Ibirité,cidade,Betim - MG,5,2026-08-20 07:00:00.000000,SUP
Ibirité,cidade,Sarzedo - MG,3,2026-08-20 07:00:00.000000,SUP
Ibirité,cidade,Nova Serrana - MG,1,2026-08-20 07:00:00.000000,SUP
Ibirité,cidade,Ribeirão das Neves - MG,1,2026-08-20 07:00:00.000000,SUP
Ibirité,cidade,Urucânia - MG,1,2026-08-20 07:00:00.000000,SUP
Ibirité,cidade,Capim Branco - MG,1,2026-08-20 07:00:00.000000,SUP
Ibirité,cidade,Itabira - MG,1,2026-08-20 07:00:00.000000,SUP
Ibirité,cidade,Juiz de Fora - MG,1,2026-08-20 07:00:00.000000,SUP
Ibirité,cidade,Nepomuceno - MG,1,2026-08-20 07:00:00.000000,SUP
Ibirité,cidade,Pedro Leopoldo - MG,1,2026-08-20 07:00:00.000000,SUP
Ibirité,cidade,Brasília - DF,1,2026-08-20 07:00:00.000000,SUP
Ipatinga,tipo,Pública Estadual,37,2026-08-20 07:00:00.000000,SUP
Ipatinga,tipo,Pública Federal,7,2026-08-20 07:00:00.000000,SUP
Ipatinga,tipo,Privada,5,2026-08-20 07:00:00.000000,SUP
Ipatinga,area,Urbana,49,2026-08-20 07:00:00.000000,SUP
Ipatinga,cidade,Ipatinga - MG,21,2026-08-20 07:00:00.000000,SUP
Ipatinga,cidade,Coronel Fabriciano - MG,5,2026-08-20 07:00:00.000000,SUP
Ipatinga,cidade,Timóteo - MG,4,2026-08-20 07:00:00.000000,SUP
Ipatinga,cidade,Santana do Paraíso - MG,4,2026-08-20 07:00:00.000000,SUP
Ipatinga,cidade,Iapu - MG,2,2026-08-20 07:00:00.000000,SUP
Ipatinga,cidade,Outra - OU,2,2026-08-20 07:00:00.000000,SUP
Ipatinga,cidade,Santa Rita do Itueto - MG,1,2026-08-20 07:00:00.000000,SUP
Ipatinga,cidade,Santo Antônio dos Lopes - MA,1,2026-08-20 07:00:00.000000,SUP
Ipatinga,cidade,Belo Horizonte - MG,1,2026-08-20 07:00:00.000000,SUP
Ipatinga,cidade,Caratinga - MG,1,2026-08-20 07:00:00.000000,SUP
Ipatinga,cidade,Joanésia - MG,1,2026-08-20 07:00:00.000000,SUP
Ipatinga,cidade,Nova Era - MG,1,2026-08-20 07:00:00.000000,SUP
Ipatinga,cidade,Teófilo Otoni - MG,1,2026-08-20 07:00:00.000000,SUP
Ipatinga,cidade,Barbacena - MG,1,2026-08-20 07:00:00.000000,SUP
Ipatinga,cidade,Betim - MG,1,2026-08-20 07:00:00.000000,SUP
Itabirito,tipo,Pública Estadual,18,2026-08-20 07:00:00.000000,SUP
Itabirito,tipo,Pública Federal,12,2026-08-20 07:00:00.000000,SUP
Itabirito,tipo,Privada,2,2026-08-20 07:00:00.000000,SUP
Itabirito,area,Urbana,31,2026-08-20 07:00:00.000000,SUP
Itabirito,area,Rural,1,2026-08-20 07:00:00.000000,SUP
Itabirito,cidade,Itabirito - MG,20,2026-08-20 07:00:00.000000,SUP
Itabirito,cidade,Ouro Preto - MG,3,2026-08-20 07:00:00.000000,SUP
Itabirito,cidade,Contagem - MG,1,2026-08-20 07:00:00.000000,SUP
Itabirito,cidade,Nova Lima - MG,1,2026-08-20 07:00:00.000000,SUP
Itabirito,cidade,Ponte Nova - MG,1,2026-08-20 07:00:00.000000,SUP
Itabirito,cidade,Curionópolis - PA,1,2026-08-20 07:00:00.000000,SUP
Itabirito,cidade,Campo Formoso - BA,1,2026-08-20 07:00:00.000000,SUP
Itabirito,cidade,Conselheiro Lafaiete - MG,1,2026-08-20 07:00:00.000000,SUP
Itabirito,cidade,Outra - OU,1,2026-08-20 07:00:00.000000,SUP
Itabirito,cidade,Tutóia - MA,1,2026-08-20 07:00:00.000000,SUP
Itabirito,cidade,Barra Longa - MG,1,2026-08-20 07:00:00.000000,SUP
Ouro Branco,tipo,Pública Estadual,172,2026-08-20 07:00:00.000000,SUP
Ouro Branco,tipo,Pública Federal,32,2026-08-20 07:00:00.000000,SUP
Ouro Branco,tipo,Privada,14,2026-08-20 07:00:00.000000,SUP
Ouro Branco,tipo,Pública Municipal,5,2026-08-20 07:00:00.000000,SUP
Ouro Branco,area,Urbana,222,2026-08-20 07:00:00.000000,SUP
Ouro Branco,area,Rural,1,2026-08-20 07:00:00.000000,SUP
Ouro Branco,cidade,Ouro Branco - MG,106,2026-08-20 07:00:00.000000,SUP
Ouro Branco,cidade,Conselheiro Lafaiete - MG,36,2026-08-20 07:00:00.000000,SUP
Ouro Branco,cidade,Congonhas - MG,15,2026-08-20 07:00:00.000000,SUP
Ouro Branco,cidade,Outra - OU,5,2026-08-20 07:00:00.000000,SUP
Ouro Branco,cidade,Ouro Preto - MG,5,2026-08-20 07:00:00.000000,SUP
Ouro Branco,cidade,Belo Horizonte - MG,3,2026-08-20 07:00:00.000000,SUP
Ouro Branco,cidade,Nova Lima - MG,3,2026-08-20 07:00:00.000000,SUP
Ouro Branco,cidade,Caranaíba - MG,2,2026-08-20 07:00:00.000000,SUP
Ouro Branco,cidade,Entre Rios de Minas - MG,2,2026-08-20 07:00:00.000000,SUP
Ouro Branco,cidade,Barbacena - MG,2,2026-08-20 07:00:00.000000,SUP
Ouro Branco,cidade,São Paulo - SP,2,2026-08-20 07:00:00.000000,SUP
Ouro Branco,cidade,Mariana - MG,2,2026-08-20 07:00:00.000000,SUP
Ouro Branco,cidade,Belo Vale - MG,1,2026-08-20 07:00:00.000000,SUP
Ouro Branco,cidade,Carapicuíba - SP,1,2026-08-20 07:00:00.000000,SUP
Ouro Branco,cidade,Montes Claros - MG,1,2026-08-20 07:00:00.000000,SUP
Ouro Preto,tipo,Pública Estadual,53,2026-08-20 07:00:00.000000,SUP
Ouro Preto,tipo,Pública Federal,12,2026-08-20 07:00:00.000000,SUP
Ouro Preto,tipo,Privada,6,2026-08-20 07:00:00.000000,SUP
Ouro Preto,area,Urbana,71,2026-08-20 07:00:00.000000,SUP
Ouro Preto,cidade,Ouro Preto - MG,37,2026-08-20 07:00:00.000000,SUP
Ouro Preto,cidade,Mariana - MG,6,2026-08-20 07:00:00.000000,SUP
Ouro Preto,cidade,Belo Horizonte - MG,3,2026-08-20 07:00:00.000000,SUP
Ouro Preto,cidade,São Luís - MA,2,2026-08-20 07:00:00.000000,SUP
Ouro Preto,cidade,Ouro Branco - MG,1,2026-08-20 07:00:00.000000,SUP
Ouro Preto,cidade,Padre Paraíso - MG,1,2026-08-20 07:00:00.000000,SUP
Ouro Preto,cidade,Rio Piracicaba - MG,1,2026-08-20 07:00:00.000000,SUP
Ouro Preto,cidade,Porto Velho - RO,1,2026-08-20 07:00:00.000000,SUP
Ouro Preto,cidade,São João del Rei - MG,1,2026-08-20 07:00:00.000000,SUP
Ouro Preto,cidade,Laranjal do Jari - AP,1,2026-08-20 07:00:00.000000,SUP
Ouro Preto,cidade,Guaçuí - ES,1,2026-08-20 07:00:00.000000,SUP
Ouro Preto,cidade,Carapicuíba - SP,1,2026-08-20 07:00:00.000000,SUP
Ouro Preto,cidade,São Gabriel - BA,1,2026-08-20 07:00:00.000000,SUP
Ouro Preto,cidade,São Bernardo do Campo - SP,1,2026-08-20 07:00:00.000000,SUP
Ouro Preto,cidade,Congonhas - MG,1,2026-08-20 07:00:00.000000,SUP
Piumhi,tipo,Pública Estadual,7,2026-08-20 07:00:00.000000,SUP
Piumhi,tipo,Pública Federal,1,2026-08-20 07:00:00.000000,SUP
Piumhi,tipo,Pública Municipal,1,2026-08-20 07:00:00.000000,SUP
Piumhi,area,Urbana,8,2026-08-20 07:00:00.000000,SUP
Piumhi,area,Rural,1,2026-08-20 07:00:00.000000,SUP
Piumhi,cidade,Piumhi - MG,6,2026-08-20 07:00:00.000000,SUP
Piumhi,cidade,Belo Horizonte - MG,1,2026-08-20 07:00:00.000000,SUP
Piumhi,cidade,Lavras - MG,1,2026-08-20 07:00:00.000000,SUP
Piumhi,cidade,São João da Ponte - MG,1,2026-08-20 07:00:00.000000,SUP
Ponte Nova,tipo,Pública Estadual,24,2026-08-20 07:00:00.000000,SUP
Ponte Nova,tipo,Privada,1,2026-08-20 07:00:00.000000,SUP
Ponte Nova,tipo,Pública Federal,1,2026-08-20 07:00:00.000000,SUP
Ponte Nova,area,Urbana,26,2026-08-20 07:00:00.000000,SUP
Ponte Nova,cidade,Ponte Nova - MG,23,2026-08-20 07:00:00.000000,SUP
Ponte Nova,cidade,Amparo do Serra - MG,1,2026-08-20 07:00:00.000000,SUP
Ponte Nova,cidade,Ouro Preto - MG,1,2026-08-20 07:00:00.000000,SUP
Ponte Nova,cidade,Santo Antônio do Grama - MG,1,2026-08-20 07:00:00.000000,SUP
Ribeirão das Neves,tipo,Pública Estadual,138,2026-08-20 07:00:00.000000,SUP
Ribeirão das Neves,tipo,Privada,14,2026-08-20 07:00:00.000000,SUP
Ribeirão das Neves,tipo,Pública Federal,9,2026-08-20 07:00:00.000000,SUP
Ribeirão das Neves,tipo,Pública Municipal,3,2026-08-20 07:00:00.000000,SUP
Ribeirão das Neves,area,Urbana,164,2026-08-20 07:00:00.000000,SUP
Ribeirão das Neves,cidade,Ribeirão das Neves - MG,100,2026-08-20 07:00:00.000000,SUP
Ribeirão das Neves,cidade,Belo Horizonte - MG,32,2026-08-20 07:00:00.000000,SUP
Ribeirão das Neves,cidade,Esmeraldas - MG,7,2026-08-20 07:00:00.000000,SUP
Ribeirão das Neves,cidade,Contagem - MG,6,2026-08-20 07:00:00.000000,SUP
Ribeirão das Neves,cidade,Outra - OU,4,2026-08-20 07:00:00.000000,SUP
Ribeirão das Neves,cidade,Sete Lagoas - MG,2,2026-08-20 07:00:00.000000,SUP
Ribeirão das Neves,cidade,Vespasiano - MG,2,2026-08-20 07:00:00.000000,SUP
Ribeirão das Neves,cidade,Montes Claros - MG,1,2026-08-20 07:00:00.000000,SUP
Ribeirão das Neves,cidade,Rio Pomba - MG,1,2026-08-20 07:00:00.000000,SUP
Ribeirão das Neves,cidade,Vitória - ES,1,2026-08-20 07:00:00.000000,SUP
Ribeirão das Neves,cidade,São Luís - MA,1,2026-08-20 07:00:00.000000,SUP
Ribeirão das Neves,cidade,Catas Altas - MG,1,2026-08-20 07:00:00.000000,SUP
Ribeirão das Neves,cidade,Lagoa Santa - MG,1,2026-08-20 07:00:00.000000,SUP
Ribeirão das Neves,cidade,Santa Luzia - MG,1,2026-08-20 07:00:00.000000,SUP
Ribeirão das Neves,cidade,Tangará da Serra - MT,1,2026-08-20 07:00:00.000000,SUP
Sabará,tipo,Pública Estadual,130,2026-08-20 07:00:00.000000,SUP
Sabará,tipo,Privada,27,2026-08-20 07:00:00.000000,SUP
Sabará,tipo,Pública Federal,17,2026-08-20 07:00:00.000000,SUP
Sabará,tipo,Pública Municipal,7,2026-08-20 07:00:00.000000,SUP
Sabará,area,Urbana,178,2026-08-20 07:00:00.000000,SUP
Sabará,area,Rural,3,2026-08-20 07:00:00.000000,SUP
Sabará,cidade,Belo Horizonte - MG,71,2026-08-20 07:00:00.000000,SUP
Sabará,cidade,Sabará - MG,70,2026-08-20 07:00:00.000000,SUP
Sabará,cidade,Santa Luzia - MG,5,2026-08-20 07:00:00.000000,SUP
Sabará,cidade,Caeté - MG,4,2026-08-20 07:00:00.000000,SUP
Sabará,cidade,Outra - OU,4,2026-08-20 07:00:00.000000,SUP
Sabará,cidade,Ribeirão das Neves - MG,2,2026-08-20 07:00:00.000000,SUP
Sabará,cidade,Contagem - MG,2,2026-08-20 07:00:00.000000,SUP
Sabará,cidade,Divinópolis - MG,2,2026-08-20 07:00:00.000000,SUP
Sabará,cidade,Juiz de Fora - MG,1,2026-08-20 07:00:00.000000,SUP
Sabará,cidade,Barcarena - PA,1,2026-08-20 07:00:00.000000,SUP
Sabará,cidade,Uruará - PA,1,2026-08-20 07:00:00.000000,SUP
Sabará,cidade,São Pedro dos Ferros - MG,1,2026-08-20 07:00:00.000000,SUP
Sabará,cidade,Canavieiras - BA,1,2026-08-20 07:00:00.000000,SUP
Sabará,cidade,Timóteo - MG,1,2026-08-20 07:00:00.000000,SUP
Sabará,cidade,Cariacica - ES,1,2026-08-20 07:00:00.000000,SUP
Santa Luzia,tipo,Pública Estadual,102,2026-08-20 07:00:00.000000,SUP
Santa Luzia,tipo,Privada,25,2026-08-20 07:00:00.000000,SUP
Santa Luzia,tipo,Pública Federal,19,2026-08-20 07:00:00.000000,SUP
Santa Luzia,tipo,Pública Municipal,8,2026-08-20 07:00:00.000000,SUP
Santa Luzia,area,Urbana,153,2026-08-20 07:00:00.000000,SUP
Santa Luzia,area,Rural,1,2026-08-20 07:00:00.000000,SUP
Santa Luzia,cidade,Santa Luzia - MG,51,2026-08-20 07:00:00.000000,SUP
Santa Luzia,cidade,Belo Horizonte - MG,37,2026-08-20 07:00:00.000000,SUP
Santa Luzia,cidade,Outra - OU,11,2026-08-20 07:00:00.000000,SUP
Santa Luzia,cidade,Ribeirão das Neves - MG,7,2026-08-20 07:00:00.000000,SUP
Santa Luzia,cidade,Vespasiano - MG,5,2026-08-20 07:00:00.000000,SUP
Santa Luzia,cidade,Sabará - MG,3,2026-08-20 07:00:00.000000,SUP
Santa Luzia,cidade,Betim - MG,2,2026-08-20 07:00:00.000000,SUP
Santa Luzia,cidade,Sete Lagoas - MG,2,2026-08-20 07:00:00.000000,SUP
Santa Luzia,cidade,Matozinhos - MG,2,2026-08-20 07:00:00.000000,SUP
Santa Luzia,cidade,Araxá - MG,2,2026-08-20 07:00:00.000000,SUP
Santa Luzia,cidade,Caeté - MG,1,2026-08-20 07:00:00.000000,SUP
Santa Luzia,cidade,Capelinha - MG,1,2026-08-20 07:00:00.000000,SUP
Santa Luzia,cidade,Serra Azul de Minas - MG,1,2026-08-20 07:00:00.000000,SUP
Santa Luzia,cidade,Contagem - MG,1,2026-08-20 07:00:00.000000,SUP
Santa Luzia,cidade,Manaus - AM,1,2026-08-20 07:00:00.000000,SUP
São João Evangelista,tipo,Pública Estadual,104,2026-08-20 07:00:00.000000,SUP
São João Evangelista,tipo,Pública Federal,10,2026-08-20 07:00:00.000000,SUP
São João Evangelista,tipo,Privada,3,2026-08-20 07:00:00.000000,SUP
São João Evangelista,area,Urbana,106,2026-08-20 07:00:00.000000,SUP
São João Evangelista,area,Rural,11,2026-08-20 07:00:00.000000,SUP
São João Evangelista,cidade,São João Evangelista - MG,31,2026-08-20 07:00:00.000000,SUP
São João Evangelista,cidade,Guanhães - MG,23,2026-08-20 07:00:00.000000,SUP
São João Evangelista,cidade,São Pedro do Suaçuí - MG,9,2026-08-20 07:00:00.000000,SUP
São João Evangelista,cidade,Peçanha - MG,7,2026-08-20 07:00:00.000000,SUP
São João Evangelista,cidade,Virginópolis - MG,5,2026-08-20 07:00:00.000000,SUP
São João Evangelista,cidade,Dores de Guanhães - MG,5,2026-08-20 07:00:00.000000,SUP
São João Evangelista,cidade,Santa Maria do Suaçuí - MG,4,2026-08-20 07:00:00.000000,SUP
São João Evangelista,cidade,Paulistas - MG,3,2026-08-20 07:00:00.000000,SUP
São João Evangelista,cidade,Outra - OU,2,2026-08-20 07:00:00.000000,SUP
São João Evangelista,cidade,Aricanduva - MG,2,2026-08-20 07:00:00.000000,SUP
São João Evangelista,cidade,Coluna - MG,2,2026-08-20 07:00:00.000000,SUP
São João Evangelista,cidade,Serro - MG,2,2026-08-20 07:00:00.000000,SUP
São João Evangelista,cidade,Sabinópolis - MG,2,2026-08-20 07:00:00.000000,SUP
São João Evangelista,cidade,Cantagalo - MG,2,2026-08-20 07:00:00.000000,SUP
São João Evangelista,cidade,Dom Joaquim - MG,2,2026-08-20 07:00:00.000000,SUP
